replicate	assigned_gene
0	ADAMTS17,ARHGAP25,C4orf33,CD2AP,CERK,DAOA,DCN,DLC1,DPP6,DTWD2,EPB41L3,FAM98A,GADL1,GDNF,GRIK4,GRIP2,HS3ST1,HTR2A,ICE1,ISX,KLRC1,LMO7,LNX1,LRATD1,LRIG2,LUZP2,MAEA,NAALADL2,NFATC2,NSA2,NTM,PCNX2,PLXNA4,PTH2R,RGMA,SLC22A2,SMOC1,SYT17,TAMM41,TENM3,TERF2IP,TKT,TMEM163,TNIP1,TRDN,TRIB2,TSHR,TSPAN5,ZWINT
1	ADAMTS16,AK3,ALDH1A2,ANKRD55,ANTXR1,BMP3,CD207,CDC14C,CDH8,CIROZ,COBL,COP1,ENSG00000287734,FERMT1,GALNT3,HDGFL1,HECTD2,HSPB8,KCNS3,LIMCH1,LINC02934,LRP1B,LRP2,LRRC4C,LYPD6B,MBP,MYLIP,NSG2,OSBPL2,PDE7B,PLPP7,PLVAP,PPFIBP2,RAB3GAP2,RHOU,SEC61A1,SIGLEC10,SNTN,STK32B,STON1-GTF2A1L,STPG2,TBC1D5,TENT5A,THBS4,TLN2,TMEM156,TMTC2,TRAPPC11,WSCD2
2	ADARB2,ALX4,CDC14C,CDK6,CELF2,CGNL1,CNBD1,DNAH14,DOCK1,DSC3,ECHDC3,EFHC1,ERICH1,FHIT,GREB1,GUCY1A1,ID2,KCNT1,KIAA0319,KSR2,LANCL1,LARGE1,LINGO2,LPP,LVRN,MIR646HG,MRPL39,MTARC1,MYO3B,NCKAP5,NRP1,PCSK5,PEX5,PI4KA,PRKN,PTPRG,RASGEF1B,RGL1,RPL30,RRP1,SIPA1L3,SMIM12,SNTB1,SPCS3-AS1,SPOCK2,SYT1,UNC13C,ZNF385D,ZPLD1
3	ABCB5,ADA2,ADH5,ARAP2,C13orf42,CCL2,CDH11,CHL1,CHRM3,CNTN5,CNTNAP5,CPB1,CSRNP2,F2RL1,FAM135B,GPM6A,HYCC1,ITPR2,JARID2,KAZN,LHCGR,LRATD2,LRP1B,LRRC4C,MALT1,MAPK10,MGLL,MSX2,MYT1L,NRP1,NTM,PDE6C,PDIA4,PLA2G6,PLCG2,PPP2R5A,PRR16,PTPRC,RBFOX1,RGS1,SDK1,SLC9A9,SNAP91,TACC1,TAFA5,TMEM176B,TMX3,UMAD1,VWC2
4	ACO1,B4GALNT3,BRINP1,C1D,CCBE1,CLCNKB,CTSC,DCP2,DERL1,DMRTA1,DNM3,EFCAB2,ELAVL2,ELMOD1,ENSG00000287376,EPHA4,FAM110B,FERD3L,FTMT,FUT3,IGFBP7,IRS1,KDM1B,KLHL32,KLK15,LDLRAD4,LINC00343,LOXL2,LUZP2,MCPH1,MZT2B,NRXN1,NUDT12,OS9,PABPC4L,PDCD5,PRUNE2,PTPRM,PTPRN2,RBM46,RPS6KA2,SALL1,SLC12A7,SLC35F4,SYN3,TENT4A,TEX44,TRIML1,VWDE
5	AARS2,ADCY8,ADGRB3,AKR1C3,ANTXR2,ASNS,ATXN7L3B,BTBD3,C6orf118,CACNB2,CD300A,COPS8,CSMD1,ENSG00000229618,ENSG00000243305,ENSG00000272297,FAH,FMOD,FOXP1,GFRAL,GLRA3,GNG2,GPR137C,HTR5A,IPO5,JRKL,KCNT2,KRTAP19-8,LINC02241,LPIN1,LRRK1,MGAT5,MRGPRG,MSR1,NAV3,OLFM3,PCMTD1-DT,POLR2E,SAMD5,SCRN3,SLC44A3,SLITRK5,SORCS1,TMEM17,TRIM21,TTC28-AS1,UNC93A,ZNF486,ZNG1A
6	ABCC1,ACBD5,ADAM32,ADGRD1,AK4,ANO5,CDH2,CEP57L1,CYP11B2,DLEU1,DOK5,ELMO1,ENSG00000259363,EXO1,FER1L6,GABRB2,GABRG2,GCM1,HECW2,INPP4B,IRX1,LINC01275,LINC02055,LINGO2,LNP1,MARCHF4,MYRIP,NUAK1,NUBP1,PCDH7,PCED1B,PCSK2,PWWP2B,RBFOX1,RGS17,RUVBL1,SFRP4,SLC6A7,SOX2,TBX21,TCF7L1,TMEM132C,TTC3,TTC39B,WWOX,XXYLT1,ZNF596,ZNF816
7	ACSL3,ACTR3B,ANKRD18A,ARRB2,BANP,CAPN13,CHRM3,COTL1,DDX11,DOCK9,GPC5,GRIK4,GRM5,HSPA12B,KCNK2,KIAA1217,LARGE1,LDB2,LGALS9,MEIS2,MYOM1,NALF1,NETO1,NKAIN2,NLRP12,NPAP1,NYAP2,OLFM3,OPRK1,OTOL1,OTX2,PANX1,PARVA,PIRT,PITPNM3,PRKN,PTGER3,RNF32,SETD4,SETD7,SLC8A3,SOX5,SPRY2,TBX3,TMOD3,TOMM7,TRAV19,UFM1
8	ADGRL4,ANKH,ANKRD55,APOB,ARHGAP18,ARSG,BPNT2,CDC14C,CEMIP,CSMD1,CUBN,DDX55,DGCR2,DKK2,DOK5,DTNA,ENSG00000237378,ENSG00000286221,FREM1,GUCY1A1,HSPA12A,IGFBP3,IRX1,KHDRBS3,LINC02478,LY6E,MAT2B,MRPL13,NUP50,PDLIM5,PPFIBP1,PYDC2-AS1,RAB38,RBMS3-AS2,RHBDF2,RPRM,S100A13,SAMSN1,SCIMP,SNHG14,SORCS1,SPTBN4,STEAP4,TECRL,THBD,TLN2,TMEM132C,TRIM71,UROS
9	AADACL2,ABHD2,ACO1,ADAMTS15,ADAMTS5,AUTS2,BCL11B,CADM1,CDC14C,CDC42BPA,CPPED1,CYRIA,EIF2B5,ELP3,ENSG00000231156,ENSG00000287766,EOMES,ESM1,FAM90A26,GAD1,GOLGA6L7,GRIA4,HTT,HUNK,ISX,LAMC3,LRFN2,MPDZ,MYO1D,MYOM2,NAF1,PTTG1IP,RBMXL2,RHBDD1,RIMBP2,RPP30,SALL2,STK10,STK32B,TAFA5,TBL1XR1,TECRL,TMPRSS15,TNS3,TRIML1,TRIOBP,WRN,ZNF208,ZNF521
10	ACTL7B,ADAMTS15,ADAMTS5,ADRA1D,ALG10B,CBLN4,CDH9,CDKAL1,CNTN5,CTNNA3,CTNND2,CWC22,DAAM1,DAB2,DIPK2A,DPP10,DPP6,ENC1,ENSG00000267173,ENSG00000282278,ENSG00000285820,FSIP2,GRAMD1B,GSE1,KCTD12,LINC00458,LINC02164,LIPN,MDGA2,MYH13,NALCN,OR7C1,OSTN,PACRGL,PCED1B,PGCKA1,PLOD2,PTPRT,RNF32,SLIT2,SPRR2B,SRGAP3,TAFA5,TNP1,TSPAN18,TXNL1,VIM,VSTM5,WHRN
11	AKR1C1,ANO3,ANO5,ATG16L2,BCL11B,CBLN2,CELA3A,CLDN8,CNTNAP2,CNTNAP5,COX7C,DAOA,ENPP1,FAM78B,FLRT2,GRM7,ITM2B,JAZF1,LRATD2,MPC1,MRTFB,NCKAP5,NELL1,NRXN1,NUP205,PDCD6IP,POGK,POU5F1B,RPS6KA2,RPS6KC1,SCARA5,SCYGR5,SDK1,SERHL2,SERPINB7,SLC10A2,SLC8A1,SP110,STX7,TENT4A,TLL1,TMEM179,TMEM217,TNFRSF10C,TNFSF14,TTC13,TXNDC2,ZNF91
12	ACO1,ALG10B,ALK,ANKRD37,BABAM1,CALN1,CDH8,CKAP4,CSMD1,DAZL,DDX24,DUSP16,FAM43A,FSTL4,GDNF-AS1,GNPTAB,GRHL3,HAUS6,HS3ST3B1,HTATIP2,IRX4,JRKL,KLRB1,LINC02018,LINC02897,LRP1B,LUZP2,MAP9,MECOM,MED13L,MIDEAS,MYO1D,NDUFA10,NECTIN3,PADI6,PCDH7,PCSK4,PLA2G6,PMEPA1,POM121L12,PPP2R2C,PUM3,RBAKDN,SALL4,SORCS1,STMP1,TLL1,UNC13A,ZNF83
13	ADAMTS9-AS1,ADGRL2,ALCAM,ANKRD55,ARL8B,CAND2,CCDC88C,CDH18,CNTN1,COL6A3,CTNNA3,DDX60L,DSEL,EPHA5,FAM174B,GABRG3,GFPT2,GLI2,HHAT,HRCT1,HS3ST1,KCNJ2,KCNK9,KCNT2,LSM7,MX1,NPSR1,OBSCN,OLIG3,PAX2,PDE7B,RIPK4,RMP24,RNASE6,RNLS,RPS6KA2,RYR2,SDHAF3,SERPINI1,SGCZ,SLX9,SOCS6,SPATA17,SPRED1,STAT4,TMA16,TRAV8-1,WSB1,ZNF469
14	ABCC4,ACO1,ADARB2,ALAD,BMPER,BRCA2,BTBD10,CCDC178,CDH19,CER1,CNTNAP5,COL11A1,CSN2,DAB1,DDX18,DHX32,DLGAP2,DPP10,FBXO15,GALNT13,GAP43,GLIPR1-AS1,GYPC,HELT,HSBP1,KL,LCMT1,LCORL,LINC02055,LRRK1,MYZAP,PALS2,PDE1C,RPL39L,RYR3,SHH,SLITRK1,SQOR,STAT4,SUB1,TES,TMEM106B,TMEM132C,TPM4,TRPM8,UBE3B,WFDC3,ZDHHC11B
15	ACAP2,ADARB2,ALCAM,CALN1,CELF2,CGNL1,CREBRF,DMAC1,EGLN1,ENOX1,ENSG00000250390,FAM107B,FAM86B2,FOXO3,GUSBP1,GZMA,IGFBP3,ILK,ITPR2,KCNJ2,KL,LARGE1,LINC02432,LINGO2,MALRD1-AS1,MAP3K20,NLRP3,NOG,NR2F2,ONECUT3,OPRM1,PCLO,PDE3A,PDZRN3,PLCXD3,PRR16,RXRA,SGCG,SH3GL2,SLC8A1,SLIT2,SNRK,SULF2,TEAD4,TIMM21,TSPAN32,WFDC1,YWHAZ,ZP4
16	ADAMTS14,AGTRAP,ARHGAP20,ATXN7L1,CCER2,CCNG2,CNTNAP5,CPNE4,DRAM1,EDEM1,ENSG00000235122,ENSG00000264015,EPM2A,FLRT2,FRY,FSCB,GABRB3,GPAT3,GSTO1,GULP1,HGF,ID4,IER2,LIPA,LRFN5,MGAT5,MGMT,MSX1,MTUS1-DT,MUC20-OT1,MX2,NDUFA8,NRSN1,NTNG1,PAK5,PCDH15,PCDH9,PCSK5,PFKP,PSD3,PTGER3,RXRA,TBC1D4,TDRD3,TENM4,TMPRSS15,TRDMT1,WWP1,ZP4
17	ARPP21,BCHE,C8orf34,CNTN4,CNTNAP2,CRBN,CSMD1,DDX11,DPT,DSC3,ENSG00000197991,FAM20B,FAM246A,FAM50B,FER,GIMAP2,IADEN,IRX6,IZUMO3,KLF12,KLHDC7A,LIAS,LRRC1,MAGI2,METTL16,MUC19,NAALADL2,PLIN3,PRKG1,PRUNE2,PTPRE,PUM3,RARB,RDH14,SBSPON,SCAMP4,SHB,SLC12A8,SLC35C1,SMIM35,SPACA3,SSTR4,TACR1,TCERG1L,TMEM132D,TPM1,TRAPPC4,TSPAN11,ZNF302
18	AASS,ABCC3,ACCSL,ADRA2A,ANKS1B,ASB1,ATP6V0A4,C8A,CLN5,COL22A1,COP1,CRBN,CYP4F11,DIS3L2,EDEM1,F3,FLRT2,FOXN3,GAD2,GALR1,GARS1-DT,GREM2,HAS2,IRF2BP2,LINC01036,LINC02147,MASP1,MCPH1,MKI67,MYC,NALF1,NPAS3,PBX3,PDGFC,PFDN4,PFKP,PRKCH,RBMS3,RUNX1T1,SLC22A10,SLC39A10,TAFA5,TMEM132D,TRIML1,TRIP6,UBASH3B,UGT2B4,UNC5D,ZFAT
19	ABHD17C,ADGRF5,ATP10B,ATP1A1,CACNB2,CDH18,CFTR,CNPY1,CNTN5,COBL,COL22A1,CPA6,DCC,DGKB,DSEL,ENSG00000285283,ENSG00000286110,EPDR1,EPHX2,ETV1,FOXN3,FSTL5,GOLIM4,GPC5,GRIP1,GSTM5,HLCS,IFTAP,KMT2C,LINC00937,LUZP2,MDGA2,NAT14,NDUFB1,NTNG1,OTUD3,PLCE1,POTEC,PTPRZ1,RXFP2,SAA1,SGCZ,SNTB1,SRC,TARDBP,TES,TMEM132B,TPT1-AS1,ZNF652
20	ADRA2A,AFG2A,AGA,APCDD1,ARMC3,ATG10,B3GALT1,CCDC7,CD69,CDH11,COL24A1,CSMD1,CTIF,DLC1,ENSG00000259363,FAM98A,FCER2,FPGT,GOLGA7B,GPM6A,GRM7,IFNA1,KCNS3,MCPH1,NAV3,NELL1,NXPH1,PDHA2,PER3,PGS1,PTP4A3,RBFOX3,RGS2-AS1,RHOG,RIN2,SARAF,SMYD2,SNX10,SUCNR1,SVIL,TBCE,TP63,UBQLNL,USP12,VAV3,WDR41,ZC3H18,ZNF528,ZNF608
21	ADAMTSL1,ANKRD10,CCK,CDC73,CEACAM21,CERS3,CHIT1,COBLL1,CPNE4,CRISPLD2,CTNNA3,CTTNBP2NL,DAB1,DCAF13,DSPP,FAH,FLRT2,GLI2,HMGB1,HNF4G,KCNIP1,LILRB3,LRFN2,LRRC38,MEF2C,MGLL,MTUS2,MYO15B,MZT2A,NAALADL2,NTM,OOSP4B,PLCL2,PRKAG2,RAPGEF5,RGS2,RHOBTB1,RIT2,SALL3,SLC2A9,SNTG2,SRBD1,TAMM41,TBC1D22A,TBC1D9,TDRP,TGFA,TMEM200C,TMEM229B
22	ADAP1,ADGRE2,AGA,AMFR,APBA2,ARHGAP20,ATM,ATP2B2,CACNA1E,CDH9,CEP170,DAW1,EML1,ENTREP2,EPHB2,FOXG1,FOXK1,FRMD4B,FSTL5,GABBR2,GLIPR2,GPR158,HS3ST1,HUNK,KCNN2,KHDRBS3,KIAA1217,KIF2B,LINC01739,LPP,LYZL1,MAN2A1,MOGS,MYO5A,NEBL,PAQR5,PLCG2,PLOD2,PPP2R3C,PRDM13,PREX1,TENT4A,THBS4,TSHZ2,UBASH3B,VWC2,WDR72,XYLT1,ZNF816-ZNF321P
23	ADCY7,ADCYAP1,ADGRG7,ARHGAP42,ARRDC4,BMP2,C10orf90,C5orf15,CCRL2,CDC123,CDH2,CES1,CHCHD2,CIBAR2,CSF1,DACH1,DISC1,ELP1,ENSG00000240095,ENTREP2,FAT1,FOXN3,GABRB3,GLIS3,IFI16,INTU,KLHL2,MEX3B,NMRK2,NTAQ1,PABPC4L,PADI6,PDGFD,PPP2R2C,PPP4R2,RAB27A,RBFOX1,RNF6,RUNX3,SLC2A12,SNX18,SOX9,SPATA31D4,STX8,TPRA1,TSPYL6,ZNF648,ZNF740,ZPBP
24	ADAMTS1,ADARB2,AFF3,AKR1C3,ASB1,ATP13A4,ATP1A4,CARMIL1,CELF4,CIB4,CIDEA,CNTLN,CNTN5,CNTNAP5-DT,CPAMD8,CTNNA2,DDIT4L,DDX18,DENND3,DLGAP2,DYNLRB2,ERBB4,EXPH5,FLRT2,GSDMC,HLA-DRB5,IRX1,KCNT2,LINC02346,LINC02405,LSAMP,MICAL2,MRPS18C,OVOL2,PCED1B,PLAAT1,POM121L12,RGMA,SDK1,SEC23A,SLA,SLC19A3,SLC2A9,SPOPL,ST6GALNAC3,TRNT1,VPS13C,ZFPM2,ZNF507
25	AJAP1,ALCAM,BMPER,CCER1,CEP112,CLEC3A,CNTN5,COL18A1,COX16,CRBN,CUBN,CXCR1,CYLC2,DAB1,DCTN6-DT,DISC1,DSEL,ENSG00000285837,ENSG00000286110,ENSG00000288038,ENTHD1,FAM3D,FAXC,FBXL17,FMN1,GAS7,KCNA1,KDR,LINC00667,MX1,NET1,PDE8B,PIK3AP1,PRKAG2,PSCA,PUM3,PXDN,RASSF9,SH3BP4,SNHG15,SSTR4,TENM3,TLE3,TMEM114,TRPV3,VLDLR,VSTM2B,WDR41
26	ADGRL3,BNC2,BUD13,C6orf118,CCL20,CDC5L,CDH11,CDH17,CECR2,CXXC4,DPP6,ENSG00000272275,ENSG00000285524,FARP1,FECH,FKBP15,GABBR2,GOLM1,GTF2IRD2B,GTF3A,HACE1,HDAC4,HSD3B1,KCNMB2,LINC01968,LMBR1,LMF1,LPIN1,LRRK1-AS1,MIR646HG,MNMIP1,MTDH,RASSF9,RIPOR2,RP1L1,S1PR3,SEZ6L,SLC18A2,SLC24A4,SLC25A26,TAF8,TERF2IP,TOMM20,UBE3D,UNCX,WWOX,ZNF195,ZNF804A
27	ABCG8,ABHD4,ADCY8,ADIPOR2,ALDH9A1,AP3S2,ASIC2,ATP8A2,BDNF,C16orf95,CACNA1A,CBLN2,CDC123,CDH4,CER1,CFHR4,COPRS,ELP1,ENSG00000235281,EPHA7,FBXO33,FRMD6,FSCB,GABRB3,GABRG3,GALNT14,GALNTL6,GLIS3,GPC5,HLA-DRB5,HNF1B,IGHMBP2,LINC01338,LUNAR1,NCAM2,NRSN1,PACRG,PRDM9,PRR20A,PSMD7,PTPN14,RAB33B-AS1,RMDN2,SDK1,SIRPA,SLC1A4,SYNPR,TBC1D22B,USP25
28	AGA,ANKRD18A,BUB1B,CBLN4,CCDC148,CHSY3,CREB5,CTNNA2,DAOA,DDX24,DGUOK,EMCN,ENPP6,ENSG00000287646,ENSG00000289346,GCC2,GUCY1A1,KCNS3,LIFR,LINC02506,LRRC4C,MARK3,MEAK7,NAMPT,NPC1,NT5DC3,OASL,OLAH,PAG1,PCDH10,PCDH20,PRR23E,RBM19,REEP4,RGS20,SLC4A7,SMAD2,SMIM36,SNX16,TBC1D22A-AS1,TMEM184B,TPRG1,TRBV5-1,TRG-AS1,VAT1L,WNT5B,ZHX2,ZNF578,ZNF670-ZNF695
29	ABCC4,ACTL6A,BCL2L14,C17orf100,C6orf89,CADPS2,CBS,CLDN23,DSTN,DZANK1,EFCAB6,ENSG00000287516,FTH1,GADD45A,GRIA1,GRIN3A,GTF2E2,HLA-DQA2,HSPG2,IPO8,JARID2,KDM8,LINC02220,LRRC4C,MEGF11,METAP2,MSR1,MSX1,MTCL1,NEK2,NOS1AP,PIK3C3,RBFOX3,RGMA,SEM1,SHISAL1,SLC10A2,SLC36A2,SMARCA2,SNX9,SOCS6,TBXT,TKT,TNS3,TSNAX-DISC1,ZNF280B,ZNF385D,ZNF611
30	ADARB2,ADGRL3,AGBL1,AKAP11,ARHGAP25,CACNG4,CLDN23,CRIM1,CUX1,DOCK4,DPP6,ENSG00000237378,ENSG00000289427,FAM124B,GLIPR1L2,GLIS3,GP1BA,GPC5,GRIN2A,GSE1,GTSF1L,HRH4,KIAA1958,KRT4,KTN1,LDHAL6B,MAL2,MAN1A1,MIR646HG,MRO,MUC16,MYOM2,NLRP13,OTUD7A,PLEKHA2,PLRG1,PRKN,RAB6C,RAP1GAP2,REG3G,SETD3,SLC41A3,SPATA31C2,SRRM4,SUSD5,TET2,TMEM18,WDR5,XYLT1
31	AFAP1L2,ANKRD30BL,APIP,ASPH,BMP2,CCDC167,CENPA,CHRM3,CIBAR2,CMPK1,CYLC2,DDX18,DOCK10,DSCAM,EGFR,EPHA5,EYS,FOSL2,FRG2C,FRMD4A,GALNT18,HPF1P1,IRF8,MACROD2,MED30,MSH2,NEB,NKAIN2,NPAP1,PCDH15,PLEKHA1,PRKCE,RBM19,RGMA,RHOH,RP1L1,RPL15,SERPINB11,SGK1,SMARCA2,TPD52L3,TRIM5,TSN,TSPAN32,VWC2,ZFP64,ZNF525,ZPLD1
32	ACTL8,ADAMTSL1,ARAP2,BAX,BMP7,BNC2,CAMK1D,CRIM1,CTSO,CYLC2,DAOA,DAP,E2F8,ENSG00000267338,ENSG00000285751,EXOC2,FRA10AC1,FYB2,HEMK2,KLF12,KLHL29,LINC00887,LINC01081,LINC02828,LRRC4C,MAML2,MAP9,MCPH1,MCUR1,MPPE1,NALCN,NDFIP2,OR51E2,PMEPA1,PRDM8,PTH,SEC23A,SFRP4,SLC25A21,SNX2,TBC1D9,TMTC4,TNS1,TSPAN5,ZNF480
33	ANKRD44,ARHGAP25,CBLN4,CCK,CNTNAP2,COBL,COL4A1,CSMD1,DAGLA,DSEL,ENSG00000276672,ETV6,FHL2,FN1,FNDC3B,GPA33,GRIN3A,HTRA1,IGSF21,ING3,JAKMIP3,KRR1,LHPP,MYO18B,N4BP2L2,NALF1,NETO1,NR2F2,PLCB1,PLXDC2,PSMG4,QKI,RAB38,RAI14,REG3G,RGS16,RNF32-DT,RSPH9,SAR1A,SLC16A9,SLC24A2,SLC25A25,SLC39A12,SLITRK6,SMIM23,TMTC2,TPTEP2-CSNK1E,VLDLR,ZNF30
34	ANKS4B,APBA2,ASB3,BCL11B,BMPER,CCDC40,CCDC85A,CD70,DGLUCY,DIRAS2,DYSF,DZANK1,ENSG00000289271,ENTPD3,ERAP1,EYS,FAM3D,FOXB1,FOXF1,GOT2,GRIN2A,HGF,HHIPL2,HUNK,LINC00963,LINC01547,LMO4,LMX1A,LSAMP,MC4R,MED6,MLPH,MN1,OLFM3,PBX1,PCDH18,PCED1B,PEX5L-AS2,PKDCC,RUBCNL,SLITRK1,SMIM1,SORCS1,TCERG1L,TRAM1L1,UBE3C,UNC13C,USP43,XKR4
35	ACO1,ADCY8,AKAIN1,ALG1,ATF3,CADPS,CDH11,DDX11,DPH5-DT,ENSG00000286796,EYA1,FBN1,FERMT1,FHDC1,FRMD3,GPR45,GTF2IRD2B,HUNK,IRS2,KCNH7,KLF14,LINC01629,LUZP2,MEI4,NEDD4L,NMI,NOS1,NRBF2,PALS2,PCDH7,PCNX2,PDE4B,RBFOX3,RGMA,RGS1,SCML4,SIRPG,SMAD7,SMARCA2,ST8SIA2,TAMM41,TBX18,TECRL,TENM4,TMEM132D,TRPA1,VWF,WFDC12,ZP4
36	AKT1,ARHGAP44,BANP,BCAS1,C18orf54,CDH10,CYP4F12,DAB1,DUT,EDARADD,ENSG00000286896,ERCC6L2,FAM86B1,FRMD4B,GNG4,GSDMC,GUSBP18,HBP1,IRX1,JAZF1,KCNIP1,KLHL5,LRFN5,LUZP2,MATN1,MEPE,MGAT4C,NELL1,NXPH1,PDE5A,PF4V1,PIGQ,PLA2G2C,PLAC8,PODXL,PSG7,RBM46,RBMS3,RERG,RNF216,RYR2,SLC25A21,SMO,SYNM,THY1,TRIT1,TSNARE1,USP12,ZNF320
37	AADAT,ACRV1,ARAP2,BNC2,CAMK1G,CDK17,CLINT1,COL6A3,CXCL12,DLGAP1,DLX6,ECI2,EGFLAM,ENSG00000261722,ENSG00000271843,ENSG00000283563,FAT4,GFRA2,GLT1D1,GOLM1,HDHD5,KCND3,KCTD15,KDM4C,KSR2,MAFB,MRPL39,NCAM2,NDUFA10,NELL1,OTOR,PCSK5,PTPRD,RAB38,RFC3,RGMA,RNF32,SNX29,SURF6,TIAM1,TMEM45B,TRAPPC9,TUT7,TYW1B,UBE2QL1,WAC,WHRN,XPO4
38	AKR1E2,BMS1,C6orf118,CADPS,CDC5L,CEACAM18,CFAP144,CGNL1,CNTNAP5,COL23A1,CSMD1,CSNK1G3,DOK6,EFNB2,EPHA5,EYA2,FRMD4B,GALNT18-AS1,GMNC,GPAM,GSTA4,ISCA1,ISOC1,KAZN,KCNMA1,KCNT2,LHX5,LINC02752,LSM14A,NAALADL2,PLXDC2,PPP1R3A,PRLHR,PSD3,PTPRM,PWRN1,RAD18,ROBO2,SEPTIN9,SETBP1,SMAD6,SPHKAP,ST8SIA1,TFIP11,TMEM212,TMX3,TSPAN15,TTN-AS1,TXNL1
39	C8orf34,CBX7,CFHR1,DOK5,ENSG00000253634,EXO1,FAM135A,FGFBP2,FGL1,FSCB,GALNT8,GAS2,GP1BA,GTF2H2,IGFBP7,KCNT2,KIF12,MANSC1,MS4A4E,MZT2A,NOS1,OPRK1,OSTN-AS1,PI16,PLSCR5,POSTN,POU1F1,PRDM9,RAB31,RBFOX1,RFC3,RFLNA,RGPD4,RYR2,SLC35F3,SLCO3A1,SNX18,SPDYE21,SPRY2,SRBD1,STIM2,SYNPR,TCERG1L,TUSC3,UNC13C,VGLL3,XKR4,ZBTB7C
40	ADGRB3,ADTRP,ARRDC4,ASPH,C16orf82,C4orf33,CACNA2D3,CALN1,CARS2,CCDC59,CCSER1,CDH11,CNTN5,CST3,CTIF,DHCR7-DT,DIRAS3,DSEL,DTWD2,E2F6,EBF1,EDEM1,EGLN3,EIF2AK1,EN2,ENSG00000253374,EPSTI1,FHIT,FOXRED2,FRAT1,FREM1,GGTLC1,HBG2,KCND2,KIT,MARCHF1,MYO16,NCAM2,OMA1,PARD3B,PCMTD1,PKD1L2,PPP4R3B,PRAMEF11,PTPRD,RERGL,RGS4,TBX5,WDR11
41	ABCB11,ADM,ALPL,ARHGEF5,ARID1B,ARL5B,ATP9B,BDKRB2,BRINP1,CAMK1D,CC2D2A,CCZ1B,CD81,CDH4,CDON,CHORDC1,COPS9,CSMD1,DAB1,ELFN1,ENSG00000230303,ENSG00000285901,FAT4,GALNTL6,GAPVD1,GPR139,GPR149,HACE1,HSD17B2,IL2RA,INCENP,KCNK9,LINC03000,LMCD1-AS1,LPP,METTL15,NDUFA12,NEK10,PACRG,PMP22,PRKG1,RPS6KA5,SEMA3A,SLC25A21,SPOCK3,TENM4,TSNAX-DISC1,TSPAN5-DT,ZNF639
42	ABHD12B,ADGRA3,ADGRD1,ATOH1,BCL11A,CALM2,CCZ1B,CDON,CLEC12A,CRIM1,CTNNA3,CYLC2,DPP6,ENSG00000226829,ENSG00000258539,FBXW7,FECH,FHIT,FMO3,FRY,GMNC,GPD2,IRX1,ISG20,JAG1,KCNE4,KRTAP19-8,LOXHD1,LRFN2,MGMT,MKI67,NCAM1,PLEKHG1,PRKD2,RBFOX1,RBM43,RFX3,RIT2,SAXO1,SMCHD1,SNTG2,SORBS2,SYNDIG1L,TEX51,TP63,TSPAN32,VDAC3,WDR59,ZNF620
43	AADAT,ADCY2,ANKRD55,ATIC,ATPSCKMT,BUB3,BUD13,CCDC85A,CDC14C,CDH18,CHRM3,CRIM1,CYP1B1,DEFA5,DNAH3,DOCK9,EIPR1,ENSG00000253678,ENSG00000284686,FSTL5,GPR158,HACE1,IGFBP7,LARGE-AS1,LINC00299,LRRC4C,MAF,MAFB,MARCO,MICAL2,NCAM2,PAQR9,PLD5,POU2AF1,PPP1R1C,PPP1R21,PWRN1,RNF216,RPP30,SERPINB9,SLC22A2,SPTLC1,STXBP5-AS1,TAFA5,TSHZ2,USP22,UTP23,WNT4,WWOX
44	ADAMTS20,AFDN,AMY1C,ANKRD18A,BTBD2,CCNG1,CHSY1,CNTN5,COCH,COL14A1,COL4A4,CWF19L2,CXCL2,DKK1,DOK5,ENSG00000269825,FARS2,GAL,GALNT14,GATA3,GRM7,HAO1,HIVEP3,KCTD12,KTN1,MCPH1,MGAT4C,PLXNA4,PRELP,PRKN,PSD3,PTH2R,PTPRM,RAP2A,RBFOX1,RGS6,RSPO2,SERPINB8,SLC22A23,SLC25A26,SLC29A3,SLC39A11,SNRPN,SPHKAP,ST6GALNAC2,USP25,VWA3B,ZFAT,ZMAT4
45	ADGRA3,ANKRD24,BNC2,CACNA1C,CARMIL1,CD83,CLRN1,CNTN4,DAB1,EPC2,ERC1,EXT1,FAT1,FHIT,GALNTL6,GLRX3,GRIP1,GRXCR2,HS6ST1,HUNK,ILKAP,KCNN3,KLF6,LINC02132,MLLT3,NFASC,NFKB1,NPHP4,NXPH1,OPCML,OR9K2,PDXK,PJA2,PTPRM,RALB,RASSF2,RNASE1,SCYGR8,SEMA4D,SGCG,SRCIN1,ST6GALNAC5,STPG2,SV2C,TMEM114,TMPRSS2,TRIM35,VCAN,ZFHX4
46	ADAMTS5,ADAMTS9,AGBL1,CAST,CCDC9,CD44,CDH19,CDH8,DPP6,EGFLAM,EPHA5,EVA1C,FGL2,GABRB2,GBA3,GLI2,GPR78,HDAC4,IL1RAP,LPA,LRFN2,MTFR1,NAV2,NCAM2,NOS1,NXPH1,OR4K17,OSGEP,PLA2G4A,PRICKLE2,QKI,RAB12,RIN2,SLC1A3,SLITRK1,SMC2,SORBS2,SPAG7,ST8SIA3,STIM2,TAFA2,TEKTL1,TENT5A,TEX48,TLN2,TMEM132B,TSKU,VTI1A,ZFAT
47	ADARB2,ADGRB3,AGMO,ALDH1L1,ARID1B,ATP2C2,CACNA2D4,CMIP,CTSB,DOCK10,ESRG,FLT3,ISOC1,LETR1,LINC02614,MAP3K5,MARK3,MCAT,MOGS,MRPL39,MYLIP,NCAM1,NCAM2,NOX3,NPL,NSG2,NUCB2,PCDH7,PFKP,PKN1,PLD5,PMEPA1,RSU1,SNRK,SNRNP48,SNTN,SV2C,TAL1,TAMM41,TMC2,TMEM260,TMEM51,TNS3,TTYH2,USP25,ZBTB7C,ZMYM1,ZNF80,ZWINT
48	ADCY2,ANXA3,ARMH4,BDKRB2,C1orf94,C4orf33,CAB39,CACUL1,CCL23,CDH20,CDH6,COX7C,CXADR,DPP6,EDEM1,EEPD1,ENSG00000259133,ETS1,FRG2C,GRIK1,GUCY1A1,HCLS1,HS3ST1,KIF4B,KLHL1,LPIN1,LPP,LRIG1,MAML3,MCF2L2,MCTP2,MYO16,NAALADL2,NUDT12,PCDH15,PRR20G,SLCO3A1,SLIT3,SLITRK1,SLITRK3,SPTLC3,SYNPO,TAGLN3,THBS2,UBE3C,WDSUB1,XYLT1,ZNF85,ZNF98
49	ADCY2,ADRA1A,AGA,AGBL1,ALCAM,ANO3,ARSB,ASIC2,ATP6V1H,BMP4,C7orf33,CADPS,CCDC3,CDH6,COTL1,DNAJB9,ENC1,ESM1,ETAA1,FAM246A,GALNT13,GRIN3A,IRX4,KIF20B,LYNX1,MCPH1,NSA2,NTRK1,OPRM1,OR13C5,PCDH18,PCMTD1,PKHD1,PRKG1,RPL21,RRM2,SLC7A2,SLIT3,ST3GAL6,TCL1A,THUMPD2,TIAM1,TMPRSS15,TRAV24,TRIM24,TYK2,UBASH3B,VOPP1,WRAP73
50	ASIC2,CELF2,CHST9,CLEC3A,CLIP2,CNTN5,COBL,CRELD2,DPYD,DYNAP,ENSG00000276627,ENSG00000287992,EVA1C,FANCL,FUT8,GALNTL6,GAS7,GRHL2,HNRNPUL1,KAZN,KIF6,LAMA2,LGI2,LY6K,MACROD2,MAL2,MEIS2,MIR3147HG,MPHOSPH6,NCAM1,NR2F2,NSMCE4A,OSBPL10,PCMT1,PLCB1,POLM,PPIA,PRDM12,RAB20,SLA,SMARCA2,SOCS6,STK32B,TBC1D4,TBCK,TCEA1,TNFRSF11B,TYRP1,USP12
51	ADGB,ANO6,ARRDC4,ASRGL1,AUH,BAMBI,CACNG2-DT,CAPN2,CELF4,CEP112,CFAP77,CMIP,DNAH17,ETS1,FAM135B,FRMD3,FRS3,GATA3,GMDS,GPR139,IGF1R,KCNIP1,LINC01058,LINC01980,NAP1L4,OSTM1,OTOP3,P3H2-AS1,PAX7,PCDH10,PCDH9,PON2,PRDM9,PTPRT,PUM1,RARB,SALL3,SAMD12,SEPTIN7P2,SGCZ,SHH,SLC7A5,SOSTDC1,TRIML1,UNC5D,ZC3H11B,ZDHHC14,ZFR2,ZP4
52	ADARB2,ANKRD27,ARAP2,ARHGAP29,ARRDC4,ART5,CACNG2,CENPP,CFAP161,COL5A1,CSMD1,CUX1,ENSG00000285771,FARP1,FAT4,FLRT2,HHAT,KLF4,KRT80,LINC02128,LMO4,METTL4,MPHOSPH6,MRPL48,MYO1B,NAGK,NR3C1,OPN5,OR4K17,PID1,PIK3C3,PLAAT1,PNKP,PRKCA,RASEF,RASGEF1B,RGPD3,SIK1,SLC1A6,TAMM41,TBX18,TNFRSF1B,WDR1,WDR11,WNT5A,ZDHHC14
53	ACSL3,ADAMTS5,APOLD1,ARPP21,B3GALNT2,CBLB,CELF2,CHSY3,CLNK,CNTN5,COL16A1,CORO7,CTNNA2,DNAH5,ENSG00000259280,ENSG00000285269,FAH,FOXO1,GJA3,GOT2,GRM7,LGALS9,LGR4,LRP1B,ME2,MYOCD,NDST3,NFIC,NR2F2,PDE7B,PROX1,PSD3,RGS13,SBF1,SGCZ,SH3BP4,SLC36A1,SLC39A12,SOX11,SYNDIG1,SYNPR,TDRD15,TMEM220,TPK1,TRIM24,TRMT9B,UROS,XKR4,ZBTB1
54	ABLIM2,ADAMTS10,ANKRD7,ANXA3,ASCC1,ATP2B2,ATP6V1E2,C1orf87,CARMIL1,CCDC179,CEP112,CNTNAP2,CRIM1,DSEL,DUS3L,ELAVL2,FAM241A,GADD45G,GAS1,HTATIP2,ICE1,IGLJ6,IRX4,LINC02362,LINC03124,MTIF2,NELL1,OCM2,OPCML,PARD3,PGLYRP3,PLXNC1,PMEPA1,POM121L12,PTPN18,RB1CC1,RNASE6,RSPH10B2,RYR3,SLC1A4,SLC4A4,SMARCE1,SPATA31E1,ST7,ST8SIA2,TBX19,TECRL,TFPI,WDR72
55	ADAMTS16,AFAP1,AMY1C,BOC,CBLB,CCSER1,CDH7,CEP104,CHI3L2,CHST9,COPRS,CSGALNACT1,CTU1,DDX60L,DPH6,EIF2AK3,ENSG00000288985,EPRS1,ERCC4,FAM50B,FOXN2,GJD2,GRM7,H3Y1,HHIPL2,IRX2,LAMA1,LIPC,LITAF,LRATD1,LRATD2,LRRC4C,MACROD2,MDFIC2,MFN1,MGAT5,NIPAL2,NTM,PRMT6,QKI,RBPMS,RNASE6,SEC61G,SLC6A5,SNX10,SYT1,TAS2R1,TNS3,TRPS1
56	ALOX5AP,CARMIL1,CCDC179,CDH2,CDH4,CDH7,CLNK,CST2,CTNND2,DLX6,DMBT1,DNER,ENSG00000261451,FSTL5,GRM7,HAPSTR1,HEMK2,HSD17B4,KLHL1,LDHB,LURAP1L,MBP-AS2,MC2R,MGLL,MKRN1,MLLT3,MME,MTG2,PAWR,PCDH7,PIGL,RGS5,RWDD3,SDK2,SETMAR,SNX31,SORCS2,SPDYE21,SPPL2A,STPG2,TBX1,TENM2,TENT4A,TMEM132C,TMEM132D,TOMM20,TUSC1,XYLT1,ZNF385D
57	AMY1C,AUH,BMP4,C8orf90,CCDC68,CELF2,CNTNAP2,CNTNAP5,CUBN,DPP10,ENSG00000237342,FOXF2,FRMD4A,GAS2,GLDC,GLIS3,GPR137B,HELB,HS3ST1,IADEN,JRKL,KCNC1,KCNH7,KCNJ16,KRCC1,LMO7,LPIN1,LRATD1,MPHOSPH6,MYO9B,PABPC4L,PCDH15,POMP,PPARG,PRAMEF18,PRR20A,RCL1,RNASEH2B,SCARB2,SEMA3E,SEMA6B,SOCS6,STX8,TARS1,TFAP2A,TRIM36-IT1,ZDHHC20,ZNF615,ZWINT
58	ADARB2,ARRDC3,ASB7,CDH4,CTBP2,DOCK1,DROSHA,ENSG00000237378,FLI1,GABRG1,GPD1L,IFI16,INPP5D,KCNMB2,KDM4C,LRATD1,LRRC4C,LZTS1,MACROD2,MGMT,MUC16,MYO1B,NAGK,NETO1,NKX6-1,NRXN1,NRXN3,PCDH15,PGS1,PIWIL1,PLEKHA7,PRSS23,PTPRD,RGPD1,RPL10L,RPS6KA1,RXRA,SERP2,SLC25A37,SOSTDC1,SST,TMEM131L,TRIB2,TSNARE1,TTC3,VRK1,WDR11,WWOX
59	ADAMTSL1,AMY1C,BMP2,C21orf91,C6orf118,CBLN2,CSMD1,CTSV,CYLC2,DGKB,DLG2,DNAJB9,DPP10,EMX2,ENSG00000262198,ENSG00000266369,ENSG00000289540,FLRT2,GBE1,GOT2,GPR31,GRB10,GUCY1A2,HNRNPA1L3,KCNT2,MAP3K4,MTPN,NCOR2,NEBL,NFE2L2,PDE3A,PLOD2,PNPLA3,PRB2,PRKRIP1,SFMBT2,SGSM1,SLC10A2,SPRR2F,STOX2,TNS3,TTC4,TUB,TUNAR,UBE2D4,UNC5CL,VSTM2A,VWA5A
60	ABCA1,ABCC1,ACP3,ADAMTS16,CCDC61,CEP126,CFTR,CHRM3-AS2,CHST11,CNTNAP5,CPO,DENND5A,ENSG00000224091,EPB41L3,FAM135B,FAM153A,FLT3,GLIS3,HS3ST3A1,KIF2B,KLHL9,LDLRAD4,LHX8,LMO7,MAB21L3,MCCC2,NECTIN1,OSBPL3,OXT,PELI2,PITRM1,PVT1,RBL2,RFX2,RPS6KA5,RSPO3,RTP4,SCTR-AS1,SDK1,SGCZ,SH3BP4,SH3RF3,SYCP2L,TGFBR2,TLR2,TRPM2,WWOX,ZNF385D,ZPLD1
61	ADCYAP1,AGT,ATXN1,C2CD2,CCNG2,CEP55,CMIP,CNOT7,DIRAS2,DUSP18,DYNC1I1,EFR3B,FAM246A,FKBP1C,GABRG2,GALC,GRB14,INHBA,KLKB1,MALT1,MIPEP,MOK,MSX2,MYO16,NBPF3,NDN,NDUFA12,NFIB,NKAIN2,NOVA1,NPIPA8,PCDH7,PCED1B,PPP1R26,PRKG1,PSD3,RDH13,SH3YL1,SIRAL2,SIRPG,SLC26A3,SOX5,SPOCK3,STX8,SYT4,TLL2,ZFP64,ZNF684,ZP4
62	ADARB2,BLK,BUD13,CDH19,CSMD1,DIPK2A,DPP6,EEFSEC,EGFLAM,ENSG00000287544,ERI1,FAM98A,FMN2,GRAMD1B,GRIN2A,HECW1,HS3ST1,ITGA4,KDM4C,LHPP,LINC00299,LRP1B,MAP2,MARCHF1,MAVS,MICAL2,MICAL3,MINAR1,MRPL39,NOL9,NTNG1,PCDH20,PLD5,POU3F2,RAPGEF1,RORA,SERPINB8,SLA,SLC28A1,SLCO3A1,SMPDL3A,STIM2,STK32B,TRIB2,TSN,WT1,ZBED11,ZNF37A,ZNF432
63	ABCC1,ADGRL3,AJAP1,ATG7,AUTS2,CARTPT,CHST1,COL13A1,COL26A1,CTNNA2,DPP10,ENSG00000288712,FAT1,FBXO33,FOXB1,GALNT18,GOLGA6L7,GRM5,HS3ST3A1,IRX1,KLF4,KLRB1,LIN54,LINC01320,LRATD1,LRPAP1,LSAMP,MYT1L,NLRP3,NTF3,PCDH15,PCSK5,PDE4B,POTEB3,POU3F1,RBMS3,RIBC2,SLC2A9,SLC38A8,SLC6A11,SLITRK1,SNTB1,ST8SIA2,TAS2R16,TG,TMEM170B,TMPRSS15,TRBV11-2,TRIB2
64	ADCY2,ALDH1A1,C13orf42,C8orf34,CCDC78,CDC73,CDH8,CDKN2B,CMIP,CTNND2,DERL1,DMRTA1,DNAJB6,DPP6,DSEL,ELMO1,ENSG00000269825,EOGT,FOXC1,FSCB,FZD10,HAND2,HS1BP3,HSPA12A,KAZN,LEKR1,LINC01515,LYPD6B,MANEA,MCTP2,MMP16,MYEOV,NOS1AP,NPY1R,NUAK1,OTOL1,PNMA8B,PNPLA6,PREX1,RBM24,RBMS3,RESF1,RNF38,SHISAL1,SMIM31,SPINK4,STOX2,TFAP2A,TTC39B
65	ADAMTS16,AGA,ATP9B,BPIFB2,CDH18,CEMIP,CHRNA7,CLRN3,CNTNAP2,CRIM1,DPP10,ELP5,ENSG00000273167,ENSG00000276529,FARS2,FAT1,FBN3,FSCB,GABRG1,GPC5,GRIN3A,HERC2,HK2,KDM4C,LINC01980,LMO7,LYPLAL1,MBL2,MORF4L1,MTMR2,PCDH15,PTPRD,RCAN1,RGS10,RNF144A,SDHAF3,SEMA3C,SLC22A3,SMARCE1,SPATA31C2,SPTLC1,SULF1,TWIST2,TYRP1,USP48,UTS2B,ZNF492,ZNF648
66	ABO,ACBD5,ADAMTS9,APBB2,ASIC2,ASTN2,C6orf118,CASP1,CCDC124,CERS6,COL23A1,DHTKD1,DLGAP2,FLRT2,GFRA2,GPLD1,HS3ST3A1,HS3ST4,IRS2,KAT14,KCNS3,LAMA1,LINC03078,LRRTM4,MAGI2,MBP,MFSD6L,MIR3147HG,NAALADL2,NTF3,OSTF1,PARP9,PIK3C3,PPP1R1C,PPP5C,RAB11FIP4,RINT1,RPS24,RTN4R,SDC1,SLC39A10,SLC8A1,SYT9,TAFA2,TMEM26,USP10,UTP20,VNN1,ZNF608
67	ADAMTS16,ANTXR1,BCAS1,BTLA,CALN1,CCDC71L,CDH2,CDK5RAP2,CPN2,DBN1,DLC1,DNAH9,DOK6,DPP6,DSEL,ETV3,GPR137B,GPRC5C,GRIN2B,HLA-DRB5,ITGA11,JAZF1,KDM4C,KRTAP11-1,LPP,LTBP4,MPPED2,PCDH7,PDE1C,PHF14,POLR2M,PTBP3,PTH2R,PTPRD,RNASE4,RNF145,ROBO3,RP1,SACS,SEC61G,SEL1L3,SLC39A11,SLITRK5,SOX5,STK39,TRIB1,TTC7A,VWC2L,WDR17
68	AP3D1,ARHGAP28,ASTN2,BANP,C1QC,CCT8L2,CDH12,CHST9,CNTN4,DGKG,DUSP10,EDNRB,ELAVL2,ENSG00000267564,EYS,FHIT,GC,GFRA2,GPAT3,IRX6,KLRC2,KSR2,LAMA5,LRRC4C,LYRM2,MAGI2,MAP3K8,MCTP2,MRPL39,MTG2,NAMPT,OSBPL6,PLEKHG7,POU3F1,PRDM1,PTGES,PTPRN2,RBFOX1,SESN1,STIM2,SULF2,TRIML1,TWIST2,WDR36,ZFYVE28,ZNF737
69	ADARB2,ADCYAP1,ADGRG6,ANKRD40,ARGLU1,ASNS,CACNA2D1,CBLN4,CFAP77,CNTN5,CRMP1,CTSZ,DAB2,DRC1,EDEM1,ENSG00000289710,EYS,FRMD4A,GATA3,GRIK4,GTF2B,HEPHL1,HS6ST1,LMCD1,LRP1B,MIR4435-2HG,NEBL,NLRP13,OAS1,OLFM4,PBX1,PCDH7,PCSK5,PLCB1,PLXDC2,POU3F2,QKI,RBMS3,RMDN2,SLC30A10,SPCS3-AS1,STMP1,SYNDIG1,SYT9-AS1,TMEM132C,TRG-AS1,TSPAN9,TUSC1,TYRP1
70	ADAMDEC1,ADGRD1,ADGRL3,ASAH1,ASAP1,ATP1B1,B3GLCT,BICD1,CABP1,CACNA1E,CDH2,CISD1,CTNNA2,EDEM3,EDIL3,ENSG00000227718,ENSG00000229642,ENSG00000236854,FEZ2,GADL1,HIF3A,IL1RN,ITGB8,KIF2B,LGALS3BP,LINGO2,MKI67,NECTIN3,NHLRC2,PAH,PARVB,PLA2G4A,PLOD1,POLG,POTEG,PTPN1,RIMBP2,RPS23,RSL24D1,SEMA5A,SI,SMAD6,TBC1D4,TNS3,TRIB1,TXN,VEZT,ZFP64,ZNF783
71	ABTB2,ADCY2,ADGRL3,ANXA10,BUD13,C12orf75,C8orf34,CCDC66,CDH8,CRMP1,CRYL1,CSMD1,CST9L,DELE1,DGKH,DOK6,ENSG00000285082,EYS,FHIT,FRMD4A,FRRS1L,FUT8,GSE1,LUZP2,M6PR,MARCHF1,MCTP2,MFGE8,MTHFS,MYO16,NUDT7,OSBPL10,PALLD,PCDH15,PINX1,PPDPFL,RWDD3,SCYL3,SLC4A4,SLC8A1,SNTG1,STX16,SUCLG2,TAS2R16,TENM3,TMEM114,TMTC4,TRAM1L1
72	ACSBG2,AEBP2,ALK,AP1M1,APOLTP,ARRDC4,CD300E,CRTC3,CTNND2,DOCK10,ENSG00000276007,ENTPD4-DT,EPHA5,ERCC6L2,FGF20,FOXP1,GABRG2,GRIK3,HAO1,KARS1,KCNK10,LCMT1,LINC00408,LYZL1,NFIB,NRXN1,NUDT7,ORC3,PGPEP1L,PLAUR,RAB28,RND3,RORB,RPS6KA2,SALL4,SERPINB8,SGCZ,SHISA3,TBC1D14,TENM4,TMEM132C,TNIK,TNS3,TOX3,TYRP1,VWC2,WNT5A,ZNF385D,ZNF804B
73	AGAP1,BOD1,CAPN13,CDH20,CDKN2A,CFC1,CNTN5,COLEC10,DDX18,DSC3,ENSG00000230333,FAM3C,FAT4,FKBP15,FTMT,GBX2,HAGH,IPO5,KBTBD11-OT1,LMBR1L,LPP,LRFN5,LY86,MARCHF1,OPRM1,PARD3B,PARN,PARP14,PLA2G2C,PLXNA2,PPA1,PRR16,PSAT1,PTPN3,PTPRD,PTPRM,RBM46,RPUSD4,SDK1,SFXN1,SIX2,SLC26A7,SLC37A3,SLC7A2,TECRL,TENT4A,TMEM44,UBE2V1,WIPF3
74	ADAM2,ADARB2,ADCY5,ADGRL4,AKAP1-DT,ALX4,APBB1IP,ARL4A,CACNA1C,CAMK4,CCSER1,CDH9,CELF2,CYB5R2,DIRAS2,DLG2,DNAJC11,DRC1,ECT2L,EDEM1,ESRRB,FOXF2,FRMD4A,GRID2,GRIN2D,HACE1,HAPSTR1,IGLL1,ITGB3BP,LINC02422,LRP2,MAPT,MYOCD,NDUFV2,NFIB,NLRP5,NPAS2,ONECUT2,PATJ,PGS1,PLD5,PRKCH,PROX1,PTPRD,SCD5,SLC27A6,TBX18,TRAM1L1,WASF3
75	ABR,ACTR3B,ADCY5,ADGRL2,ATP10A,BABAM2,BRINP3,CDH11,CDH13,CEP170B,CSMD3,DISC1,ENSG00000233974,ENSG00000257398,ENSG00000272942,GALNT14,GNAI1,GRIN2B,HSBP1,LARGE1,LINC00571,LINGO2,LRRC7,LRRTM4,MLLT3,MPP7,NSUN2,PGS1,PIK3C3,PRKCH,PRKN,RNF144A,ROCK2,RUNX1T1,SGCZ,SP110,STC2,TACR1,TENM3,TEX29,THBS2,TMEM132D,TUSC3,VAV2,VRK1,ZIC1,ZNF195,ZNF648
76	ACRV1,AIPL1,ANKRD26,CABP1,CALCRL,CLMN,CRIM1,DOK5,DPH5-DT,ENSG00000204850,ENSG00000282278,ENSG00000286211,ENSG00000288106,FSTL5,GCG,GPA33,HHIPL2,IL15RA,KHNYN,MTRR,MXRA7,NAMPT,NFKBIZ,OLMALINC,PDGFC,PLA2G4A,PLEKHG1,POTEC,PRP4K,PRR5L,PTPRD,QDPR,RGS5,SDK1,SIDT2,SIGLEC12,SLC1A2,SLC35B4,SLC39A11,SSTR4,STAB2,TMEM108,TMEM132B,TMEM179,TRIB2,TRIO,VAV2,ZBTB7C
77	ACOXL,API5,ASAP1,AUTS2,C2CD2,C7orf25,CACNA2D3,CAMK1D,CCDC112,CDYL2,CHORDC1,CTXND1,DAOA,DPYD,DRD1,DYNLT1,EFEMP1,ENSG00000249782,F5,FAM135B,FBXO7,FOXP1,H3Y1,IGFBP3,LINC02028,LIPC,MGAT5,MKI67,MT2A,MYC,NSUN3,NUP88,ONECUT3,PCDH20,PLEKHA1,PRKAG2,PRR16,PYHIN1,RASGRP1,SLC4A3,SNTG2,SNX16,SULF1,TENT5A,TLL1,TUSC1,ZNF350,ZNF37A,ZNF444
78	ADAMTS15,ADGRL3,AJAP1,ANKRD18A,ASIC2,BMP6,CCDC188,CRK,DCHS2,ENSG00000248262,ENSG00000262172,ENSG00000288985,EZH2,FAN1,FSTL5,GRIN2A,GRM7,GRWD1,HK2,HLF,IRX2,IRX4,JARID2,KLF6,LINC00667,MAN1A1,MDGA1,NMBR,NR5A2,NRXN3,OSBPL1A,PCDH15,PTPN5,RFX7,RPTN,SEC61G,SEMA6A,SIGLEC12,SLC1A2,SLCO1C1,SMARCB1,SNX19,SORBS2,SOX9,THSD7B,TMX3,TRIM2,XIRP2,ZNF331
79	ACO1,AJAP1,ALOX5AP,BAIAP2-DT,BNC2,C6orf118,C8orf90,CAPN13,CHST3,COL22A1,CSMD1,CTNND2,DCAF6,DDX60L,ENSG00000215156,EYA2,EYS,FAM135B,GALNT17,GATA3,GINS2,GPAT3,HTR1B,MCTP2,MTHFS,NEDD9,OTOGL,PAK5,PCLO,PID1,PINX1,PIP4K2A,PKHD1,PTPN14,RAB37,RBFOX1,SCNN1A,SEC61G,SLC35F4,SMYD3,ST6GALNAC3,STAT4,TMEM190,UBE2E3,UGT3A2,VAPA,ZFAND1,ZMIZ1,ZNF722
80	ACTRT2,ADAMTS17,ADAMTS9,ADCY8,ADRA1A,AGBL1,ANK3-DT,ATF7IP,BARX2,CDH2,CDH9,CHIT1,CNTN5,CRYBB2,CSMD1,CTNND2,EFCAB11,ENSG00000225218,HAO1,HEG1,IQCJ-SCHIP1,KCNIP4,LHPP,LINC01954,LINC02191,LINC02552,LRATD2,MMP16,MTSS1,NCK2,OSBPL10,OTOS,PARP4,PKP4,PRDM9,RFC5,RMDN1,RTCA,SAMD12,SDHAF3,SERPINB8,SLC10A2,SYNPO2,SYNPR,TACC2,THSD7A,TNFSF13B,XYLT1,ZWINT
81	AMPH,AP1S3,ATIC,BCL11B,C16orf95,CA10,CACNA2D4,CBLL1-AS1,CCND2,CDH11,CDH4,CNTN5,DEPDC1,DSCAM,DTNA,EDEM1,ENSG00000278740,FAT4,FLRT2,FSCB,HPSE2,KALRN,LINC02970,MC3R,MED11,MFGE8,MPZL1,MYOM2,NLRC5,NMI,POGK,RBM24,RETREG1,RIMKLB,RIPK2,RPS12,SALL3,SERPINB8,SLC2A3,SMARCA2,SPACA7,TNFSF8,TRAPPC2L,TRIB2,ZFP1,ZNF385D,ZPLD1
82	ABCC4,ACKR3,ADAMTS3,ADGRL3,AGA,ATRNL1,CHRDL2,CHST8,EGLN3,EML6,ENSG00000289710,FAM110A,GALNT15,GCNT1,HELT,HPCAL1,IDO2,IZUMO3,KHDRBS3,KIF26B,LCOR,LRRC4C,MLXIPL,MSL3B,NALF1,NCOR2,NPHP4,OLFM3,PRR20G,RTL1,SAMD13,SFXN4,SMYD3,SORCS2,SSR1,TENM3,TEX26,TG,TLL2,TMEM117,TMEM179,TMEM182,UGT2B15,UNC5B,ZBBX,ZBTB7C,ZNF280B,ZNF675
83	ACKR3,ADTRP,AGBL1,AMY1C,ANKRD30B,ANXA5,ARHGEF28,ASS1,BRINP1,CAMK1D,CD24,CD36,CTNND2,DDX60L,DEFB112,DOCK4,DPH6,DPP6,DSEL,DTNBP1,ENSG00000287402,EPHA5,FAM135B,HMGN1,HNMT,HS3ST1,KATNAL2,KIF26B,LPAR3,MAGI2,NALF1,NOCT,OR10A7,PCSK5,PEX2,PRLR,PTPRT,RBMS3,ROR2,RPUSD4,RTN4,SEPTIN9,SPATA12,TAS2R1,TPBG,TYK2,UPF2,UTP23,ZPLD1
84	ACTR3C,ADAMTS18,ADAMTS3,AJAP1,ANKRD30BL,CNTNAP2,COL18A1,CPLX2,CSMD1,CTNND2,CTSC,DNAH11,ECI2,ERICH1,ETNK1,FOXK1,GMDS,GRHL3,HSF2,KCND3,KIN,KLHL1,MAGI1,MAML3,MARCKS,MKI67,NOVA1,OPA1,OR1Q1,PHACTR2,PKD1L1,PRKN,PTPRD,RASGEF1A,RBM47,SEMA3A,SEMA3E,SGIP1,SLC13A3,SLC1A1,SLCO1B1,SSC5D,SUCLG2,SV2C,TBC1D22A,TNNI1,TRPA1,ZP4
85	ANKS6,CDH23,CDH9,CNTN4,CRIM1,DNAH11,EEPD1,EFR3A,EGFLAM,EMP1,GPC5,ICE1,IZUMO3,LINC00667,LINC02975,LRP1B,MYO16,NCAM2,NEIL3,NR2F2,OR4Q2,PALLD,PARM1,PGS1,POSTN,RIPOR3,RNF121,RPP38,SEC61G,SI,SLC39A10,SLC5A9,SLX9,SNAPC1,SNRNP48,SOX11,SP8,STX18,TMPRSS3,TOGARAM2,TRA2B,TREML4,TSN,TYK2,USP44,VSTM2A,XRCC5,ZMIZ1,ZNF217
86	APC,ARAP2,ARRDC4,ATF7IP,BICDL2,BRI3BP,CCN4,CDH20,CHRM2,CNTN6,CRYBG1,CSMD1,DNAH5,DNAH6,ELP3,FAM110B,FAM89A,FAM98A,FAR2,FAT1,FBXO15,FOXL3,GCNT3,GPR6,GRM7,IGFBP3,IMPG1,MBOAT1,MCPH1,MCTP2,NFATC1,NUDT4,NXNL2,PCNX1,PDE8B,PDZRN3,POSTN,PPFIA1,PRR16,RXYLT1,SDK2,SLC2A2,SPAG17,STXBP6,TM9SF4,TNFAIP3,TSN,XPNPEP1,YIPF5
87	ACSL3,ADGRB3,ANPEP,ANTXRL,ATPSCKMT,BCKDHB,CBLN2,COMMD1,CTNNA2,CTNND2,DSPP,ENTPD3,FAM107B,FAM43A,FGGY,FSTL5,GAP43,GAS5,GJB6,GSC,GSE1,GUSBP5,INTS13,LINC00504,MDGA2,MSI2,NCK2,OPCML,PCDH15,PLXDC2,PPP1R14C,PRDM1,PRKAG3,PRMT8,PRRX2,QKI,RAD51B,RUNX1T1,RYR2,SDK1,SFRP2,SHISA9,SLC15A4,SNX19,TNS1,TPM4,VWDE,ZNF195,ZPLD1
88	ADAM12,ADCYAP1,ADISSP,ATPSCKMT,CCDC54,CEP57,CNTNAP2,CXADR,DISC1,ECI2,ENTREP2,EYA4,FLRT2,GLRA3,GLRX3,GNAI1,GTF2I,H3Y1,HPAT5,HSALR1,LINC00539,METTL4,MON1B,MYT1L,NCAM2,NEGR1,NRG1,OCA2,P4HB,PCDH18,PDE8A,PIK3AP1,PTPRD,RAB6B,SEL1L3,SERPINB8,TARBP1,TBX18,TMEM114,TMTC2,TRIQK,TSTD3P,VEGFA,VLDLR,VRTN,WWOX,XCL2,XYLT1,ZFAT
89	ACTN1,AGTR1,ALCAM,BANK1,C3orf85,CCDC198,CPE,CPPED1,CYB5R3,DERA,DKK2,DSCAM,DTWD2,DUSP10,ENSG00000234626,EYS,FHIT,FSCB,GPR139,GRM7,INSIG1,IRX2,ITGA11,ITPR1,KLF7,LINC00598,LPP,MCPH1,MED13L,MEG8,MYO16,NABP1,NPVF,PPDPFL,PRDM6,SGCZ,SLC2A9,SLC8A1,SMARCA2,STIM2,TAFA5,THBS2,TMEM114,TMPRSS11E,UMODL1,VHL,WWOX,ZNF670
90	ABO,AVPR1A,CAMTA1,CDK5RAP2,CERKL,COTL1,CPAMD8,CRIM1,DMRTA1,DYNC2H1,ENSG00000251168,ENSG00000258763,ENSG00000281655,EPHB2,FABP6,GALNT2,GLRB,GLRX3,GRIN2A,GRM7,IL12A-AS1,INPP5A,IZUMO3,JPH3,KIRREL1,LAMA3,LINC00667,MROH7-TTC4,MRPL39,MSX2,NELL1,NHSL1,NOS1,PCDH18,PIK3R5,PLG,PODXL,RNF144B,SETBP1,SLC2A5,SLC39A10,SPP1,TECRL,TMEM114,TMEM200A,TRPC6,ZNF804B,ZPLD1
91	ABCC4,ANKRD30BL,CDH8,CDO1,CELF2,COL5A2,CSF1R,CTSO,DLEC1,DOK5,EDIL3,EEPD1,ENSG00000258989,ENSG00000267774,ENSG00000283228,ENSG00000285283,EOMES,ESRRB,ETV1,FHL2,FMN2,FSTL5,FTMT,GRM3,GSAP,HNMT,HSD17B2,IQCJ-SCHIP1,IQCK,KCNJ2,LINC02822,LINC02973,LYAR,MTMR9,PDE9A,PLCE1,POLR1D,PPFIBP2,PPM1B,PRDM2,RGS7,SHANK2,SLC35F4,SYT1,TCERG1L,TLE3,TMX3,VSTM2A,YIPF5
92	ACO1,ADCY1,ADRA1A,ADRB1,APCDD1,ASB3,ATG4C,BAIAP2,C6orf118,CCT7,CHST15,CSMD1,DPPA4,EPHA4,EVC2,FKBP1A,GLI2,GRM3,GSG1L,HIVEP1,IFI16,IGSF11,KBTBD11,KCNU1,LOLI1,NEIL3,NFATC2,NPY,OBI1-AS1,OPRM1,PABPC1,PLXDC2,PTPRO,RAP2B,RBFOX1,ROBO2,RPF2,SEMA5A,SERPINB6,SGCG,SH3YL1,SLC35A5,SLC36A2,SLITRK6,TFAP2C,TGIF1,TMCC3,TRAM1L1,TSHZ2
93	ABCB5,ADAMTS5,ADGRL4,ARL4A,BCL11B,BLK,CCDC112,CCDC201,COL13A1,DBH,DCN,DCT,DGKB,DLGAP1,ELFN1,ENSG00000234156,EPHA7,FAM107B,FAM90A12,FBP2,FGGY,GOLT1B,GPC5,IGFBP7,KCNAB1,KCND3,LHFPL6,LRATD2,MLKL,NAALADL2,NCAM2,NCS1,NPAS1,NYAP2,OR11H4,PLXDC2,PRR5-ARHGAP8,RGMA,ROBO2,SERPINB10,SORCS1,SYT14,TAAR2,TDRD3,TNFRSF1A,TRPS1,VRK1,ZWINT
94	ACER3,ADGRL2,ADGRL3,ATP13A4-AS1,BCL11B,BMP5,CCDC82,CDC14C,CDK5RAP2,CHORDC1,DAOA,DOCK1,EBF4,ENSG00000231401,ESR2,FGF9,FLT3,GCC2,GRAMD1A,GRAMD1C,GRM7,H6PD,HS6ST3,INTS10,LINC02070,NECTIN2,PABPC3,PRKN,QRFPR,RER1,SFMBT2,SGO1,SHISA2,SIDT1,SLC22A15,SLITRK1,SNRPA1,SNX16,SPRY4,SRGAP2,TAFA5,TGFBRAP1,TRD-AS1,TRIM25,TXNDC8,UNC5CL,XYLT1,ZNF618
95	ADGRL3,AP1S3,B3GAT2,BCL11B,CASC20,CCDC187,CDH13,CELSR1,COL5A1,CTAGE1,DLGAP2,DNAH5,DRAM2,DUSP4,ENSG00000281613,FAM135B,FGFR2,FHIT,FOXA2,FOXQ1,FTCDNL1,GPM6A,HOPX,ITGBL1,KCNK9,KLHL7,KRTAP19-8,MRPL39,MSRB2,NBL1,NFIB,PARD6B,PARP16,PRKCA,RAB6C,RAF1,REG3G,RRM2,SCLT1,SERPINB8,SLC25A46,SORCS1,TARP,TBX20,TGFB2,TMEM260,TRIB2,ZNF608
96	ADAMTS5,ADAMTS9,AMY1C,ANGPT2,APOLD1,CEP44,CPLANE2,CSMD1,DRC1,EMC1,ENSG00000271843,ENSG00000288075,FSTL5,GALNT13,GPRIN3,HACE1,HYCC1,ISX,KCNJ15,KCNN2,KLHL1,LARGE1,LRRC75A,LTBP1,LYZL1,NEDD1,NR2F2,OSBPL1A,PAG1,PCDH18,PDE10A,PODXL,PTPRD,RGS2,RHOBTB1,SLC2A14,SOX11,SULF2,SULT1B1,TBC1D31,TMEFF2,TMEM123,TMPRSS3,TNFRSF21,TRHDE,TSPAN5,VPS13D,XXYLT1,ZFAT
97	ADAMTS15,ANAPC4,ANKRD28,ANO3,ARC,BPNT2,CCDC179,CCL2,CDH19,CLEC3A,CNTN5,CSMD1,DSCAM,ENPP6,ERVV-2,ETS1,FAM98A,FBLN2,GALNT7,GRM7,IL1RL1,KCNMB2,LARS2,LINC02177,LRATD2,MCTP2,NDST4,NOX3,OMA1,PELI2,PEX2,PLD5,PTER,RGS7,RRP1,SBSPON,SEL1L2,SGCG,SNHG14,SOX8,SYT1,TMEFF2,TMPRSS15,TNS1,VDAC1,WSB1,ZBED2,ZNF717
98	ACTR3B,AFDN,ARAP2,ARRDC4,C19orf12,CBLN2,CCDC178,CLSTN2,CMPK2,CNTN4,COG2,CYRIA,DDX11,DNAJC10,DYNC1I1,ENSG00000255983,ENSG00000283563,ENSG00000288973,ERICH6B,FADD,GABRA6,GABRB2,IFTAP,LAPTM4A,LINC01187,LZTS1,MDGA2,NMBR,PM20D1-AS1,PRR20A,RASGRF2,RASSF2,RIN3,RPLP1,SLC6A15,SORBS2,SPP2,ST6GALNAC1,STARD4,STT3B,SYNE3,TCERG1L,TMEM132D,TMEM183A,TNIK,TRAPPC9,TSHZ2,TWIST2,UPB1
99	ADGRA3,AJAP1,ANK2,BCL11B,C5orf47,CCNB1IP1,CDHR3,CSRP2,CTNNA3,CTNNBL1,DOK6,EEF1E1,ENSG00000288726,ERICH1,ETS2,FAM98A,FLRT2,GALNTL6,HS3ST1,IGFBP7,IPMK,KCNJ5,KIF20B,KLHL1,LDB2,LETR1,LINC00879,LRRTM4,LYSMD4,MSX1,NAALADL2,NCAM2,OAT,PARP2,PCDH17,PKDCC,PSMG4,PTPRD,RBBP6,RRAGC,SEL1L,SOCS6,TAFA5,TERF2IP,TGIF1,TLL1,TMPRSS15,TOP2B,ZRANB1
100	ACTR3B,ANXA6,ATG5,BBOX1,C11orf87,C4orf50,CBLB,CCBE1,CDK18,DGKB,ENOX1,EPHB1,FEZ1,FSTL5,GALC,GHR,HAO2,HDGFL1,IGFBP7,KCNK9,KCNT1,LCP1,LRRC4C,MBL2,MISO1,MSH3,MVK,NEIL3,NELL1,NIFK,NRF1,NUF2,PCDH7,QKI,RAI14,ST6GALNAC3,SYT4,TAFA5,TBC1D16,TDRD15,TMCC3,TMPRSS15,TMTC4,TNP1,TSPAN9,TXNRD2,ZBTB7C,ZNF124
101	ADGRB3,ADRA2A,AJAP1,AMY1C,ATP6V0A4,CA10,CAND1,CDH8,CHN2,CHSY3,CNTNAP5,CRTC3,DSEL,DZANK1,EEA1,EEPD1,EIF2D,ENSG00000286282,EPDR1,FOXL1,FSIP1,HS3ST1,IFNGR1,ITPR2,KRT19,LIN28B,LINC03078,LRRC30,MSR1,MTRR,NAV1,NEFM,NFKB1,NOM1,NUFIP2,PLD5,PPFIBP2,PREX2,RGS10,RPL15,RUNX1,SERPINE2,SHC4,SORCS1,SPDYE21,THUMPD3,TMEM132C,USP8
102	ADAMTS19,ANO3,ARGLU1,ASB6,BRINP3,C20orf203,CDH20,COX7C,CSGALNACT1,DECR1,DPT,DSC3,FHIT,FMO2,HBG2,HERC2,IGFBP5,LINC00662,LSM5,LYZL1,MACROH2A2,NECTIN1,PCDH9,PCTP,PDZRN3,PRKCI,PRMT6,PTGIR,RAB38,RAI14,RBMS3,RFX3,RMI2,SIGLEC12,SLC3A2,SNTB1,SPHK1,SULT1B1,TBC1D22A,TBL1XR1,TDP1,TENM3,TLL1,TMEM135,TMEM68,TRMT44,VIPR2,ZNF331
103	ADGRL3,AGBL1,ALKBH3,BCL11A,COL27A1,CSMD1,CST7,DGCR6,DOK6,ENSG00000223751,ENSG00000285471,FSTL5,GADL1,GC,HTR4,LCTL,LINC00698,LRP5,MGMT,NOP53,NRSN1,NUP93,OBSL1,OSBPL6,PALD1,PCDH20,PEBP4,PLIN2,PLXNC1,POU3F3,RFPL4AL1,RORA,SERPINA12,SERPINB7,SEZ6L,SI,SLITRK6,SMOC2,SPACA7,SPECC1,SPRED2,TBC1D4,TLE1,TNFSF18,TRAPPC9,UGT2A3,WDFY4,ZNF45,ZPLD1
104	ADGRL3,ANGPTL7,BICC1,CDH23,CDK18,COL5A1,CPE,DNAJB9,DPP10,ELMO1,ENSG00000249109,ENSG00000251567,ENSG00000257398,ENSG00000284686,ENSG00000287578,FAM124B,FARS2,FBN2,FBXO25,FBXO33,FGF14,FMO1,FOXL3,GALNT12,GNG4,HLX,ICA1,KCNB2,KIAA1217,LRP1B,MAL2,MDGA2,NRN1,OR7A17,PCED1B,PELATON,PHACTR3,PRUNE2,RARB,RORA,SEPTIN10,SIPA1L2,SMARCA2,SNX25,SPTLC3,SYNE1,TENM2,ZDHHC21
105	AHCTF1,AP3B1,ARHGAP24,ARHGAP35,ARID1B,BCL11B,CACNA1A,CACNA1E,CD48,COL4A2,CRBN,CYLC2,DPT,EEF1E1,ENSG00000267568,ENSG00000268970,FAM167A,FAT4,FSTL5,GALR1,GMDS,GNAI1,JARID2,KDM4C,KIAA1217,LGALS8,LMO7,LRATD1,NBPF6,NOVA1,NRG1,PCDH10,PCMTD1,PDE1A,PHACTR3,PJA2,POM121,PRCP,PRKCA,RNF38,SEMA6A,SGCG,SGCZ,STXBP6,TELO2,TPM1,TRHDE,U2SURP,UBASH3A
106	ACBD5,ADH7,AKR1C2,AUTS2,CCDC77,CCN6,CD163L1,CDH6,CEP112,CHMP2B,CPM,CRLS1,DAP,DMRT2,DTNA,DTWD2,DTX1,ENSG00000232985,EPB41L3,ERICH1,EXT1,GALR1,GRM7,IGDCC4,IRF2,LAMA1,MOB3B,MTRR,MYRIP,PACRG,PAXBP1-AS1,PCDH18,PREX1,PRTG,PYROXD1,RHBDD1,S1PR3,SGCZ,SNRPB,ST3GAL1,SUCLG1,TMEM106B,TMEM158,TMPRSS15,TNK1,UBE2E1,UBE2E2,ZNF169
107	AAMDC,ANKRD18A,ANO2,APOB,AUTS2,CD83,CDCA7L,CDH9,CIITA,CNTN5,COMMD6,DAOA,DLGAP1-AS4,EBF3,ENSG00000272505,EVL,FHIT,GABRG2,GALNT15,GALNT8,KALRN,KCNMB2,LOXHD1,LRATD2,MAGI2,MEF2C,MINAR1,MROH7,NEGR1,NGF,NRXN1,NTN1,PCDH7,RAI14,RBMS3,SALL1,SAP18,SEL1L,SEMA3C,SEMA6A,SGCZ,SMIM36,SMYD3,STX8,TGFA,TMEM132B,TRDN,VAT1L,ZNF385D
108	ABCC4,ACTR3B,ADAMTS17,ADCY8,ADGRB3,ADGRL3,CCSER1,DKK1,ENSG00000278071,FAM135B,FREM3,KLHL1,MAFB,MKI67,MYLIP,NFATC2,NFE2L3,NUCB1,OCA2,OR51B5,PCDH18,PCDH7,PLGLB2,PLSCR5,PPIL2,PPIP5K2,PRKAR2B,PRTFDC1,PYHIN1,RBFOX1,RGS7,ROBO1,RORB,RYR3,SCG2,SLC12A8,SLC24A2,SLC25A15,SLC35F3,STC2,SUCNR1,SV2B,TMEM72,TNS3,UBE3C,UBXN2B,VNN2,ZNF608,ZP4
109	ADCY8,AGA,ANKEF1,ASB3,C1QTNF9,CDH10,CDH11,CDH2,CEBPZ,CHST8,CMTM8,DENND3,DYNC2H1,ENSG00000260166,ENSG00000289131,FIG4,FRMD4A,GALNT2,GMNC,GRHL3,HHIPL2,ISX,JCAD,KLRC1,LRGUK,MAPK9,MAX,MTCL1,MTMR7,NCAM2,NDUFA10,OPRM1,OR1Q1,PCDH7,PCNX2,PLA2G4A,POM121L12,PPFIA2,RBMS2,SAMD5,TAF5L,THSD7A,TLR2,TMEM132D,TNFRSF11B,TOM1L1,TPH2,ZBTB7C
110	AKR1E2,APOBR,ARRDC3,ASB18,BIN1,CBR4,CD83,CDC5L,CLDN16,COL22A1,COL6A6,DNAH5,DPF3,DSEL,ETV1,FAM180A,FAM181B,FBXO11,FLRT2,FSTL5,GSE1,HEMK2,HERC2,IRX1,KLHL14,LINC02128,LRATD1,MEAK7,MED4,MKLN1,MLLT3,MTPAP,MYOCD,NPAP1,OTOL1,PDS5B,PIK3C3,PKP4,PRDM16,RBM44,S100A12,SLIT1,SYNE3,SYT4,TSNAX-DISC1,URB2,XDH,ZNF385D,ZPLD1
111	ADAMTSL1,AKAP3,ALKAL2,ANO3,ARRDC4,CDC73,CHRM2,COBL,COL22A1,CSMD1,DAB1,DAOA,DEFB112,DGKI,DNER,EFHD1,ENSG00000258792,FAM107A,FAT1,FNDC3B,GATA3,HEMK2,IRS2,KCNIP4,KIT,LAMA2,LRP1B,MAGI1,MARCHF1,MCPH1,MSR1,OPCML,PLCL2,PPP2R1A,RASA1,SCML4,SERPINB8,SLC16A4,SLC43A2,STAP1,TENM2,TIAM1,TMEM132C,TMPRSS15,TNS3,TSPYL1,TXNDC17,ZNG1A
112	ADAMTSL1,AFAP1,C16orf74,CAMK4,CD70,CDKAL1,CEBPB,CNTNAP2,CPNE4,CPZ,DLG2,DOK6,DSG1,FLCN,FOXN3,FRMD1,GALNT18,GALNTL6,GPC1,GPC5,GRAMD1A,IGLL5,KLHL1,LINC02064,MAP2K6,MGAT4C,MYT1L,NCF4,PCSK5,PDPN,PGAP1,PHACTR1,PIK3R5,PRAG1,PRDM14,RASGRP1,RETREG1,SEC61G,SLCO1B3,SNX9,SPAAR,SRGAP3,TGFA,THRB,TLE3,TMEM117,TP63,ZPLD1
113	ABCC1,ACTL8,AGBL1,ATF7IP,ATXN3,CAP2,CCSAP,CHST9,CLPP,CTNNA3,CTSH,DOP1B,DYRK2,EDNRB,EFCAB6,FABP5,FAM180A,FLT1,GABRG3,GLI2,GSC2,HMCN1,IGF1R,KDM2B,KLRF2,LINC00662,LRFN5,MDGA2,MGMT,NCAM2,NRXN1,PI3,PITPNM3,RASA3,RBFOX1,RHOBTB3,RIOX2,RPA2,SLC8A1,SSC5D,ST6GALNAC3,SYT6,TGFBR3,TMEM132C,TMEM132E,TMTC1,VSTM5
114	AFAP1,AJAP1,API5,ATP11A,ATP2C1,BTG1,CCL20,CEACAM3,CMPK2,CNTN4,DCP1B,EEF2KMT,EIF3C,ENTREP2,EYA2,FARS2,FASLG,GALNT17,GRID2,GRIK2,HAUS6,HS3ST4,IRX2,LINC00578,LINC01606,LINC02561,LRFN5,NAALADL2,NCAM2,NOD1,NUDT12,NXPH1,OXA1L,PDGFB,POLR2M,POM121L12,SBNO2,SGSM1,SLC13A5,SLC6A3,SLC8A1,SNTG2,SNX9,SOAT1,TIMM21,TMEM132D,TMEM200A,TRGV9,UBC
115	ADGRL2,AFAP1,CCNG2,CDC14C,CDC73,CDK5RAP2,COL19A1,CRHR2,CTBP2,DGCR11,DMRTA1,EHHADH,ENSG00000267051,ENTREP2,FBN2,GABRG3,GARIN1A,GRIK2,HECW1,HSF2,IPMK,IQSEC1,IRF2,IRX3,JAKMIP2,MANBA,MDGA2,MED10,MED13L,MYCT1,NECTIN3,PARVB,PTPRG,RGS3,SGCD,SIRPA,SLC25A4,SLCO3A1,SOX4,SPAG17,SVEP1,SYNDIG1,TENM3,THEMIS,TMEM132D,TMEM170B,TMPRSS15,VWF
116	C21orf91,CLDN16,COL8A1,CXADR,DHCR7,DYRK1A,DYSF,ERO1B,ESRRB,ETV1,FBXO4,FRAS1,FSHR,GAS2L3,HS3ST1,IGFBP7,IL15RA,IRX2,JPH1,KAZN,KCNIP1,KIAA2013,KIRREL3,LINC02704,LRCH1,LRRTM4,MRPS10,NETO1,NSMAF,NUGGC,OPRK1,OPRM1,OR51L1,PAPPA,PCOLCE2,PDE1C,PLEKHG1,POMP,RGMA,RUFY4,SEL1L,SMLR1,SNTG2,SOCS6,STIM2,STPG2,STX11,TRABD2A
117	ADCY8,ADGRL3,AOAH,ATP9B,BMAL1,CHST11,CPM,CSGALNACT1,DDX10,DLC1,DLGAP1,ENSG00000236543,EXO5-DT,FAM20C,FSHR,FUT10,HTR4,ID2,JAG1,LIMK2,LINC01867,MAPK4,MARCHF11,MIR7-3HG,MYO5B,NLRC5,NMT2,NRSN1,PADI4,PDGFRA,PLD5,PRKCQ,PSG9,PTPRG,RALYL,RFPL3S,RGS17,RRP7A,SEC23IP,SNX9,SOCS6,ST6GAL2,STXBP6,SV2B,TECRL,TEX44,TNKS,TREML1,ZNF236
118	B3GNT2,BPNT2,C5orf15,CA10,CCDC144A,COL6A5,COX7A2L,DLGAP2,DOK6,ETNK1,FAT1,FOXI2,GGH,GLI2,GNG7,GPC5,HYCC1,ICAM1,IL19,INTS12,KHDRBS3,KIF16B,KIRREL3,LMNTD1,LPIN1,MARCHF1,MREG,MYO10,NFKB1,NHSL1-AS1,NTRK3,PATJ,PCDH15,PDGFRA,PITPNC1,PLPP7,RMND5A,RTP4,SALL3,SCARF1,SEL1L,SGCZ,SHH,SLC37A3,TECRL,TRMT9B,WIPF3,ZMIZ1-AS1,ZPLD1
119	ADGRL2,ATP11B,CBLN2,CDH13,CERS3,COL21A1,COPRS,CRISPLD2,CSF3R,DIRAS2,DISC1,DMAC1,DPYSL4,ENSG00000215156,ENSG00000233633,ENSG00000273167,FBH1,FGF14,FHIT,FXYD6-FXYD2,G3BP1,GRM7,INHBA,JRKL,KCNB2,LRRIQ3,LY86,METTL21C,MRTFB,MYO16,NAV2,NOVA1,PELI2,PIK3C3,RBBP8NL,RNF213,ROBO2,RPS23,SIRAL2,SLC15A2,SLITRK6,SNAP25,SNX4,TECTB,THBS1,TMC2,TRIM24,WWOX,ZNF667-AS1
120	ADGRL3,ALK,ANXA10,ARHGAP42,ARHGEF4,ATP10A,ATP5MJ,ATP9A,ATXN1,BNC2,CAMK1D,CCDC149,CDH4,COL26A1,CRACD,CXCL16,ENSG00000231533,ENSG00000269906,ENSG00000289710,ERCC4,EXOC1-AS1,FOXG1,GPR26,GRAMD2B,GUCY1A2,KCNN2,KCNT2,KLHDC4,KLHL1,MBTPS1,MED31,MEF2A,MLKL,NAXE,NOM1,NOVA1,NSUN3,PLA2G4A,PLXDC2,POC5,PPL,PPP5C,PYDC2,SHH,SIK1,SLC22A14,SPRY2,TMEM196,TSNARE1
121	ABCA13,AKAP6,AMBN,APBB2,CARD11,CCDC179,CCND1,CDCA7L,CDH4,CFAP61,CPT1C,CSF1R,CXCL8,DYNLRB2,FER,FIGN,GALR1,GAS7,GLRX3,GNPDA2,GRIN3A,HNRNPA1L3,IGF1,KCNN3,LCMT1,LUZP2,MKI67,MYO6,NATD1,NIPSNAP2,PATJ,PGCKA1,PPM1H,PRKAB1,PTPRD,RAP1GAP2,RBMS3,RBPMS,SMPD4,SNORC,SNX19,TLE3,TMEFF2,TMEM132C,TMEM230,VRK1,VWDE,ZNF804B
122	ABCC9,ABCG1,ADARB2,ADGRL2,ALCAM,APBB1,CALN1,CDH2,CDH4,CYP46A1,DACH1,ELP1,ENSG00000257398,ENSG00000283321,ENSG00000285000,FAT1,FZD6,GFRA2,GGTA1,LINC00844,LINC02549,METTL4,NSUN3,PDCD6P1,PRDM13,PRNP,PSD3,PTPRD,PXDNL,RAB38,RAP1GAP2,RNASE1,RPS6KA2,SATB2,SEMA4D,SLC30A8,SLC35F4,SMAD3,SOX11,TACR1,TGM3,TLN2,TMEM132C,TRHDE,TRPM4,VAMP1,WWOX,ZNF385D-AS2,ZNF823
123	ADGRA3,ALDH7A1,ANKDD1A,ARMC9,ASIC2,ATP2B4,CADPS,CCDC179,CCDC69,CCDC74A,CLDN16,CYLC2,ENSG00000286893,EXOC4,FZD10,GGTLC1,IRX2,JRKL,KHNYN,LINC02177,LINC02347,LRATD1,LRRC38,MAPK10,MCF2L,MTHFD1L,NPFFR2,NPIPB4,NSUN3,OSBPL10,PABPC4L,PADI4,PARP11,PCM1,PDHA2,PPARGC1A,RAP1GAP2,RBM46,RELN,RPS6KA2,RTP4,SH3TC2,SKA3,SPP1,TGFBR2,TMIGD3,UNC5B,UST,ZBTB38
124	ABCC4,ADARB2,ADD2,ALPK2,ANO5,BUD13,C2CD2,CARS2,CDH10,CPVL,CSMD3,CTSO,CWC22,DPP10,EEF1A1,ENSG00000258181,ENSG00000260337,ENSG00000286922,FAM107B,FRMD4A,GRM3,HACE1,HS3ST4,KCNIP4,LINC00667,MAGI2,MAGI2-AS3,ME1,MFN1,MKLN1,MTPAP,MYC,MYO1E,MYRIP,NINJ2,PBX1,PCDH7,PLXDC2,PPP1R3B,PXDC1,RIT2,SNX29,SOX4,STARD13,TAPT1-AS1,TBX3,TMEM163,TNNT1,UQCRFS1
125	ABI1,AFG2A,AGA,AJAP1,APTX,ATP10B,BABAM2-AS2,BOD1L1,C10orf90,C18orf63,CNTN4,CTNNA3,DENND3,ENSG00000288821,IL19,KCNIP1,KLF14,LINC03040,LINGO2,MC5R,MCTP2,METTL4,MPDZ,MYO16,OAT,PKHD1,PMM2,POU5F1B,PRIMA1,RAB31,RIOK2,RPL14,RPLP0,SCFD2,SCNN1B,SGCZ,SLC35B3,ST6GAL2,STEAP1B,STIM2,STPG2,TECRL,TMEFF2,TMEM65,TOX3,UPP1,WWOX,XRCC2,ZFAT
126	AADAT,AGPAT4,AHI1,ASPH,BUD13,C10orf67,C8orf34,CBLB,CDH18,CNTN5,COL22A1,CSMD1,CTSZ,DDX11,DFFB,DLGAP2,DPP6,DTWD2,ENSG00000236255,ENSG00000282692,FAM78B,FSTL4,FTMT,GOLIM4,GRAMD4,INSC,KCNU1,LHFPL6,LINC01634,LINC02223,LRFN2,LRIG1,MAF,MEI4,MTRR,NTM,NUP210,PLXNA2,PNLIPRP2,PODXL,RHOBTB1,RNF212B,SH3TC1,SLC67A1,SRD5A2,TACC1,TAPT1,TMEM17,TRAPPC9
127	ADCY9,ADGRB3,ADM,ARID1B,BCL2L14,CACNG2-DT,CARD19,CDH11,CNTN6,CXCR4,DDX60L,DNAJB6,DPP6,ENSG00000230303,EPHA5,EVC2,FSTL5,GALC,GPC6,H3Y1,HIPK2,IDH2,IGFBP7,IL19,KIT,LINGO2,LRRC4C,MCTP2,NEIL3,PLPPR5,PNPLA3,PRKN,PROKR2,PROX1,PTBP2,RNF24,SERPINA6,SH2D4A,SPOCK3,STX8,SYT9,TAFA5,TBX18,TMEFF2,TNR,TRAPPC9,VPS50,XKR4,ZNF354B
128	ADAMTS16,ALX4,AMFR,ARHGEF39,BPNT2,C12orf57,C2CD4B,CDC123,CDH7,CLRN3,CNTNAP5,COQ7,COX20,CRISPLD2,DNAH11,DSCAM,EDN3,ENSG00000288552,FGR,GALC,GRM7,GTF2H2,H3Y1,HNRNPA1L3,KCNU1,KHDRBS3,KLHL29,LAMP5,MRPL39,MRPS23,MSI2,MTSS1,MYO1E,NLRP4,OR10G3,PDE5A,PLOD2,PRR16,SLITRK5,SP4,SPAG17,STARD3NL,STX16,SUCLA2,SUCLG2,TRIB2,TRNT1,TSPAN32,TTC5
129	AKR1B10,APBA2,ASPH,BRI3BP,BRINP1,BTC,C9orf72,CCSER1,CDH4,DACH1,DMRT2,DPP6,EFCAB11,ENSG00000223536,ENSG00000228592,ENSG00000285283,EPHA6,EXTL3,FBXO2,GGA3,GPR139,HEMK2,KCNIP4,KCNK9,KLF10,LRRTM4,MROH9,NAV2,NAV3,NEDD1,NFKBIA,OBSL1,OLFM3,PIEZO2,PLSCR2,PRPSAP1,PRR20A,RCVRN,RFC3,SEL1L,SGIP1,SVEP1,TAFA5,TANK,THSD4,TMEM132D,TRIO,TRPM1,USP24
130	AKAP13,ARL4A,ARMH4,BLK,CDH7,CHRM2,CSMD1,CSMD2,CTNNA2,DAP,ELOVL6,ENSG00000253553,ENSG00000254092,F5,FHDC1,GLIS3,GNA12,GPRIN3,GRIN3A,HK2,ID2,IL22RA2,ISX,KLHDC1,MAP9,MCPH1,MCTP2,MEI4,MFHAS1,NCKAP5,P3H2,PARD3,PCDH7,PITX2,PLD1,RGS12,RPL34,SARDH,SDK1,SEPTIN9,SIRPG,SLITRK1,STK10,TMPRSS11E,TNFSF8,TOPAZ1,TRMT9B,UBE2QL1,VTA1
131	ABO,ACO1,ADD2,AGA,ALK,AQP4,ASTN2,ATXN3,CCL13,CDH5,CLSTN2,CNTNAP5,COLGALT2,COX11,CSMD1,DAOA,DHRS4,DPPA4,DPT,ENSG00000253642,ENSG00000281613,ENSG00000284707,GPR107,HIP1,HSD3B1,HTT,KRTAP4-9,LGALS8,MPHOSPH6,NUS1,PADI1,PIAS1,PKN1,PTN,PXDNL,RAB6C,RAD23B,RGS17,RTL6,SERPINB11,SLC2A9-AS1,SNRPN,SOX11,SOX5,ST8SIA4,TMPRSS15,TNIK,UBR5,VRK1
132	ABAT,ADAMTSL1,AGBL1,AMIGO2,BAAT,BPIFB1,BRINP3,CDC14C,CNTN5,CUL3,DLGAP2,ENSG00000277763,ESCO2,FOXF2,FRMD6,GRID2,IGFBP3,IGFBP7,IRF1,KCNIP4,KLF12,LMNTD1,LRFN5,MAPK4,MAT2B,MICAL2,MUC16,NAF1,NLGN1,NPTX2,PCMT1,PLSCR4,PLXNA1,PPP2CB,PPP3CA,PRR20A,PTPRD,RGS6,RGS7,SCNN1B,SEMA6A,SLC25A48,SLC8A2,SLIT3,SPDYE21,TC2N,TMEM132C,UTP18,ZNF516
133	ACAN,AGA,AGAP1,ANKRD30BL,BNC2,C16orf95,C4BPA,CADM1,CCDC50,CLEC2L,CNTNAP2,CNTNAP4,DCLRE1C,DPP10,ENSG00000269825,ENSG00000271218,ENSG00000286721,GALR1,GAS1,HACE1,HS3ST4,HTR1B,ICE1,IFTAP,KCNE4,LINC00937,MYLK4,NCAM2,ODF2,OPTN,PAMR1,PARD3B,PHAX,PIEZO2,PLA2G4A,PRKCA,PTPRD,RBFOX1,RFX2,SGCG,SHISA9,SPAG16-DT,SPDYE21,SV2B,TBL1XR1,TYRP1,UBR4,WLS
134	AACS,ACO1,ACTR3C,ADAMTS17,ADGRB3,ADGRE5,AMPD3,ANK2,ANO1,APOLTP,ARAP2,ARHGAP25,ATPSCKMT,C1orf198,CAPRIN2,CCSER1,CDC42EP1,CELF2,CNTN5,DEFA5,ENSG00000249111,FAM135B,FOXA2,FRMD3,GRIN3A,HMSD,IGFBP7,KCNS2,LRRC4C,LUZP2,MCTP2,MGAT4C,MMUT,MYLIP,NBAS,NXPH1,PKIA,RAB8A,RIPOR3,RIT2,RMI2,SOX11,SPATA31F1,STARD4,TBC1D22A,TRDMT1,WNT9A,WWP1
135	AHSG,BOC,BPNT2,CCDC91,CDH23,CDH4,CHGA,CNEP1R1,CRYAA,CSGALNACT1,DRC11,EMP2,ERBB4,ERCC6L2-AS1,EXT2,FAM3B,FAT1,FEM1A,GP2,GRAMD4,H6PD,HAPSTR1,HHIPL2,ITPR1,LINC01810,MACC1-OT1,MARCKS,NCAM1,NOX3,PPA2,PPFIA2,PRKCH,PRLR,PTPN1,PTPRN2,PWRN1,RASGRP1,ROBO2,RTN4,S1PR3,SERINC2,SH3TC1,SHANK2,SUCO,TECRL,TERF2IP,THSD4,TSTD1,UCHL1
136	AASDHPPT,AFF4,AGA,C12orf75,CCDC82,CENPQ,CNOT4,COL22A1,CYP2C8,DEK,DLG2,DMRTA1,ETS1,EYS,FGFR2,FOXN3,HSBP1,ID2,LINC03018,MT1L,NCLN,NPAP1,PCSK4,PITRM1,PLD1,POFUT3,PRKG1,PRKN,RANBP3L,RFTN1,RNF181,RNF217,RPL38,SAMD12,SELENOW,SHH,SLC25A21,SLC28A3,SLIT3,SMR3B,SNTB1,SPIN1,ST6GAL2,TAFA2,TENM3,TRPV4,VRK2,XPNPEP1,ZNF667-AS1
137	ACO1,AGA,ALX4,ATXN7L3B,BIN3,CCL1,COL18A1,CSRP2,CST9L,CTSB,CYTH3,DDX24,DNAH17,ENSG00000246090,ENSG00000289192,ERICH1,FAT4,GUCY1A1,GULP1,HCRTR2,HDDC2,HS3ST1,ICA1,JCHAIN,KIAA1549,LPL,LRRFIP1,MCPH1,MEG8,NHSL1,NR2F2-AS1,PAFAH2,PPP1R1C,RAB28,RARRES2,RBFOX1,RCAN2,RUSC2,S1PR3,SDC2,SMAD2,SORCS2,SPOCK3,TENT5A,TSPO,ZHX2,ZNF706
138	ADCY2,ANO3,ARL14EPL,BMP2,BNIP2,C4orf33,CCDC71L,CDH2,CHN2,CLINT1,CMPK2,CYLC2,CYP7B1,DPYD,GC,GLRX3,GRM7,HACE1,IFNB1,ITPK1,LHX3,MAP3K5,MBL2,MYC,NEBL,NR2F2,NRXN1,NTRK3,PARVB,PDP1,PDZD2,PEDS1,RBM23,SEMA3C,SH3BP4,SMIM41,SPTBN1,STYXL1,TECRL,TMEM260,TRIML1,TYRP1,USP7,VAT1L,ZNF385B,ZNF415,ZNF516
139	ACOX3,ACTRT2,ALK,ANGPT2,ANKRD28,B3GLCT,BCL11B,BRINP3,CABCOCO1,CDH13,CDKN1B,CEMIP,CNR1,CSMD1,CTNND2,DDX10,EIPR1,ENSG00000251545,ENSG00000259164,EYS,GIGYF2,GRM7,HMGCS2,IFNAR1,IRS2,ITGB2,MEIS1,MGAT5,MMP27,MTSS1,NPAP1,NRROS,OLFM3,PLEKHM2,RAB5A,SLC25A21,SLC28A3,SORL1,SPIRE1,TFAP2A,THSD7B,TMEM114,TMEM44,TRIO,TRPV3,TWIST2,ZMIZ1,ZNF385D,ZP1
140	ACTR5,ADAM29,AKR1E2,ASB16-AS1,CDH13,CHD9NB,CNTN5,CNTNAP2,CRACD,CRISP3,CSMD1,CYREN,DGCR2,EFR3A,ETV6,F3,FN1,GFRAL,GLRX3,GYPA,HAO1,HSPB3,KCND2,KIAA1217,MYRIP,NXPH1,PACRG,PARD3B,PCSK5,PDE3A,PLCB1,RASGRP3,RGS6,RNF186,SETD7,SMARCA2,THEMIS,TMC3,TMEM106B,TRAK1,TWIST2,USP24,ZFAT,ZFPM2,ZFYVE16,ZNF415,ZNF813
141	AAK1,ANKRD34C-AS1,ANKRD55-AS1,BCL11B,BRINP3,CALHM6,CCSER1,CDC14C,CYLC2,DLGAP2,DYM,ENSG00000225243,ENSG00000287720,FAM135B,FARP1,FRMD4A,FZD3,IGFBP7,ITGA11,KCNS3,KCNT2,MACROD2,MAFB,MGAT5,MLKL,MRPL39,NCAM2,NEFL,NLRP12,PABPC3,PCDH10,PNMA8A,RAMP1,RBFOX1,RBM43,RREB1,RSAD2,SEL1L,SLC36A1,SLC9A9,SLX4IP,SMC2,SMYD3,SUSD1,TAS2R7,TFRC,TRAM1L1,ZNF775
142	ABCA1,ABO,ACVR2A,AGAP1,ANAPC1,ATRN,B3GAT1,BCL11B,BMP2,C12orf50,C7orf78,CDC73,CDH9,CER1,CTNNA3,CYP4F2,ENSG00000254396,ENSG00000286151,ENSG00000288711,FAH,FMN1,GNAI1,ID2,IPO5,KCNJ12,KDM4C,LCORL,LINC00957,MBOAT1,NXPH1,PLD1,POU2AF3,PRKD1,RNF150,SCG2,SGCG,SNTB1,SOWAHB,SPP2,SUGP2,TFAP2C,TRARG1,TRIM29,UBC,UCMA,USP36,ZDHHC19,ZFAT,ZMYM2
143	AASDH,ACVR2A,ADGRG1,ALDH1A3,ATPSCKMT,BST1,CACNB2,CBLN4,CEP44,CHRDL2,CHST9,CISD1,CNTN5,DPP10,EFCAB11,EFHC1,FHIT,FMN1,GAA,GALNT2,HS3ST2,IGFBP7,IGLL5,KCNE4,KCNQ5,KCNT2,LUZP2,LYSMD4,NAV3,NDN,NPBWR1,NRIP1,PCDH7,PPP2R2D,RGS18,RUNX3,SCGB2B2,SCN1A,SEC11C,SGO1,SLC30A9,SLC45A2,SLC46A2,SPC24,STIM2,THRB,TRPC4,ZSWIM9
144	ADARB2,ADGRL3,ANTXR1,ASTN1,CCDC167,CDH18,CDH9,CNTN5,COQ9,CSMD1,DAOA,ENSG00000253585,ENSG00000283563,FYN,GCC2,GJB6,GRIA1,HUNK,KCNIP4,KLF14,KLF6,KLRG2,LINC03021,LRRTM4,LUZP2,MDGA2,MED10,NCAM2,NCAN,PDCD6IP,PXDNL,RAMP3,RBM46,ROR2,RTL1,SEL1L3,SHISA9,STEAP3,TENM3,TFB2M,TMEM68,TP53INP1,TRPA1,TTC12,TUSC1,WDR72,WSCD2,ZNF407-AS1,ZNF516
145	ADAMTS12,ADCY2,ADISSP,AGBL1,AGTPBP1,ANKRD30BL,ARHGAP24,BCL11B,CDON,CNTNAP2,CST7,CTNNA2,DDX18,DOK5,DTNBP1,DYNLRB2,EFCAB11,ENSG00000289710,ESR1,FIG4,GTF2I,HAAO,KCND2,KCNS3,KLF12,MYH13,MYO3A,MYOM1,NACC2,NANOS1,NBEA,NECAB2,OPCML,OR3A2,OTOR,PDGFC,POU3F1,PPP6R3,RHOU,SHQ1,SLC19A3,SMG1,SOWAHB,TAB1,UTS2,VEGFC,XPO1
146	ADAMTS16,ADARB2,AKAP19,AMPH,ANKRD50,ARHGAP27,BAIAP2L1,BICC1,C1QTNF2,CFAP161,CFAP69,CSMD1,DAB2,DNAJB6,DPP6,DUSP26,ELMO1,ELP1,ERBB4,GIPC1,GPC5,GRM5,LINC02250,MAD1L1,MARCHF10,MTHFS,MYH13,NCAM2,OSBPL1A,OTOS,PAFAH1B1,PHF2,PLXDC2,RBFOX1,RBFOX2,RGS9,SEC23IP,SEMA5A,SLC24A3,SLC35F1,SLC5A12,TAFA2,TENM3,TENT4A,TMPRSS15,TTC5,UGGT1,VEGFC
147	ATP6V0A4,CCDC186,CCDC66,CCDC68,CD200R1,CNTNAP2,CPEB2,DPY19L2,EDIL3,EHD3,EMCN,ENSG00000265995,ENSG00000269514,ENSG00000286625,FTMT,GALNT11,HERPUD2,HS3ST1,KRTAP21-3,LINC00511,LINC01559,MAS1,MINAR1,MN1,MRPL36,MTCL1,MTHFS,MYC,NBAS,NELFCD,NUP85,PCDH7,PCSK5,POU5F1B,RASGRF2,RASSF3,RBM20,RDH13,SEL1L,SGCZ,SLCO3A1,SNX19,TBX3,TMCO5A,TMX3,TOR3A,ZEB1,ZNF253,ZNF516
148	AGBL1,ANKEF1,ANKRD10,ASB18,BABAM2,C1orf50,CCDC88A,CDK8,CLSTN2,CSMD1,CTNNA3,DLGAP2,DPH6,EDIL3,EIPR1,ENSG00000285566,HAUS6,HMGB1,IGSF3,IZUMO3,LINC02793,MBL2,MC4R,MIRLET7BHG,MLN,MYRIP,NOX4,NPAS3,PCDH15,PCDH18,PGPEP1L,PLEK,PLOD2,POMT2,PRRC2B,PSG4,RYBP,SALL1,SASH1,SCARB1,SOX1,SOX30,SULF2,TBC1D5,TLN2,TPSAB1,TRPM4,TYRP1,ZNF385D
149	AFAP1L1,AKR1B15,ARHGAP45,BARHL2,C1orf174,CD27,CDH11,CNTNAP5,CRIM1,DCDC2C,DLG2,DNAJB9,DPP10,DSEL,ELOVL6,EMILIN2,ENSG00000249290,ENSG00000277611,ENSG00000288916,ESRRAP2,EXT2,GRAMD4,HNF1B,IGSF9B,LMNB1,METTL15,MTUS2,MYOF,NAV3,NTM,PCSK5,PIK3CG,PKD1L2,PRRX2,PTPN14,RAB38,RASA1,RGS6,ROBO2,RUFY3,S100Z,SLC10A2,SLC2A9,SMARCA2,SPINK5,ST6GAL2,TMTC1,TPP2,USP12
150	ADAMTS19,ADGRB3,ADRA2C,AGA,ATL2,BCAS4,BCHE,C16orf82,CARTPT,CBLN2,CDH9,CIITA,CTNNA2,CXADR,DMGDH,EDIL3,ENSG00000248551,ENSG00000260761,ENSG00000265542,ENSG00000289192,ERG,FOXA2,FOXF2,GNA11,HHATL,HIP1R,IL17RC,KIF16B,KLF12,LARGE1,LINC01208,LINC02774,MAP3K1,MEAK7,OAS2,PCSK2,PDLIM3,POU1F1,PRR20A,PRR23E,ROPN1B,SEMA5A,SHISA9,TBX3,TENT4A,TRPM1,UNC45B,VWC2,XPNPEP1
151	ACTA1,ADAMTS12,ADAMTS5,ADAMTSL2,ATXN1,CDH11,COQ2,CREG1,DCDC2C,DOCK5,DTHD1,ELAVL2,EPHA5,GGTA1,GMDS,HAAO,HAO1,HAS2,KLHL29,LINC02432,MFGE8,MTMR9,NALCN,NBEA,NCAM1,NCAM2,NTNG1,OPRK1,PALS2,PARP4,PAX7,PCDH18,PLXNC1,POM121L12,PWRN1,RSPH14,SLITRK6,SYNE2,TECRL,TLL1,TLX1,TMX4,TOMM20,TSN,UBR3,UNC13C,VGLL3,XPNPEP1,ZPLD1
152	AK5,ANKH,ARID4B,BNIP5,C1orf52,CD5L,CSF3R,DPP6,FAM78B,FHIP1B,GOLGA6A,GRK5,HAO1,HNRNPA1L3,IDO2,INSR,IRX3,KAZN,KIF16B,LINC00662,LINC02613,LY96,MAP3K1,NCF4,NCK1-DT,NPBWR1,NRIP1,NXPE2,OSBPL3,PCDH15,PPP4R1,PTPRU,QKI,RBFOX1,SERINC2,SGCZ,SLC35B4,SLC35F3,SLC39A11,SP100,SULF2,TBC1D8,TLN2,TMTC3,ZSWIM7
153	ADAMTS19,BRINP1,CCNG2,CDO1,CENPE,CHIT1,COL4A2,DCHS2,ENSG00000233974,ENSG00000259363,EPHA5,EQTN,ERVV-1,FAT4,FSTL5,GALNT17,GFRA2,GRIA2,GRIK1,GRIK2,GSG1L2,HMGB1,IRX1,ITGB8,JARID2,KIF26B,LARGE1,LINC01697,LINC01727,LINC03034,LRRTM4,MCTP2,MFGE8,NAV2,RALYL,RWDD3,SHLD1,SLC15A5,SLC38A4,SLC9A9,STX2,TAFA2,TFAM,TGIF1,THADA,TPD52L1,ULK4,XKR4,ZPLD1
154	ADGRL3,ARHGAP11A-DT,ARHGAP32,CARS2,CDH7,CLINT1,CMPK2,COL22A1,DIAPH3,DLGAP2,DPP6,EEF2KMT,EFNA5,FSTL5,GAS5,GATD3,GMPR,HS6ST3,LINGO2,LSAMP,MAGI1,MGST3,MRPL39,MSC,MVB12B,OSTF1,PARD3,PCP4,PLEKHA2,PLPPR5,PRICKLE1,RCAN2,RIMKLA,RYR3,SEC61G,SIK3,SOX14,SOX9,SPACA6,SPATA17,STEAP3,SUB1,TAF1C,TMEM114,TMEM131L,TSNAX-DISC1,WLS,ZMAT4,ZNF236
155	ACO1,ADARB2,AGAP1,CCBE1,CDH18,CDRT4,CNTNAP5,CYTL1,DYSF,ELF2-DT,ENSG00000236283,FGF12,FRS2,GABRB3,GALNT17,GATA3,GGTLC2,GPD2,GUCY1A1,HAP1,ICE1,IMMP2L,LINC00667,LINC01164,LINC01467,LOXL2,LPIN1,MARCKS,METTL4,MYO16,NAV1,NKX2-5,NRSN1,OR8S1,PCDH15,PODXL,POLM,PRKCA,PRR20A,RASGEF1A,RFX3,SCARA5,SLC1A2,SPARC,STOML3,TIAM1,TMEM176A,TRIML1,XPNPEP1
156	ADGRL3,ANO3,ASTN2,BMAL1,CDH12,CELF2,COL9A1,CPEB2,CSMD3,DAP,DBX2,DPP6,EFNB2,ENGASE,ENSG00000260086,ENSG00000261707,EXO1,FAM124A,FAXC,FBLN1,FBXO33,GALNT15,GOLGA5,HEMK2,HTRA1,IGFBP7,IPO8,KLF12,KPLCE,LINC02196,MCPH1,MYO16,NALCN,NPY,NTM,NXN,PIK3AP1,RDX,RGS9,SAMD5,SHANK2,ST8SIA4,TLE3,TNFSF13B,TNK2,TRAPPC2L,VWC2,WDR17
157	ADCY2,BRIP1,CAMK1G,CNR1,CNTN4,DNAH9,DTHD1,DTWD2,DTX2,ENSG00000231189,GNA12,HS3ST3A1,HS3ST4,IL17A,JAKMIP3,KCNK1,KCTD21-AS1,KLRK1,LDHAL6B,LURAP1L,MPZL3,MRPL39,MUC7,MYH9,N4BP2L2,NDUFV3,NYAP2,OSBPL3,OTOGL,OTOR,PCDH10,PKHD1,PLB1,PPM1N,PTPN2,PTPRD,RBFOX1,SLCO5A1,SNTG1,STIM2,SULT1E1,TDRD15,TGFBR2,TGIF1,THSD7B,TSPAN9,TUSC1,WNT5A,XKR6
158	AEBP2,ANKRD50,ARAP2,B3GALT2,BAMBI,CHMP6,CHST8,CNTN4,CNTNAP2,COL22A1,CTNNA1,DNER,DOCK5,ENSG00000225815,ENTPD3,ERBB4,FAM153CP,FSTL5,GAP43,GOLGA8T,GPR25,IGFBP7,IMMP2L,KHDRBS3,KLF13,LARGE1,LINC01501,LRRC72,MAGI2,MREG,MTHFSD,NLRP4,NPR2,NRXN1,NXPH1,NYNRIN,PIK3C2G,POR,PRKN,PRTFDC1,RRM2,SEC22A,SEMA6D,SLA,SLC39A10,SMASR,TMEM65,TMPRSS15,USP25
159	AASDH,ADCY8,CDH9,CELF2,CHMP2B,CHRNA9,CNDP2,CNTN5,CPB2,CPNE4,CYLC2,DIPK2A,DOK6,FAAP24,FCER1A,FOXF1,GRAMD1A,GULP1,HDAC4,KHDRBS3,KLF4,MFHAS1,MRPL39,MSI1,MYO16,NRSN1,NUP35,PARP15,PCDH18,PDE1C,PGR,PKIB,POU2AF1,PPIG,PTPRD,RAD51AP2,RERGL,SLC22A23,SLC35F3,SLITRK6,SMOC2,ST8SIA2,ST8SIA6,STK32B,TMPRSS15,TRIML1,TTBK1,ZNF737
160	ADGRA3,ADRA1A,ANXA4,ARAP2,ARHGEF11,BOD1,C16orf82,C16orf95,C6orf118,CCNB1IP1,CDH10,CHORDC1,COMMD10,CPNE4,CRIM1,DCT,DEFA5,DNER,DOCK1,ELMOD2,EPAS1,ERBB4,FBH1,HS3ST4,IQSEC1,LAMB3,LINC00621,LINC03150,LIPG,LRPAP1,MCPH1,MIS18A,MTIF3,NALCN,NOX5,NXPH1,OR8G5,OTOR,RFX8,RIN3,RPS29,SNX16,SNX19,SOX5,TNFAIP3,TOMM20,TPP2,VCL,ZNF45
161	ACTL8,ALPL,ARAP2,ARHGEF7,ASRGL1,AUH,BUD13,C6orf118,CASP1,CDH13,CELF2,CLRN1,COLGALT2,CSMD2,DACH1,DOCK10,DPH6,FRMD4B,HMGN2,IFNAR1,IGLV4-60,INTU,IRX1,JAZF1,LDLRAP1,LINC01646,LINC02783,LMNTD1,LRFN2,MRPL39,MYLK,NCAM2,NR2F2,NRXN1,PLA2G4C,RAD23B,RBMS3,RHOU,SDC1,SLC17A6,SLC27A2,SORCS3,STX2,TMEM86B,TP73,UNC13D,ZIM2,ZNF415,ZNRF4
162	ANKRD34C-AS1,ASNS,AZIN1,CCDC179,CDC42EP3,CNTN5,COL5A1,CTNND2,ELF1,ENSG00000271715,FAXDC2,GLUD1,GRM7,IL12RB1,IRX2,JARID2,KCNQ1,KIAA0319,MED13L,MEF2B,METTL15,NDST3,NELL1,NSUN3,NYAP2,OR52I2,PARD3B,PREX1,PTPRK,PYDC2-AS1,QRSL1,RBBP6,RBMS3,RESF1,RMI2,RWDD3,SEMA4B,SLC24A3,SMARCA2,SMCO4,SYNE3,TAFA5,TEK,TEX36,TLL1,TRIB1,TRIO,TUT7,ZMAT4
163	ABCA13,ANKH,ANKRD55,APBB2,ATP13A3,BANK1,CACNA1A,CDH6,CLRN3,CNTN4,CNTN5,CNTNAP5,COPRS,CRIM1,DOCK9,ELAC2,EPC1,ERC1,ERGIC1,FBP1,FHIT,FZD8,GDAP1,GLT1D1,GPM6A,HAND2,MAGI2,MC4R,MPHOSPH6,NRG1,PCDH17,PDE1A,PRR16,PTPRC,PTPRD,REST,RP1,SERPINB8,SLC1A2,SMAD5,SMARCA2,SNTG1,SPACA6,TBC1D9,THSD4-AS1,TSN,TTLL3,ZNF486
164	ABCG1,ACCSL,ARL15,ATP6V0E2,B3GAT1,C16orf95,CALCR,CCDC68,CDH7,CDH8,CLINT1,COPA,CREB5,CRIM1,DAD1,EBF3,ETS2,FAT3,GALNTL6,HAPLN1,HMGN1,LMOD1-AS1,MALT1,MDGA2,METTL4,NCAM2,NXN,PDIA4,PNLIP,POGK,PPP2R2A,PSG4,SLC24A4,SLC45A1,SLC8A1,SPRY2,ST8SIA2,ST8SIA4,STK32A,SUCLG2,TBC1D4,TNS3,TUSC3,URB2,WDR5,ZDHHC21,ZMAT4
165	ABHD17C,ADAMTS16,ADCY9,AGBL1,ANO3,ARGLU1,ARL6IP6,ATP1B3,BPNT2,C16orf95,CEP57,CORO2B,CPNE4,CSMD3,CXCL1,CYLC2,DGKB,ENSG00000286700,ENTREP2,EXD2,FERD3L,GOT2,GSG1L2,KALRN,KCNIP4,KCNJ6,KHDRBS3,KLHL1,LRATD1,MTUS1,MTUS2,NDUFA5,PCDH7,POTEC,RBFOX3,RXFP3,SESTD1,SLC12A3,SLC22A23,SLC4A3,STAP1,STK10,TBC1D22A,TMPRSS15,TRDN,WNT7A,WSCD1,XYLT1
166	APCDD1,BTC,CAST,CDH2,CMC1,CNOT1,CNTNAP2,CP,CTSB,CXADR,DDX49,DGKG,DSCAM,ENSG00000231863,ENSG00000265542,ENSG00000287338,ENSG00000289710,FAM98A,GMDS,HDHD5,HEMK2,IGHMBP2,IRF5,IRX2,LINC02885,LURAP1L,MED10,MMP26,NOP53,NTPCR,OR1A2,PDE10A,PDE5A,PRAG1,PTPRD,PVT1,RSL24D1,RTN1,SLC39A10,STON1-GTF2A1L,TAFA4,TNFSF10,VSTM2B,XPNPEP1,ZHX2,ZNF516,ZNF528-AS1,ZWINT
167	ACAN,ADAMTS16,AFF3,ALDH7A1,ANKRD30B,APOLD1,CATSPERE,CD82,CDH7,CDH9,CEP43,CIMIP4,COBL,DCTN6,DHX57,DOK6,DPYD,DRC11L,DYRK4,ENSG00000206356,FAR2,FBLN1,GAD2,GRIK2,HPGD,IFT52,IGF1R,IL15,KHDRBS3,LPIN1,MBL2,NR2F2,PARM1,PI4KA,PPP2R2B,PRAM1,PROX1,PTPRD,RAPGEF1,RASD2,ROBO1,SGCD,SHISAL1,SPATA31C2,SSTR4,ST6GAL1,TRIM24,ZNF320,ZNF385D
168	ACCSL,AKAP12,ANK2,AZIN1,C16orf95,CCL20,CHN1,CLRN3,CNTN4,CRADD,DAOA,DLGAP2,DNAH5,DUSP10,EPHA4,ERCC4,ERCC6L2-AS1,FAM135B,FBXO25,FOXRED2,GALNT17,GMNC,GOT2,HK1,HS3ST1,IFNG,KATNAL1,MUC19,NOVA1,NPIPA8,NRXN1,PAPPA,PCDH7,PDE5A,PIGB,PLOD2,PMS2,POU5F1B,PREX2,PTPRD,RFX3-DT,RORA,SLC10A2,SLC39A10,SPIRE1,TBX19,TRAPPC12,TSN,ZP4
169	ADAMTSL1,AFMID,AJAP1,ANKRD7,ATF3,BOD1L1,CD81-AS1,CDH23,CDK5RAP2,CHL1,COG7,DNAH5,EFR3A,ELMO1,FLRT2,GAS7,GATA3,GNAI1,GPC5,HMX2,IRX2,KDM5A,LINC03040,LOXL2,LRP1B,MAGI1,MBIP,MC4R,MYOM3,NAV2,NBAS,NPVF,NSUN2,PDE3A,PLXDC1,PRNP,PTPRG,PTPRU,RAI14,RNF32,SCML4,SKOR2,SLC10A2,SLC7A2,SNHG14,SSTR2,SYNE3,THSD4,THUMPD2
170	ACO1,ADORA2A,AHR,AJAP1,ARHGAP26,CDH13,CDON,CTNNA2,DORIP1,ENSG00000285553,ENSG00000289527,FAM149A,FARP1,FASTKD1,FGGY,GPC5,GRM8,IPO8,KCNS3,LINC01187,LRRC28,MAGI2,MAPK4,MBNL1,MCPH1,MED13L,MEG9,NCR1,NDUFA4,NOG,PCF11,PDE10A,PITX2,PLA2G5,PLXNA2,POM121L12,RAB11FIP4,RCL1,ROBO2,SAMD5,SERPINB8,SOX11,SRBD1,SUCLG1,TEX29,TTC6,VIM-AS1,ZNF333,ZNF516
171	AADAT,ABCC4,AJAP1,ANKRD30BL,BASP1,CCDC3,CCDC74A,CCDC82,CCN3,CDH7,CEMIP,CSMD1,CTNND2,DACH1,DHX36,DPYD,EIF3H,ESD,GRIN2B,IPMK,IRX2,KCNT2,MAN1A1,MAP3K5,MIA3,MRPL39,MYH7,NCAM2,NME7,NRSN1,NUB1,PLOD2,PRX,PTPRG,RARB,RFX2,RNF144A,RWDD3,SLC24A2,TENM4,TLR6,TNS3,TRAPPC8,TSHR,TSPAN9,TUSC3,UGT2B4,UTS2B
172	ABLIM2,ADGRF4,ALCAM,ATPSCKMT,CBLB,CBLN2,CDC73,CDH11,CHN2,CNR1,COX10,DHRS11,DNAJB9,EDIL3,EIF3E,EXT1,FAT4,FOXP1,FTMT,GBP3,GRAMD4,IGSF21,INSC,KCNK9,KLHL29,LINC02828,MACROD2,MCPH1,METTL22,OR52N4,PABPC1,PCDH10,PCDH15,PIEZO2,PRMT6,PVT1,RAPGEF2,RMDN1,RNF144A,SAT2,SCARA5,SHANK2,SORL1,SOX17,TBX3,TCIM,UBR2,UGT2A3,UNC13C
173	ADAMTS18,AGBL1,APCDD1,BRI3,BTN3A2,C10orf90,CAMK1D,CFAP54,CRABP1,CTNNBL1,DIRAS2,DMAC1,DSCAM,DTWD2,ENSG00000229727,ENSG00000288985,FOXF1,GJB4,GNPDA2,GRHL2,GRIK3,HAND2,HLA-DQA2,IBA57,IRX5,KDM4C,KIF4B,LARGE1,LILRA5,LINC02422,MYT1L,NOX4,NPHP4,PCDH15,PJA2,PRDM5,PTS,RAB28,RASGRP1,RPA3,RPL31,SLC10A2,SLC35F4,SOX1,SUCLG1,TENM4,TMEM232,UBLCP1,WDR5
174	AADAT,ADAMTS18,ADAMTSL1,ANK2,ARAP2,ARSJ,AUTS2,BARX1,BHLHE40,BMPER,C6orf163,CACNB2,CDC42EP3,CDH2,CHORDC1,COX10,CSMD1,CXADR,CYRIA,DNAJB9,DRD1,DTHD1,ENPP1,ENSG00000251567,GOT2,IFNLR1,IFTAP,IL4I1,JAKMIP3,KCNJ3,KLF3,MIPEP,MRPL39,MYO16,NBAS,NCALD,PABPC4L,PKHD1,RIT2,SOX11,SPSB1,STK10,SULF2,SV2B,SYNJ2,TSHZ1,VRK2,VSTM2A,ZHX2
175	ABCA1,ARHGAP32,ARRDC4,BCL11B,BLOC1S5,C4orf33,C9orf85,CAPZB,CD1E,CNTN5,DCLRE1C,DLGAP1,DNAH5,ENSG00000230628,EYS,FAM120AOS,FAM181B,FAM81A,FEM1A,GRM4,HACE1,IRF8,KCNK9,KLK7,KSR2,LCMT1,LINC01980,LINC02191,MPHOSPH6,NKAIN2,NRN1,PARD3,PCDH7,PLA2R1,PLOD2,QKI,RGS2,RMP24,SDR39U1,SLC25A26,SORL1,SOX9,SP110,SPDYE21,TERF2IP,TMEM200C,TUSC1,XYLT1,ZHX2
176	AFG1L,ARRDC4,ASPG,BOD1L1,CBLN2,CDC73,CDH12,CNTNAP2,CTNNA2,DHFR,DSEL,ECHDC1,ENSG00000232153,ENSG00000285471,ENSG00000288902,ERBB4,FAM181A,FHIT,FMOD,GRB10,HAND2,HS6ST1,IL1R2,IPCEF1,KANSL1,MACROH2A1,MARCHF1,MED13L,MYH9,NUAK1,PAX5,PDCD1LG2,PLSCR2,POU1F1,PXK,PYHIN1,RBFOX1,SIX2,SLA,SLC25A48,SLC35F3,SLC47A1,SMYD3,SVIL,TENT5A,TTC32,ZNF468,ZNF519,ZNF823
177	ABCA7,ACOT12,ADCY9,AJAP1,ARGLU1,ARHGAP24,ARHGEF26,ASIC2,ATP13A4,B4GALT5,B4GALT6,CCDC6,CNTNAP5,DAPP1,DCBLD2,DSC3,DYRK4,ENSG00000233577,EPHA7,EXOC1,FAM86B1,FER1L6,FREM1,FZD10,GPC5,GSDMC,INPP1,ITGBL1,KDM4C,LRRC4C,NAALADL2,NSA2,NUF2,NXPH1,PEBP4,PEX7,PREX1,RP1,RPS26,SNTG1,SOX4,SPOCK3,TEKT5,TMEM132D,TPK1,TTC33,VMO1,ZNF737
178	ACTR3B,ADARB2,AP2A2,ARAP1,AUH,BAIAP2L1,BOD1L1,CACNB2,CDC73,CENPC,CHGA,CSMD1,CYLC2,CYSLTR2,DAOA,DENND4B,EMCN,ENSG00000272942,GLIPR1L2,GRK5,ITGB2,JHY,KCND2,KDM4C,MAP1LC3C,MDFIC2,MYO5C,MYT1L,NGEF,NKAIN1,NUDCD2,PCDH15,PDE10A,PDE8B,PDIA4,PEBP4,PINX1,PLOD2,RGS17,RPS6KA2,RTL1,SGPL1,SNAP25-AS1,SPATA31C2,SYT9-AS1,TAS2R1,THSD7B,VWA5A,XPO4
179	ABTB3,ADAM7,ADAMTS9-AS2,BAX,CACNA2D1,CSMD1,CTSO,CYP26B1,CYP4F12,DIAPH3,EEF1E1,ENSG00000274422,ENSG00000281468,ENSG00000289439,ETS1,FOXN3,GALNTL6,GATA3,HS3ST4,IL12RB1,KLF12,L3MBTL4,LARGE1,LPA,LRRIQ3,MACROD2,MATN1,MPHOSPH6,MSX1,MYEOV,NCR2,NKAIN2,NPAS3,NR5A2,OXSM,PAK5,PCDH15,PDE4B,PKDCC,PSMG4,RARB,RASSF9,RBM43,ROBO1,SH2D1B,TBC1D26,TMEM132C,TNR,UBE2E3
180	ABLIM1,ACSL1,AJAP1,ANKH,ANO4,ASB1,CDH10,CDH13,CDH23,CHD9NB,CHL1,CPE,CSMD1,DLGAP1,ENSG00000229642,ENSG00000288912,ETV1,FHIT,GUCY1A1,H3-5,HECW1,IGFBP7,KCNN2,LINC01270,LINC02064,LINC03051,LRAT,MARCHF1,MON1B,MUC16,NAA60,NAALADL2,NAGK,NECTIN3,POU5F1B,PROSER2,RAB11FIP2,RAI14,REST,RTL1,RTL6,SDK1,SP3,SPTBN1,TBC1D31,TMEM132B,XYLT1,ZFAT,ZKSCAN2
181	ACIN1,AGAP1,ARHGEF4,ATE1,BCR,C16orf95,CDH20,CEP112,CGNL1,CHST2,CNTNAP4,CPE,CRYBA4,CTNNA3,DGKI,DLGAP1,DPF3,EIPR1,EYS,FOXI2,FXYD4,GABRG3,GNA12,GRID2,GRIP1,KANK3,LINC03060,LINGO2,LTBP4,LUZP2,MDGA2,ME2,METTL4,MEX3B,MYO16,MYO1E,NRXN1,PCLO,PIWIL1,PLOD2,PLPP3,PRB2,PTPRN2,RNGTT,SLC28A3,SOX5,TENM3,TNFRSF13B,TPR
182	AGAP1,AMOTL1,ANKRD30A,ARHGEF26,CAPN5,CDH10,CHRD,CHRM3,CNTNAP2,CSMD1,DCLK3,DGKB,DIAPH3,DOK5,DOK6,DTX4,EFCAB2,EPHA4,ERBB4,FANCL,FARS2,HS3ST4,ID2,LPIN2,LRIG2,LRRC28,MRPL52,NECTIN1,OTUD7A,PDE9A-AS1,PIEZO1,PITX1,PLA2G4A,POGK,PPFIBP1,PRDM1,S100A6,SERPINA4,SGIP1,SGMS2,SLC35C2,SMOC1,SNX29,SNX8,STMN4,TBX18,TMEFF2,TRIM68
183	AADAT,ACO1,ADAM7-AS1,ADCY1,APBB2,ARHGEF16,C1GALT1,CDH9,CFAP69,CFAP97,CNTN5,COL22A1,COL8A1,COX7C,CPE,CYLC2,EIF2A,ENSG00000234156,ENSG00000285730,FAM135A,GRIN2A,GSC,HNRNPLL,LARGE1,MARCHF1,MBD3L2B,MOB3B,NCAM2,NPFFR2,NR5A2,NTRK3,NWD1,ONECUT2,PDLIM3,PIK3C3,PPFIBP2,PTPRD,RAPGEF1,RRAGC,SPTLC3,STK32A-AS1,SYNE1,THSD7A,TNP1,TSN,ULBP3,XRCC3
184	ALPK2,ARHGEF10,ATP2B4,ATP6V0E2,C8B,CACNA2D4,CNTNAP2,CRYZ,CSRP1-AS1,DLGAP1,DOCK4,ENSG00000288075,ETV1,FTO,FYN,GGPS1,GHR,GNGT1,GORAB,HMHB1,HTR2A,KCNB2,KCNN2,KSR2,LINC02925,LRRC4C,MEI4,MTPN,MTUS2,NELL1,NOX3,OSTF1,OTULINL,PKD1L2,PRKCA,PTPRD,QKI,RAB6C,SENP6,SLC2A5,SLC6A6,SLC8A1,SORL1,SP140L,SPAG17,SPCS3,TNP1
185	ADAMTS18,AGA,AGPAT3,AIM2,ANGPT1,ANK2,ARHGAP5,CBLB,CNTN4,COBL,COMMD10,CPEB2,EMCN,ENSG00000226281,FRMPD1,HMGCR,KCNAB1,KCNB2,KDM4C,KLF4,KLHL1,LILRB1,LINGO2,LMCD1,MEIS2,MRPL39,MTG2,NAF1,NDN,NDRG1,NOVA1,NRCAM,NRSN1,PDE9A,RAD51AP2,RAI14,RGS12,SNRPN,SORCS3,SPOCK1,TBX3,TENT5C,TMEM132B,TNPO1,TTC39B,UGT8,UTP18,ZNF670-ZNF695,ZP4
186	AGA,ARPP21,ATP13A4,BRINP3,CARD14,CDH9,CEMIP2,CNTNAP2,CXCL8,DAOA,DCC,DIAPH3,DMRT1,DPP10,DSCAM,ENSG00000287477,FAM171A1,FCER2,FSTL5,ID2,LINC02281,METTL4,MICAL2,MPHOSPH6,NDUFA10,NHIP,NR2F2,NUDT12,OSTN,PARD3B,PLEKHG1,RAB11FIP2,RANBP3L,RBFOX1,RCAN1,SERPINA12,SFXN1,SMYD3,SUCLG1,TBC1D1,TFAP2C,TLN2,TMPRSS15,TRAM1L1,TUBB2A,TUSC1,UTP23,VEGFA,XRCC4
187	ABCC5,ADAMTS14,ADCK1,ATL2,BHLHE40,BRCA2,BTBD3,C1QTNF6,C1orf174,CDH8,CNTNAP5,COMMD10,CTSO,DDX11-AS1,DENND3,DSC3,ECHDC3,EDN3,EYS,FOXO1,FSTL4,HELT,LINC01099,LINC02016,LROMI1,LSAMP,LUZP2,MATN1,MCTP2,MEF2A,MTUS2,NECTIN2,NPR3,PCDH7,PKP4,PRDM16,RASGEF1B,RPL38,RPLP1,SDK2,SGIP1,SNTG2,SORCS1,SOX5,STK35,STX8,TMEM132C,USP3,ZNF333
188	ADAM12,AFDN,AKAP5,APOLTP,ASTN2,ATXN10,C1QTNF9B,CACNA1S,CD226,CNTN5,COL21A1,CST5,CYYR1,DLGAP2,DNAH11,DNHD1,ELFN1,ERLEC1,FAT2,FCGRT,HHAT,HS6ST1,IFI44,KIF3C,KLF12,LRP2,LYPD3,MDM1,ME1,NSUN6,RIMS1,RORA,SERPINB6,SGCZ,SIM1,SLC16A14,SORBS2,SP8,SPDYE21,SV2C,THRB,TMPRSS15,TRIML1,TSNARE1,UGT2B15,VIT,WDR64,ZBED5,ZEBTR
189	ABRACL,ACKR3,ACTR3B,ADCYAP1,ALX4,APBB1,AQP3,ATP10A,CAMTA1,CCSAP,CDH6,CYRIA,DNAJC6,ECHDC1,ELOVL6,ENSG00000285784,ETV6,FAM110B,GPRC5D-AS1,KCNA1,KCNT1,KHDRBS3,LHPP,MBL2,MROH8,MRPS22,MYCN,MYOF,NEURL1B,NKX2-6,NMRK1,NPHP4,PARD6B,PAX7,PREX1,PROK2,PTER,RALGPS2,RBM47,SEMA3E,SEPTIN11,SNX2,TAF4,TBC1D9,TLE4,TNNT2,UST,WNT5B,ZFYVE28
190	ADARB1,ADGRL2,ADRA1D,ALCAM,ATE1,ATP2B4,CAPRIN2,CDH10,CNTN5,CRB1,CRYBA4,DTHD1,EFNA5,EGLN3,ENSG00000237320,ENSG00000237464,ENSG00000285566,ENSG00000287996,ETV1,FIGN,GAS7,GPR39,IQGAP2,ITGBL1,KCNT2,KLHL38,LITAF,LRCH1,LRP1B,OLFM3,OPCML,PCDH10,PDZD2,PRELID2,PRKAG2,PTPRU,RBFOX1,RBM20,SLC28A3,SLITRK5,SOSTDC1,STON1,SUDS3,TECRL,TMEM132C,TMEM50B,TXLNB,XPO4
191	ACER1,ADAMTS3,ALG1L2,ARNT2,CDH13,CEP68,CFAP251,CTNNA2,DPP10,DTHD1,EDN1,ELMO1,EML3,ENTPD3,EYA1,FEM1A,FOXA2,GTPBP3,IL7,INTU,KCTD16,KIF23,KL,KLHL1,LINC01163,LTBP1,MAFB,MAILR,MEAK7,MEST,MKLN1,MYOM2,MZT2B,NPAS2,PCMTD1,PLD5,PRKN,PRRC1,PTGER4,SLX4IP,ST6GALNAC1,TIAM2,TIGIT,TNIK,TP63,TYRP1,WWOX,ZNF195,ZNF737
192	ACO1,ACOT11,ADCY8,ADGRL3,ANKRD30B,AQP7,ARRDC4,C4orf50,CALN1,CDH12,CNTN4,CNTNAP2,COL28A1,DCC,DDX60L,DPH6,EBF3,EIF4G3,FAM174B,FSTL5,GSC,HAO1,HAS2,IZUMO3,KCNIP1,KLHL6,LINC00658,LINC01398,MGST1,MRPL19,MYO18B,OLFM3,OSR1,PLPPR5,PRDM9,PSD3,PTPRM,RORA,SLC28A3,SLC2A14,SLIT2,SNCA,SNTG1,TMEM132C,WFDC1,YJU2B,YTHDC1,ZBTB7C,ZNF462
193	ARHGEF15,ARHGEF35-AS1,BCL11B,BOD1L1,BRINP3,CAP2,CEP295,CNDP2,CPLANE1,CSMD1,DLC1,DNAH14,DNAJB9,ENSG00000283563,ERG,FRMD4A,IL36B,ISX,JAK1,KBTBD11,KLHL1,KLHL29,LHFPL6,LINGO2,LRCH1,MUC20-OT1,NCALD,NIPAL3,PDGFD,PDZRN3,PFKFB3,PKNOX2,PLD5,PTPN14,ROBO2,RREB1,SCAMP1,SEMA5A,SERPINB8,SERPINB9,SGCZ,SIM1,SMIM21,SOCS6,SYNDIG1L,TENM3,TMPRSS9,VWA5A,ZNF766
194	ADCY8,ADRA2C,ASTN1,ATP5MF,BAIAP2,CCDC74B,CCSER1,CD207,CDH11,COL13A1,DLGAP2-AS1,DNAH14,ELP5,ENSG00000275392,JAK2,KCNIP4-IT1,KCNN2,LINC03078,LRRC3B,LTBP1,MKI67,MPHOSPH6,NCAM2,NTM,NUP210,NWD2,PKD1L2,PLA2G6,PLXDC2,PRKCB,PVALB,RAB12,ROBO2,RPL10L,SERPINI1,SH3GL3,SLC35B3,SMAD6,SNX19,TACR3,TAFA5,TMEM132C,TRIB2,TUSC1,UROS,USP47,ZNF763,ZNF765,ZNF766
195	ADCK1,ADGB,AHNAK,ANXA1,APOC2,ARSJ,C4orf51,CECR2,CNTN6,COBL,CTNND2,CTSO,DNAJB9,DSCAML1,ESF1,ESM1,EYS,FASLG,FBXO33,FOLR1,GLT1D1,GPR26,GRM7,GSTA4,GYPC,HS3ST3B1,HS6ST1,KSR2,LINC00837,MB,MRS2,MSX2,MYH13,NEK11,NKX3-1,NPAS2,NRXN3,OPCML,PDHB,PSMG1,PTGER4,PWWP2B,SCARA5,ST6GALNAC3,SYK,TBC1D1,TLL1,TNFSF13B,TPD52
196	ANK2,BNC2,C3,CBX7-AS1,CCDC179,CDC42EP3,CDC73,CRBN,DSCAM,DSEL,ELOVL2,ENSG00000273167,ERG,EYA1,F13A1,FSCB,HMX1,HNF4G,IQSEC1,IRS2,KATNAL1,KCNE4,KCNIP4,KCNJ15,KCNJ2,KCNT2,KLHL1,LAMP3,MAP4K4,MAT2B,MEI4,MEX3C,OTOR,PABPC4L,PCDH10,PKIA,PLB1,POM121L12,PSAT1,RAB29,RAB38,SLC1A1,SLC22A14,SLC24A4,SLC6A15,TLN2,TNIK,TUSC1,ZFAT
197	ACSL1,ACTR3B,ADGRF4,AFF1,C19orf12,CA10,CAV3,CBX7,CELF2,CTSC,DCLRE1C,DNAH11,ELOVL2,EN1,ENSG00000287744,GLRB,GRID2,GTF2I,KCNT2,LARGE1,LDB2,LINC00408,LRATD1,LYSMD4,MAP9,MCPH1,MOB3B,MPDZ,MYPN,NALF1,NEDD9,OPRK1,PAK5,PCDH7,POFUT2,PRKAG2,REPS1,SCNN1B,SDHAF3,SIRPA,SLC10A2,SLC7A1,SLCO1B1,SLCO3A1,TBC1D14,TENM3,TLE4,TMBIM4,ZMAT4
198	ANXA6,BNC2,BOD1L1,C11orf24,CATSPERE,CBLN4,CDH9,CFHR4,CHCHD3,CHD5,CNTROB,COL22A1,COL26A1,CPNE4,CRYL1,CSRNP3,EPHA5,HSPG2,KLHL1,LINC02613,LINC03018,LRRC4C,LRRTM4,LSAMP,NOMO3,P2RY2,PGBD5,PPFIBP2,PRKCQ,PTPRD,RELN,RGMA,RGMB,RORA,RTL6,RYR3,SLIT3,SORCS1,SRI,SYN3,TBX2,TFIP11,THNSL2,TMEFF2,TPD52,TRMT61B,TSHZ2,ZNF320,ZNF75A
199	AGPAT5,BMPR1B,C4orf33,CASQ2,CCDC167,CIBAR2,CPZ,DPP6,EMCN,FOXG1,FOXQ1,FUT9,GABRG3,GALNT2,HAS2,IGFBP5,LDLRAD4,LHFPL6,LINC02232,LRRC4C,LVRN,MAL2,MNX1-AS1,MTRR,MYOM2,NR5A2,NRXN1,OPA1,P2RX7,PDCD5,PIK3C3,PKHD1,PLEKHG1,PROM1,PTPRN2,SEC14L1,SEZ6L,SIPA1L2,SLC16A7,SLC29A3,SMIM22,SOX11,TENM3,THSD7A,TNS3,TRPM3,UBE2O,YTHDC2,ZAN
200	ADAMTS16,ADH5,ARAP2,AUTS2,B3GLCT,BTG1,C1orf174,CADPS,CARTPT,CCDC60,CD36,CDIN1,CEACAM8,COLGALT2,CPNE4,DPY19L2,EFNA5,EYA2,FHL2,GABRG1,GAS1,GPR137B,GYPB,H3Y1,HDAC9,IRX1,IZUMO1R,KAZN,KCNT2,KDM3A,LRATD1,MACC1-OT1,MRGPRX2,MYEOV,OPRM1,PCDH7,PIMREG,PLD5,QRSL1,SERINC5,SLC2A9,SLITRK6,SOX11,SRBD1,TOX3,TUSC1,TYRP1,ZNF608
201	ASB13,ATP10B,B3GALT1,CCDC102B,CCSER1,CDCA7,CDCP1,CLDN23,CNTN5,CNTNAP5,CWC22,DPP6,ERBB4,ETV1,FBXO15,FSTL5,GNAI1,HNRNPH1,HRH2,HS3ST5,IFNAR1,KBTBD11,KHDRBS3,LITAF,LRRC7,MALRD1,MECOM,NPAS3,NRN1,OPRK1,OR10A7,PLCG2,PRKG1,PTPRD,RAB38,RADIL,RGPD4,SEMA6A,SLC30A8,SQLE,TENM3,TLE5,TMEM170B,TPK1,TPR,TRMT9B,TTC39B,ULK4,XAF1
202	ADAM12,BACH2,BOD1L2,CCDC85A,CCT5,CD38,CPE,CPNE3,DISP1,DLGAP1,DPPA2,DSC3,EMX2,ENSG00000287516,FAM136A,FBXO15,FRAS1,FRMD4A,GABRB3,GATA3,GIPC1,IPMK,JAG1,KCNQ5,KLF16,N4BP1,NALF1,NR2F2,NXPH1,OR52A5,PARP4,PRAG1,PTPRN2,QRFPR,RBM23,RNF144A,SHISAL1,SOCS6,SPON1,SUB1,SUCLA2,SUSD6,TBC1D1,TC2N,TENM3,TMC8,TNNI1,TUSC1,UBAC2
203	ARHGAP8,CCZ1,CNTROB,COL11A1,CSMD1,DCDC2C,DGKB,DLGAP2,ENSG00000223502,ENSG00000251185,ENSG00000282278,ENSG00000287097,ERBB4,FAM98A,FRY,GALNT13,HSPB3,HUNK,IGFBP7,IPO5,LARGE1,LRRC3B,MAN2A1,MAP10,MARCHF1,NCAM2,PLD5,RBFOX1,RPP40,RPS20,RUNX1,SEC23A,SIM2,SLC17A6,SLC28A3,SPINK2,SRRM4,STEAP4,STIM2,SYT10,TAFA5,TFPI,TMEM132D,TRMT44,UNC5C,VWDE,WIPI2,ZNRF3
204	ADAMTS12,ADCY9,ANO1,ANO2,ARRDC4,BAMBI,BLOC1S5,CABP1,CACNA1C,CDH7,CLMP,CNTN5,CNTNAP2,COL12A1,DHX15,DSC3,ENSG00000273167,EXPH5,FOXQ1,GCLC,GPR39,GSE1,GXYLT1,IPCEF1,IRS1,ITGB2,KCNA1,LRRIQ3,MCPH1,MED10,NEURL1,NUAK1,ONECUT3,PLCB1,PPFIA2,RNF17,RNF6,ROBO2,SACK1B,SGIP1,SLC37A3,SLC66A2,SLC8A1,SOX11,SPDYE21,STX18,WWOX,ZNF385D
205	A4GALT,ADGRE3,ARHGAP32,C6orf118,CDH19,CLSTN2,CRIM1,CTSC,DAD1,DIRAS2,EML4,ENSG00000227017,ENSG00000286625,ETS2,FAM227B,GFOD1,GRIK4,GRK5,HERC2,IRX2,KAZN,KCNT1,LHX2,LINC00879,LINC00958,LINC01801,LINC02549,MACC1,NFKB1,NGF,PAH,PRKN,PSMB5,RGS1,RORB,RPS6KA4,RWDD4,SEMA6D,SERPINB13,SH3YL1,SUGP2,SYNPR,TM4SF1,TMPRSS15,TSEN2,TSPAN11,ZDHHC14,ZNF263
206	ACVR1,C14orf132,C1QTNF9-AS1,C2CD4A,CCL15-CCL14,CCM2,CDH10,CDH5,CDH7,CNTNAP2,CYTL1,DAB1,DAPP1,DUSP1,ENSG00000254057,INPP5D,KLF10,KRT80,LHX1,LINC02754,LRP1B,MAGI2,MAP3K2-DT,MED10,MINDY3,MTMR10,MZT2A,NAV2,NCAM2,NCEH1,NECTIN1,PCDH18,PCM1,PRIMA1,PXYLP1,RHOH,SEL1L,SEPTIN8,SMG7,SNTG1,SORCS1,SRD5A1,TBC1D8,TCERG1L,TMEM51,TRAPPC5,UGT2B15,WLS,XYLT1
207	AADAT,ADGRL3,ANKRD26,APCDD1,ASAP2,BTC,CBLN2,CDH6,CDH9,CDK14,CEP57,CHODL,CLDN14,CNTNAP5,CSMD1,CSMD2,CSNK1G3,DDX60L,DIRAS3,DTNB,ERBB4,FAM131B,FHIP2B,FSCB,GFRA2,GLDC,GRIK3,GRIN3A,HAND2,HAPSTR1,KCNQ5,KCNU1,LAMB1,LMBR1,MMP20-AS1,MOB3B,MSX2,NAALADL2,NLRP5,PCDH7,PODXL,PRKCQ,PRLR,SMIM31,SMLR1,SORCS1,TECRL,TUSC3,ZNF667-AS1
208	ADGRF4,AKR1C3,ANK2,ARGLU1,ARHGAP44,ATP10B,BCKDHB,BCL11B,CCDC60,CCDC68,CDH4,CDV3,CLN8,CNTN6,CREB5,CRTAC1,DAD1,DICER1,DIPK2A,DLGAP1,ENSG00000239920,GALNT18,GALR1,GPCPD1,GUCY2D,HECTD2,KCNV2,LGALSL,LHFPL6,LIN7A,MCPH1,MFGE8,MMP16,NLRP11,PFKFB3,POLRMT,PSD3,RBM46,RPAP3-DT,RYR2,SMOC1,SNTG1,SPHKAP,TAC1,TDRD3,TIGD2,TMEM117,TMPO,ZNF37A
209	ADGRL3,ADRA2C,AGA,AGTPBP1,ARAP2,CCSER1,CDC73,CHN2,CIMIP1,CNN2,CTNNA2,CTTNBP2NL,DOCK1,EEF2,EGLN3,ENSG00000288951,EPB41L4A,GAN,HAP1,HLA-DRB5,HTN3,IRAK1BP1,LINC00377,LRFN5,MAF,MIR4435-2HG,MTRR,MYO16,NECTIN1,P3H3,PARD3B,PKD1L1,PREX2,PTPRD,RBFOX3,SEMA6D,SLC16A9,SNX18,SNX5,TDRD15,TMEM132C,UGT2B4,UMOD,USH2A,VWF,ZDHHC11B,ZFAND6,ZFHX4,ZIC5
210	AGA,AGBL1,AKAP13,AMER2,ARHGEF7,ATPSCKMT,ATXN7L1,CCDC27,CDCA2,CDKN2B,CFAP276,CNTNAP5,CYP11B1,DNAH5,DOK6,ENSG00000288973,EPHB1,FAM98A,FAR2,FGF12,FMN2,HDDC2,IFNG,KCNIP4,KIF13A,LRMDA,MAN2B2,MEGF6,MFHAS1,MINDY4B,MLN,NKAIN2,NTRK2,OPTN,OTUD7A,PCDH10,PCDH15,POU2AF2,RIN3,SAXO1,SEPTIN9,SGCZ,SLC38A4,SLCO4C1,SMIM7,SOX11,TMEM108,ZNF397
211	AZI2,BCL11B,BRAF,C8orf34,CAMKK2,CAPN5,CDH10,CDH4,CDH5,COL27A1,COL6A3,CYLC2,DPPA2,DSPP,ENSG00000251339,FAM43A,FSTL5,GALNTL6,GCC2,GOT2,HACE1,HDAC4,HS6ST1,KCNC4,KCNMA1,KCTD8,LHFPL6,LILRB4,LINGO2,LIPC,MIA3,NEDD4L,NFIC,OTOP1,PAPPA,PAPSS1,PJA2,POM121L12,RASSF2,ROBO2,SALL3,SCN9A,SCYGR10,SGMS1,SINHCAF,SLC34A2,SPOCK3,TGFBR3,TRIQK
212	CHRM2,COG6,COL12A1,CPNE4,DAB2,EFCAB3,ENSG00000266302,EPHA4,F11,FBXO28,FBXO33,FHIT,GFM2,GNAI1,HACE1,HAS2,IBTK,IRX2,IYD,KCNIP1,KCNJ2,KCNT2,LDB2,LSM3,MSH3,MYCN,NCAM2,NEDD4L,OLFM1,PCDH18,PCDH7,POU3F3,PPP2CB,PRMT6,PTN,RAMP3,RBFOX1,RBMS3,RFX8,SDK1,SEC14L5,SEMA6A,SERPINA1,TACC1,TBC1D22A,TCERG1L,TPP2,ZDHHC14,ZNF257
213	AGA,ANO3,ATP5MC3,ATXN7L3B,AUH,BCL11B,BCL6,BLID,CDK18,CEACAM16,CELSR1,CNOT1,CNOT4,CNTN4,CSMD1,DCTN6,DNAH11,DPP10,DRD5,DUS3L,ERBB4,GPR55,GRAMD1B,GRM7,HS3ST3B1,IL4R,IPO8,ITGA8,JADE1,KCNIP4,LHX9,LOXL2,MPDZ,NFIB,NRG1,RORB,SLCO1B1,SNHG16,SOX9,SYNE3,TBL1XR1,TESMIN,TFAP2A-AS1,TIAM2,TSPAN9,VWC2,ZCWPW2,ZNF479
214	ADCY8,ANKRD46,C6orf118,CCDC179,CDH2,CLMP,CSMD3,CTNNA2,CYP2A13,DLEU7,DNM1,DSEL,ENSG00000285471,ENTPD3,ESRRG,EXO1,FAT3,GOLGA8N,IPMK,JRKL,KIAA1217,KLHL1,LCA5,LYZL1,NBEA,NLGN1,PARP15,PDK4,PGS1,PIEZO2,PLSCR5,PRKG1,PTPRD,PXDNL,RAP1GAP2,RASSF4,RBM19,RNF144A,SV2C,TCF21,TEX29,TGM3,TMEM132B,UBC,UBE3A,UTRN,WNK2
215	AATK,ADAMTS5,ADGRL3,AGBL1,ALCAM,APC,APOL5,ARL4A,AUH,BANK1,CCDC146,CLDN14,CRYBB2,DMRT2,DMXL2,DPT,EDEM1,ERBB4,FAM98A,FBXO2,FCHO1,GBGT1,GIPC2,GLDC,GPC5,KLF14,LDAH,LINC01192,LUZP2,MAML2,MUC20-OT1,MYC,NPAP1,PCDH7,PLAAT3,PLXNA2,PPP1R26,RASSF10,RBFOX1,SDR9C7,SEMA4G,SFRP4,SLC24A3,SORCS2,TMEM150C,VGLL3,ZFP42,ZMIZ1
216	ACTL7A,ADRA1D,BAALC-AS1,C16orf95,CBLN2,CCDC82,CD226,CDH18,CEP290,COL13A1,CPVL,DLGAP1,ENSG00000241593,ENSG00000287189,FIG4,FOXA2,GYPC,HS3ST1,KATNAL1,KLF4,LARS1,LCORL,LINGO2,LRRC20,NEIL3,NOL9,NPBWR1,NPS,NUDT4,OCA2,OSTF1,PARD3B,PARP2,PCLO,PRTG,PTPRM,QKI,RAD51AP2,SCARB1,SHISA9,SLIT1,SPOCK3,ST6GAL2,TBCA,TENM3,THOC3,TMEM200C,TPRA1,VEGFA
217	ACSF2,ADM,APBB2,BCL11B,C4orf33,CALD1,CEACAM1,CHRM3,CNOT6L,CNTN4,DISC1,EML1,ENSG00000287069,FAM91A1,GAB4,GABRB3,GPR26,GRM7,HAP1,HERC2,HS3ST1,HS3ST5,KCNV1,KNTC1,KSR2,LILRB2,LSM7,MEGF11,MTUS1,NAV3,NFKB1,NRXN1,NSMCE2,OSBPL1A,PCDH7,PVT1,RFC3,RPL38,RTN4RL1,SLC25A26,SMAP1,SPOCK3,ST6GALNAC3,TAFA5,TDP1,TIMM44,UACA,VWC2
218	AGBL1,AKR1C3,ANAPC2,ANKRD30BL,CACUL1,CASP3,CHSY3,CNTN5,COL11A1,CRIM1,DOCK1,DUSP10,ENSG00000225213,ENSG00000280485,ENSG00000285283,ENSG00000288887,EPHA5,F13A1,FSCB,GPC5,HDAC4,ILDR1,IPO5,KCTD15,LHX5,LINC01550,LRIG2,LRP1B,LRRC3B,LSM6,MAMSTR,MGAT4C,PIK3C3,POM121L12,PRR16,RBM19,SCP2D1,SDK2,SIRPA,SPACA7,STK32B,SULT1B1,TFAP2A,TFF3,TMC2,TRAM1L1,TRPC4,UHMK1,ZNF266
219	AGA,ARHGAP24,AXIN1,BNC2,C16orf95,CCDC179,CELSR1,CLDN16,CLEC3A,CMYA5,CNTNAP2,CRYBB1,DNAH11,GALNTL6,GAREM1,GATA3,GYPC,INSR,LINC01588,LRRC4C,MCPH1,MN1,NCAM2,NHSL1,NLRP8,PDCL3,PDSS2,PLCB1,PNMA8C,POC5,POPDC3,PRDM9,PRND,RAB20,SBSPON,SHISA6,SHISA9,SLC10A2,SLC16A6,SLC44A1,SLITRK6,SORCS2,ST6GALNAC3,TBC1D22A,TRG-AS1,TUSC1,UMODL1,WDR93,ZC3H3
220	ADI1,APOL2,BRWD1,CCDC179,CCDC68,CCDC71L,CCN3,CFAP52,CLMN,CORO1C,CXCL14,DPP10,DRD1,EYS,FBLN1,GABRG2,GALNT17,GALNT18,GRIK2,GYPC,HDAC4,HS3ST4,HS6ST1,IQGAP2,IRX2,IYD,KCNU1,KLF13,KSR2,LINC03040,LPA,MCPH1,MYO10,MYO5A,NDST4,NELL1,NOVA1,PCED1B,PID1,PKHD1L1,PPARA,REPS1,STIM2,SV2C,TBL1XR1,TGFBRAP1,UNC93A,VWA5A
221	ADD3,AKR1C3,ASPH,ASTN2,ATP2B2,ATXN1,BANP,C1D,CAPN9,CDH18,COMT,DGKH,DHRS2,DOCK4,ENSG00000265728,ENSG00000287364,ERAP2,FEM1A,FLRT2,GC,GRIN3A,GRXCR1,HEMK2,LINGO2,LPL,LRATD1,ME2,MVK,NXPH1,PKHD1,POMT2,RBAKDN,RPTOR,SCIN,SLC17A6,SLC25A37,SLITRK6,SMIM30,SORBS2,SULT2B1,TAFA5,TCERG1L,TIMM21,TMEM106B,TMEM132D,TMEM132E,TMEM215,TSNAX-DISC1
222	ABCC8,ADGRL3,AGAP1,AKR1D1,CALD1,CDH12,COL5A3,CTNNA3,CTNND2,CYP2A13,DOK5,DSEL,EPAS1,EVC,FHIT,FSTL5,GRM7,IGSF21,IRX1,IRX5,KDM4B,LATS2,LINC02147,LRP2,MBL2,MDFIC2,NEDD9,NRSN1,NUP210,PAPPA2,PLIN2,PLSCR5,REEP3,RPUSD4,SEMA3C,SERPINA1,SPRED2,SUSD5,SYNC,TAFA5,USH2A,WDR11,XRCC2,ZNF385D,ZNF521,ZNF638,ZNF883,ZYX
223	ADAM10,AKR1C3,ANXA5,ATG10,AUH,CADM2,CDH9,CELF2,COX10,CTSO,DNAH5,DPP10,DTHD1,DTNBP1,DTWD2,EDEM1,EDIL3,EMCN,EYA2,FAM124B,FAM163A,FBXO15,FKBP1C,FPGS,GABRB3,GALNT2,HPCAL1,KLHDC4,LRP1B,LRRC4C,NALF1,NPAS3,PDYN,PLPP2,PLPP3,RFC4,RPL22L1,SETX,SGMS2,SLC26A9,SNX19,TBX3,TGFBR1,THSD7B,TMEM132D,TPK1,TTC39B,XYLT1
224	ACKR3,ALDH1L1,CTNNA2,DGKG,DLC1,EDEM1,EIF5,ENSG00000233633,EYS,FHIT,GLIS3,IRF2,KLF7,KLHL1,LSP1,MCTP2,MYH15,NALF1,NEGR1,NRG1,PITPNM3,PLD5,PPFIBP1,PWRN1,REG3A,RNF150,SEL1L,SLC10A2,SLITRK3,SMARCAL1,SORL1,SOX11,SRP14,SRRM4,SUMF2,SV2B,TMEFF2,TMEM132C,TMEM232,TMEM67,TRIML1,TSN,XYLT1,ZBTB7C,ZFP42,ZFPM2,ZMAT4,ZNF507,ZNF536
225	ACKR3,C1D,CDH8,CDH9,CEP55,CHORDC1,COL22A1,COLEC11,DPH5-DT,DPYD,ELAC2,ENSG00000234426,ENSG00000261037,ENSG00000283563,ENSG00000285901,ENSG00000288549,ETS1,FUT8,GAS1RR,GOLT1B,HIGD1A,HPCAL1,ISX,KIRREL3,KLHL42,LINC01788,LYPLAL1,MTRR,MTUS1,MYL10,NETO1,OR5AN1,P2RY1,PDE3A,PDIA6,PRSS51,RAB27A,RTL6,SEC22A,SFRP2,SLC37A1,SULT2A1,TNFRSF10B,TNS3,TRPM4,UPF2,ZNF407,ZNF611
226	ACER3,ADAM15,ADCYAP1,AGAP1,AMY1C,ANK2,APP,C2CD5,CACNA1H,CCZ1B,CHST12,COBL,CRTAM,DMAC1,FAM181B,FPR1,GALNT11,GC,GRIN2A,HAS2,IMPA2,KCNC4,LBH,LPAR3,MAILR,MGAM2,MORC1,MRPS9,NAV3,NDNF,NRG1,PDE3A,PPDPFL,PTPRD,RAPGEF2,RGMA,RIN3,RIPOR3-AS1,SHISA9,SLC22A16,SMARCA2,SPRY2,SYT4,TDRD12,TMEM132C,TNP2,TNS3,TRIM5,ZFP36L1
227	AFP,AK8,ALG2,CBLB,CIB1,CNTN6,CTR9,CYP7B1,DAPK1,DDX6,DSEL,EMCN,ENSG00000259061,ENSG00000289214,ERAP1,EYS,FAR2,FHL5,GRIA1,IPO5,KRT13,KSR2,LDLRAD3,LINC02018,LINGO2,LMO1,MSX1,NRIP1,NXNL2,NXPH1,OSTN,PDZRN3,PSG9,PTPRD,REG3A,SBK1,SCAMP1,SERTAD2,SGCZ,SH3GL2,SLITRK1,SOCS6,SYK,WDR37,WWOX,ZDHHC7,ZNF195
228	ACAN,ACO1,ADCYAP1R1,ADGRF5,AGPAT4,AQR,ARAP2,ASAH1,ATPSCKMT,B3GALT5,B3GLCT,CCND2,DGCR11,DMRT2,DPP6,ENSG00000249743,EYS,FHIT,FOXF2,GASK1B,HHIPL2,KHDRBS2,KHDRBS3,KLK14,KPNA2,LDLRAD4,LPIN1,MELK,MROH7,NPAP1,OSBPL1A,OTOL1,PATJ,PCDH18,POTEC,PTPRD,PYDC2,QKI,SEMA3D,SLC39A8,SLC51A,STXBP4,TCERG1L,UCHL1,UHMK1,WSB1,WSCD1
229	ABCC4,ADAMTS17,ANKRD28,ATF6,ATP5MC3,CD200R1L,CLSTN2,COL8A1,CRBN,ELAC2,ELP3,ENSG00000272162,ENSG00000283563,ENSG00000283674,ENSG00000287161,ENSG00000289158,FBLN2,GC,HUNK,ISX,JAK1,KIRREL3,LINC01929,LYZL1,MAP2K4,MGMT,MOCS3,MRC2,MRPL39,MYEOV,NAV2,OPRM1,PALD1,PCLO,PGS1,PLCXD3,PLPPR5,PMP22,POU2AF3,PPP2R2D,RSPH3,SAAL1,SGCG,SIRT6,SLC8A1,SOX4,TMX3,TNFRSF19,VCF1
230	ABLIM1,ACTL6A,ADAMTSL1,ADGRB3,AGAP1,ATP11B,BCL2L11,C8orf34,CD82,CDH4,CSGALNACT1,CYB5RL,DRD1,EDIL3,ERG,FER,FIBCD1,FZD8,GFRA1,GRIN3A,GRM7-AS3,IFTAP,IMMP2L,KCTD15,KL,LHFPL6,LRATD1,LRCH1,METTL4,MGAT5,MIR30DHG,MMP26,MRPL39,PCMTD1,POTEC,PTPRT,RFX3,RGS13,ROBO1,SLC24A3,SNTG1,STX18-AS1,TBATA,TMPRSS15,TOMM20,UPF2,VAPB,VPS13C,ZNF804A
231	ADAM12,BMP2,BTBD2,C16orf82,CCDC82,CHD9NB,CHRM3,CHST9,CSMD1,CST8,CTNND2,DAB2IP,DRAM2,E2F7,ELP1,FAM43A,FN1,GORAB,HES1,IARS2,IDO1,IFI16,IGFBP3,KCNAB1,LINC02691,LPP,LRBA,LUZP2,LZTS1,MCTP2,MYPN,NBEA,NELL1,NID1,NXPH1,PTK2,ROPN1L,SLC12A3,SMIM23,SNAP25-AS1,SOX11,SUCLG1,SYNM,THSD7B,TLR1,TMEM11-DT,TRIQK,TTC38,ZNF385D
232	ABCA1,ABCG5,AKAP13,ANKRD50,ARAP2,ATE1,BHLHE40,C8A,CACNA2D3,CCDC34,CHORDC1,CRX,CRYL1,CTNNA3,CTNND2,CTSO,ENSG00000230107,ENSG00000273369,FBXL4,HS3ST3B1,HTT,ID2,KCNG1,LAMA4,LIMCH1,LSM14A,LYPD6B,MPHOSPH6,NFIB,PCSK7,PTGER3,RASGRP3,RFC3,RPTOR,SASH1,SLX9,SMC2,STOX2,TMEM114,TNS3,TRARG1,TRIM2,TRIM24,TTLL2,UGGT2,ZEB2,ZNF385B,ZNF385D,ZNF519
233	ADGRE5,AGAP4,AK4,ARFGEF3,ARHGAP12,ATF7IP2,ATP8A2,BCL11B,BRD1,C1QTNF7,CAMKK1,CCSER1,CDK5RAP2,CELF4,CHRM3,CMTM8,CNTNAP5,COL14A1,CYP2B6,DCDC2C,DIAPH3,ENSG00000254605,ENSG00000283321,ENSG00000285471,EPHA4,EPHB1,ERAP1,FBXO16,FERRY3,FGF21,GARRE1,GLIS3,IFNA17,IRF8,JAK2,KIAA1549,KIRREL3,MRPL39,OCA2,OPCML,PAPSS1,PCDH18,SERPINB8,SLC2A9,SMIM12,TMC8,TSN,XRCC4,ZNF285
234	ABCB5,ADGRL3,ALCAM,ALDH1A1,ANKRD30A,ANO2,APBA2,ASB5,ATP11B,ATXN1,CDH4,CDH7,CLK4,CNTNAP2,COBLL1,CTNND2,DTWD2,ENSG00000250193,FAM135B,FAM181B,GASK1B,GSTP1,HAL,HAPSTR1,HTR4,IL10RA,IRX2,IVNS1ABP,KCNIP4,KRR1,NALF1,NBN,NECTIN3,NFIA,OPRM1,PAXIP1,PCDH10,PDE10A,PITRM1,PLCH1,PLD5,SIRT6,SLC35F4,SYN3,TFCP2L1,TIAM2,TSHR,VRK1,ZNF236
235	ADAMTS15,ARHGAP15,ATP5F1C,ATXN1,BASP1-AS1,BCR,BMP6,C1QTNF9B,CDH12,CDH18,CHRM3,DNAH5,DOCK2,EDNRB,EGFR,EIPR1,EMCN,ESRP1,FSTL5,FUT9,FZD10,GHRL,HPSE2,IL1RL2,IQSEC1,KCNT2,KHDRBS3,KLF12,LINC01411,LRFN5,MPHOSPH6,OLFM3,PDE1C,PIK3C3,PTPRM,RARB,REG3G,RHOH,SGCZ,SLC16A4,SLC35B4,SOX4,STEAP3,TLE3,TMEM38B,TNS1,ZNF516,ZNF622
236	AGMO,AP3S2,ASTN2,BCL11B,BLOC1S2,BNC2,CCN2,CDH2,CMPK2,CNOT4,CST3,CTNNA3,DAD1,ENTREP2,ERCC4,FTMT,GALC,GAREM1,GGPS1,IGSF21,IRX2,LFNG,LINC00539,LINC01275,LIPE,LRRC4C,MCTP2,MED13L,MESD,MICOS10,NAV2,NSG2,PIGC,PITX2,PLA2G4C,PROK2,PRP4K,SEL1L,SIK1,SLC2A9,SPC25,SPCS3-AS1,STIM2,STXBP6,TLE4,TLE6,TMEM217,TRIB2,ZFAT
237	ACO1,ANO6,ATP5F1A,ATP6V0A4,CBLL1,CBLN2,CD244,CDH9,CEBPG,CELSR1,CNTNAP2,CNTNAP5,CTNND2,DBH,DNAAF9,ENSG00000266988,ENSG00000270020,FAM20A,FLVCR1,GALNT18,GLI3,GREB1,IPMK,LIFR,LIPG,LY96,MPHOSPH6,MRPL39,MRPS6,MYO10,NCAM2,NOX3,OXR1,PELATON,PGLYRP4,PIK3C3,PTPN2,PVT1,QDPR,RETREG1-AS1,SCYGR2,SQOR,STIM2,SUSD1,THBS2,TLE1,TPP2,TRPC6,ZFAT
238	AFAP1,AFG2A,ANKDD1A,ARRDC4,ATP8A2,BHLHE40,C17orf100,CACNA1A,CBLN2,CBLN4,CDH13,CSF3R,CSMD1,DNAH5,ECHDC3,EIF5-DT,ELF3,ENSG00000236332,ENSG00000271741,ENSG00000285601,ENSG00000293570,FAM3D,FBLN2,FOXO1,FUT9,GALNTL6,HNF4A,ITGB1BP1,KLHL32,MRPL23,NPY5R,NTM,OLFML2B,PBX3,PCDH9,PRDM1,PTPRA,RIPOR2,RUFY1,SGCG,SNTG1,SPATA31C2,STMN2,TBXT,TNFRSF9,TUSC3,UTS2,WDR1,ZNF559
239	A2M,ADCY2,ADPGK,AGA,APRT,ASF1A,B3GAT1,BMP2,CAMK2A,CARD11,CDC73,CDKN3,DTWD2,EBLN2,ELP1,ENSG00000228587,ENSG00000276742,FIBCD1,GABRG2,GPC6,HAAO,KTN1,MIPEP,MYO16,NCAM2,NEGR1,NFIC,PABPC4L,PRKN,PTPN1,PTPRB,RFC3,RGS17,RORA,SAT2,SCARA5,SCIN,SLC4A3,SLC5A12,SOX11,STARD13,THSD7B,TIAM1,TINCR,TMEM204,TRMT1,UBAC2,VRK1,ZNF706
240	ADGRL2,APOB,ASTN2,BLID,BRINP1,CAPN13,CCDC85A,CCNG2,CCSER1,CD200,CDH13,CHST11,CNTN5,CNTNAP2,CSMD1,CTH,CYP4F12,DDX21,DLGAP1,ECE1,EDIL3,EFNB2,EPCAM,FOXQ1,GAREM2,GARS1-DT,GASK1B,HMCN1,ITPR2,KIAA0232,KIAA1549L,NCAM2,NPVF,PCDH7,PDE7B,PLGLB2,PSD4,RARB,RFC5,RNF144B,SHLD1,SLC35F3,SVIL,TENM3,TPRG1,USP25,VWC2L,WWOX
241	AGA,AGTR1,AMY1C,BCAS1,C18orf32,C8orf34,CCDC102B,CCDC92,CDH13,CDH23,CDH6,CHORDC1,CRIM1,DSC3,EIF3C,ENSG00000259865,EXOC7,FAT4,FCAR,GALNTL5,GATA5,GBP3,GREB1,IFNAR1,ITGA6,KIF20B,MCTP2,MOXD1,MRPL39,NALCN,PLB1,POM121L12,PPP1R16B,PRR16,PTPRD,RESF1,RORB,SGPP2,SLC38A6,SLCO3A1,TMPRSS15,TRMO,TSPAN5,TUSC3,UST,WDR88,ZDHHC14,ZNF775,ZP4
242	ABCB5,ACAP2,ADAMTS5,ADGRA3,AP5M1,CBLN4,CDH8,CNTNAP2,CORO2B,CSMD1,CSMD2,CYRIA,DNMBP-AS1,ENSG00000286288,EPHA1,FNDC1,GADL1,GALNT2,GRIN2A,HS3ST1,INTS1,IRS1,KCND3,LINC02975,LRRC15,MAGI2,MC3R,MRPS6,MTSS1,MYL1,OLFM1,PCDH7,PLA2G4A,PPIL2,PRR16,RASGEF1B,RESF1,RNF144B,RTN4,SDK1,SLC6A2,SOX1,STON2,TENM4,TMEM41B,TRIB2,TRPC4,TSPAN5,WDR73
243	ADCYAP1,ADGRL3,ALDH9A1,APOD,ARHGAP42,ATG16L1,BCAS1,CCDC179,CDO1,COTL1,CRIM1,CYP2A6,DELE1,DNAH11,DNM3,DPF3,EFHD1,EIF3H,ENSG00000227101,ENSG00000285566,EPIC1,FAM76B,GALNTL6,GPD2,IRF2BP2,KDM4C,KIF3C,LINC01099,LINC01256,LINC01697,MAP3K2-DT,MRPL39,NAALADL2,NGEF,NR2F2,PANK3,PCDH7,PCSK2,PHLDA3,REG3G,SARAF,SCNN1A,SOCS5,SPART-AS1,STX8,TFAP2A,THSD7B,TMC3
244	ACSL3,ANKH,ANXA1,APOBEC3F,ARHGEF18,AUTS2,CACNA2D1,CD8B2,CDH8,CDK20,CDYL2,CELF2,CHN2,CIMAP3,CMTM8,CNTN5,CSMD1,DEFA5,EIF2AK1,ENSG00000237480,FGD6,FRMD3,GARIN1A,GRIN3A,HLCS,LEKR1,LINC01570,LINGO2,LRRTM4,LYZL4,MACROD2,MDGA1,NPAS3,NR3C2,NXPH2,PCDH15,PEBP4,RAI14,RNF186,SBNO2,SGCG,SLC24A4,SLC39A10,SMOC2,THSD7A,TSPEAR,UNC5CL,ZNF304,ZNF385D
245	ANO3,ANO5,ARHGEF26,ARRDC4,ATP11B,AVL9,CCDC171,CNTN4,COX7C,CTXND1,DLEU7,DPP6,EMP2,ENSG00000248605,ENSG00000259876,EPHA4,FBXO15,FRMD4A,FRMD4B,GALNTL6,GRIK2,HHAT,HTR3B,IGFBP7,KAZN,KCNE4,KCNS3,KIAA1549L,LDLRAD4,LRRC4C,MGAT4C,MIF,MN1,MORC1,MYRIP,NRN1,OPCML,OTOL1,PITPNA,PITRM1,PLSCR4,PSTK,PWRN1,SEPTIN8,SHB,SLC8A1-AS1,SLITRK1,TMEM132B,ZNF766
246	ADCY2,ATPSCKMT,AUP1,BCHE,C2orf80,CA10,CASC15,CHRM3,CLDN16,CNTN5,CPNE8,DNAH5,ELMO1,ELP1,EZR,FBXO45,FZD4,GALNT17,GCK,GFRA2,GLI2,HERPUD1,INPP5A,ISOC1,LRP1B,MGAT5,MX1,MYO3A,NCAM2,NFASC,NRXN1,NSUN3,PAK5,PSMD5,RALYL,RBFOX1,RFXAP,SAMD12,SEMA3C,SLC39A12,SLC5A12,SRD5A1,SYNM,TBCA,TESMIN,USP25,WWOX
247	AADAT,ACSM5,BRD1,CDC73,CEPT1,CNTNAP5,CSMD1,CTSO,ENSG00000288979,ETV1,FAM135B,FCHO2-DT,FMO1,FSTL5,HIPK2,ID2,IFNGR1,ISG20,ITIH2,LINC00824,LRP1B,LRRC4C,MAP3K21,MEAK7,MKI67,MYC,PCDH7,PEX5L-AS2,PLA2G4A,PPP1R14C,PTPRA,PTPRD,QRFPR,RASSF2,RCVRN,RORA,SH3TC1,SI,SLCO3A1,SYNE3,TBC1D32,THSD7A,TNKS,TRIM9,WLS,ZBED5,ZNF257,ZNF558
248	ANKRD30BL,BBS2,CCDC66,CDH22,CDH4,CEDORA,CFAP100,CLEC2A,CMTM8,CNDP1,CNTN6,COL11A2,CYYR1,DDX18,DNER,DPF3,DRD5,DZANK1,ECHDC3,ENSG00000260234,ENSG00000286868,ESM1,FAM98A,GRIN2A,HRH4,ID4,IGF1R,IGSF11,LINC02506,LSM14A,LYRM4,MMS22L,MRM1,NDN,NOG,PCDH7,PLXDC2,PRICKLE1,PSMB9,RBFOX1,SGCG,SHISAL1,SLC35F3,SLITRK6,ZNF385D,ZNF703
249	ACTL6A,AK4,ARMS2,ATOH1,C16orf95,C4orf33,CACNA1E,CBLN2,CDH10,COL28A1,CRY1,DLG2,DLGAP1,ENSG00000286417,FSTL5,HIP1,L3MBTL4,LINC00571,LNX1,MAF,MCTP2,MMADHC,MRPL36,MYBPH,NEK6,NID2,NKAIN2,PDS5A,PIK3C3,RCHY1,RSPH10B,SEC61G,SHISA6,SLC22A16,SLC36A1,SMIM17,SOWAHC,SPNS2,TFPI,TGFBR2,TLE7,TP53BP2,TPO,TRPA1,TRPC6,UCN3,UGT2B15,VRK1,WWOX
250	AGT,ALPL,ANXA10,ASIC2,ATF7IP,ATP8A1,BCL2L11,CBLN1,CHORDC1,CIMAP2,CNOT10,CTNNA3,CYP7B1,ENSG00000242828,ENSG00000257398,ENSG00000259363,ENSG00000289052,FTH1,GATA3,GHRHR,GLUL,ICE1,ITGA7,KLHL1,LINGO2,LRP1B,LRRTM4,MARCHF1,OPCML,P3H2,PCDH7,PIEZO2,PMP22,POMT2,PPFIBP1,PTK2B,RNF14,SMC2,STIM2,SVOPL,TBC1D32,THAP6,THBS2-AS1,TNS3,TTC34,USP12,ZBBX,ZFP42,ZNF462
251	ACVR2A,AGAP1,ANKRD30BL,ANO6,ANTXR1,CARMIL1,CDH18,CPEB2,CXCL13,CYLC2,DISP3,DLGAP2,DNAH17,DPP6,ENSG00000272297,EYS,FAT1,FBXO27,FERMT2,GFRA2,GPC5,GRXCR1,LDAF1,LUZP2,MDFIC2,MED27,MICAL3,MKI67,MRLN,MYO18B,NAT2,NBPF12,PARK7,POT1,RAPGEF2,RBFOX1,RNF157,RWDD4,SDK2,SEC61G,SNTG1,TBC1D9,TBXAS1,TDRP,TMEM98,TNNI3K,TNS1,TRG-AS1
252	ADAMTS19,ALDH3B2,ANKRD18B,AP1M2,ATG7,BCKDHB,BRMS1L,CDH18,CFAP184,CHSY3,CLCA1,CXADR,DCDC2C,DYNC2H1,E2F8,EEPD1,ENSG00000272626,ENSG00000286269,FRA10AC1,GPR108,ISX,IZUMO3,KAT14,KCNIP4,LINC01338,LUZP2,MAML2,MUC22,NCAM2,NETO1,NTM,NXPH1,PALMD,PDCL3,PLXDC2,PSMC1,RAPGEF3,RBM19,RGS6,SLC37A1,SLC66A3,TECRL,TENM4,TLL1,TMTC4,TRIM36,TTC6,VAV1,ZNF160
253	ACTG1,ADGRL3,ANKRD33,ANKRD34C,APOLTP,CHCHD6,CHORDC1,CNTN5,COL18A1,CRIM1,CSMD1,ELAVL2,ENPP7,ENSG00000289410,ERCC4,EXT2,EYA1,FABP9,FBXO8,GPC5,IFTAP,KRTAP11-1,LINC00667,LY6E,MAFB,MARCHF11,N4BP2L1,NOVA1,NSUN2,PARVA,PHACTR4,PLA2G4E,PRR23E,PSTPIP2,PTPRM,RBFOX1,RGMA,SAMSN1,SEM1,SERPINB11,SLITRK6,SMARCA5,SPOCK2,TMEM176B,UBXN6,USP25,VAT1L,VSTM1,WLS
254	ACER2,ARL4C,ARRDC4,ATP8B2,CATSPERB,CEP112,COLGALT2,CSMD2,DCC,DNAH14,DOK6,EMX2,ENSG00000237378,ENSG00000288075,FAM78B,FAT4,FSCB,GADL1,GALNTL6,GRIN3A,HIVEP3,HSD17B12,IER5,JARID2,LINC01192,MSI2,NAALADL2,NCAM2,NXPH1,PHACTR2,PITRM1,PSD3,PTPRU,RBMS3,RND3,RTL6,SEL1L,SEMA6A,SGCZ,SLC17A6,SLC2A9,SMAP1,SNRPE,STK35,TRAV38-1,TRDN,ZHX2,ZNF346,ZNF75A
255	ADGRB3,AP1S3,ATE1,AXIN2,BRINP1,C4orf50,C6orf132,CBLN2,CD84,CELF5,CHORDC1,CLRN3,CNOT7,CNTNAP2,CPLX2,DSC3,EIF4E,ENTPD6,EPHA6,FAT4,GALNT18,H3Y1,HS6ST1,IFI44L,IYD,KCND3,LINC02018,MAF,MESP1,MMAB,NOP53,NPAS3,NRG4,PARP2,PCLO,PGCKA1,PLEKHM3,PTPRD,PTPRM,RDX,RGS9,SAMSN1,SCML4,SCNN1G,SLC6A5,SOX2,SYK,TPO,ZFAT
256	ACSL3,ADAMTS10,AKR1C2,ANKRD33B,ARAP2,ARHGEF18,ARRDC4,ASPA,BCL2L13,C1orf174,CDC73,CHN2,CHODL,CNTNAP2,CRY1,CST9L,CXCR2,DHRS3,DRD1,DSC1,FHIT,FZD10,GPR12,GPR158,GRIP1,HERC2,ISX,LINC01256,NALF1,NWD2,OPCML,OR10J3,OR11G2,OSTN,PCDH7,PGLYRP3,PGR,PHYHIPL,PJA2,PPP1R9A,PPP3CA,PVT1,SEMA6A,SLC23A2,SLITRK5,STIM2,TASP1,THY1,TMEM131L
257	ADAMTS16,ARRDC3,BTG1,CCBE1,CCSER1-AS1,CDHR3,CNTNAP2,CTNNA2,DCDC2C,DLGAP1,DNAJB9,DOCK5,DSCAM,ENSG00000248605,ENSG00000260316,ENSG00000262995,ENSG00000285733,FAM114A1,FLRT3,GCNT1,GRIN3A,IPMK,KCNG1,LINC01492,LYRM4,MCPH1-DT,MGAM2,PFKFB3,PLOD2,POM121L12,PRR20A,RAB27A,RDX,RSL24D1,SAMD9,SAMSN1,SLC24A3,STK32A,STMN2,TMEM106B,TMEM132C,TRIM35,TRPM3,ZNF438,ZNF469,ZNF608,ZNF682,ZNF91
258	ABHD2,ACTL7B,ADRA2C,CDH12,CDH8,CHRM3,CNTNAP2,COQ2,DLC1,DPH5-DT,DPP6,DYNC2I1,EIPR1,ENSG00000256566,FAT3,FBN2,GALNT2,GOLGA8B,GRM3,HMCN1,IGSF22,IMMP2L,ITGB1,KCNT1,KLF5,KLF6,LINC01811,LRP1B,MGAT5,NANOS1,NUP50,OR3A2,PNMA8A,PTCH1,RAB6C,RGS7,RHBDF2,RNASEH2B,ROR2,SIM2,SLIT3-AS2,SNTB1,SNTG1,SNX18,SUCNR1,TLL1,TMEM131L,TOX,UNC5D
259	ABRACL,ADAM7-AS1,ADARB2,AGBL4,AIPL1,CCR4,CNTN6,CPA6,DHX37,DKK3,ENSG00000251545,EYS,FHIT,FOXO1,FTMT,GPR176,HACE1,HNF4A,KDM4B,LINC01679,MGAT4C,NOX3,NPIPB4,NRP2,PARVA,PCDH18,PDE10A,PDGFD,PLCXD3,PLEKHH2,POM121L12,PWRN1,RAB3IL1,RPS14,SAMD1,SCOC,SEC24B,SEMA3A,SEMA3D,SH3BP4,SLC39A11,SMARCA2,SMIM23,SULF1,SYNDIG1,SYNJ2,TRIM2,ZHX2,ZNF385D
260	ADCY8,ADGRE5,ADGRL2,ANXA1,BICD1,C4orf33,C6orf132,CNTN3,CNTN4,COL3A1,CSMD1,CTNNA3,DOCK5,DSC2,EHF,ELMO1,EMILIN2,ENSG00000260072,ENSG00000289520,INTU,ITPR1,IZUMO3,LCLAT1,LINC00299,LINGO2,LRIT3,LUZP2,MALRD1,MYC,NOD1,NPAS2,OPCML,OR52K2,PARP11,PSG4,PTGER4,RAB31,RBFOX1,SERP2,SERPINA12,SIRT4,SP110,TG,TRPS1,UST,XPO6,ZFAT,ZNF385D
261	ADCY9,ADGRF5,ALCAM,ANKRD18B,APOLTP,ARL4C,ATP5PO,CDH11,CNDP2,CRISPLD1,CXCL12,DEFB112,DLGAP2,DPP6,DSCAM,ENSG00000286150,ERMP1,FRMD3,GRM7,GYPB,HACE1,HEPHL1,IGFBP7,IRX1,LEPR,LPP,MN1,MYO3B,MYT1L,NETO1,NOVA1,NXPH1,OSCP1,OSGEP,OXSM,PCDH18,PMEPA1,RBFOX1,RIPOR3,ROBO2,SDCCAG8,SEC61G,SFRP2,SLC22A3,SPSB1,STEAP2,TNFRSF11A,VRK1
262	AOAH,ARMS2,ATXN1,BCHE,CACNA1C,CCSER1,CLEC12A,COL11A1,DIDO1,DPH3,ENSG00000260234,FAM20C,FGF12,GAB4,GRM4,HSD17B4,INPP5B,JRKL,KCNV2,LDB2,LGALS9,LRATD1,MAP2K4,MRO,MYO18B,NCAM2,NFKBIA,OSTM1,P3H2,PABPC4L,PDZRN4-AS1,QKI,RBFOX1,RBPMS,RFPL3S,RGMA,SLC1A1,SLC36A1,SLC36A2,SORCS2,SOX5,SV2B,TELO2,TMEM132D,TRDMT1,TSPOAP1,TUSC1,WWOX
263	ADCYAP1,AIPL1,APBB2,ARID1B,ARRB2,ATP10B,AUH,CA10,CD36,CHRDL2,COMMD1,COX10-DT,CPEB2,DIPK2A,DTHD1,ENSG00000233735,ENSG00000290217,FAM90A1,FBLN2,GOLGA8B,GSDMC,GUCY1A1,H3Y1,HECA,IFTAP,KCNE4,KCNH7,LHFPL6,LRRIQ3,MBP,MCPH1,MDGA1,ME3,NAMPT,NRP2,OLIG3,PDE7B,PID1,PTPRD,RPS29,RPTN,RXRA,SLCO1B1,STK40,TFAP2A,THOC3,TTC32,ZNF862
264	ABCC8,ADARB2-AS1,AGBL1,APCDD1,ARHGAP15,ATP1B1,CCBE1,CD83,CHRM2,CNTN5,CNTN6,COG2,CTNNA3,DENND2B,ENSG00000276093,ENSG00000285960,FAM135B,FCER2,FKBP1A,FLNB,GLRA3,GPR26,GRIA1,IL22RA2,KCNIP4,KIF16B,KIF2B,KLHDC4,LCE2B,MRPL52,MYO16,MYOM2,NFRKB,OTUD7A,PABPC4L,PAPPA2,PCDH7,PID1,PLA2G6,PLEKHM2,PYROXD1,RFXANK,SCARA5,SPOCK3,ST7,TDRD15,TOX,VPS33B,ZFP64
265	ADGRB3,ADGRD1,ADGRL3,ANKRD50,ARMC9,B3GAT1,CENPF,CNTN5,COX7B2,ELOVL2,ESPNL,FAT1,FBXO16,FRG2C,FSTL5,GABRR2,GATA5,GRK5,HNF4A,KIF25-AS1,LINC02217,LMO1,LRRTM4,MROH9,MTCL1,NAV1,OR2F2,OTOL1,PLOD2,POSTN,RAF1,RYR2,SLC1A1,SOHLH2,SPACA1,ST6GALNAC2,STAM2,STRN,TBL1XR1,TMEM154,TMEM212,TNFRSF19,TNIK,TNNT1,TYW1B,VSTM2A,ZDHHC11B,ZNF804A
266	ABCC4,ACAD9,CCBE1,CCSER1,CDKN2B,CGNL1,CHST9,CSMD1,DPP6,EFR3A,ETV3,EYS,FGF14,FZD1,GDF3,GRIN2A,HMGN3,HTR1F,IL12B,JAK1,KHDRBS3,KIRREL3,LINC01983,LUZP2,MICOS10,MPPE1,NEBL,OCA2,PCDH10,PCDH15,PCDH7,PERP,POPDC3,PTPRM,PTPRT,RSU1,SASH1,SGCZ,SIPA1L2,SLIT2,SQOR,TEX26,THSD7B,TMEM64,TRIML2,ZC3HAV1L,ZDHHC20-IT1
267	ACTL6A,ADGRE1,ANXA2,ARHGAP22,C1QTNF3,CDX2,CNTNAP2,CYLC2,DCHS2,DLGAP1,DROSHA,EDEM1,EFCAB6,ELMO1,ENSG00000257221,ENSG00000258747,ERICH6B,FGD4,FIG4,GEMIN6,GFRA2,GLRA3,HS3ST3B1,INTS9,IZUMO3,KLF4,LINC00578,LINC01239,MRPL57,NKAIN2,PCDH15,PLA2G4A,PLEKHS1,POTEC,PREX2,PSMA4,RASGEF1B,SEL1L,SETD3,SHISA9,SNTG2,TBC1D2,TBC1D22A,TFAP2C,UNC5D,WHRN,WWOX,XKR4
268	ADAM2,ADGRE1,ANXA6,CAV2,CCDC198,CDC73,CGNL1,CRBN,DSC3,EFNA5,ENSG00000237862,ENSG00000254000,FAM13C,FXYD5,GALNT12,GRHL2,IGLL1,IGLV7-46,KCNA1,LIPF,LPAR3,LTK,MANBA,MANSC1,MCFD2-AS1,MFAP3L,MIA3,MOXD1,NDN,NPBWR1,PABPC3,PFKP,PLEKHA7,POC5,PTPRN2,RASGEF1B,RPL9,SALL3,SLC17A9,ST6GAL1,TBC1D9,TNFRSF21,TNFSF9,TRHDE,TRPC6,TSPAN9,USH2A,ZNF385D
269	ACO1,ADAMTS5,ADGRL3,APCDD1,ARAP2,ARRB2,BARX2,BATF,BMS1,C11orf21,CCM2,CFAP263,CNTN5,COBL,COL12A1,COX18,CSMD1,DLK1,DOP1B,DPYSL2,EEPD1,ENSG00000261783,ENTPD1-AS1,FEZF1,FGF12,FGF14,FHIT,HDHD5,ISX,KCNA1,LDLR,LINC02055,MCPH1-DT,NR5A2,PCSK5,PMP22,PPFIA1,PTGS2,SALL3,SASH1,SLC16A9,SLCO2B1,SMPD4,SPIN1,STMN2,TMEM132D,USP24,WHRN,ZNF737
270	ABO,ADAMTS18,AFDN,AFG2B,AKAIN1,ALK,BMP6,C6orf118,CA10,CCDC179,CCDC71L,CDCA7,CELF5,COBL,DCDC2C,DSC3,ENSG00000250971,ENSG00000267868,FAM78B,GRM8,HMGA2,LINC02272,LMNTD1,LUZP2,MAGI3,MND1,NCAM2,NTNG1,NXPH1,ODAM,OLFM3,RALYL,SCCPDH,SH3TC1,SLC16A12,SLC8A1,SMIM12,STXBP1,SULF2,TAS2R16,TECRL,TENM2,TMEM41B,TNS3,TRIM22,VWF,ZBTB7A,ZC3H12D,ZNF180
271	ABTB2,ADGRA3,AK5,ANKRD12,AP1M1,BOD1L1,C1D,C4orf33,CBLB,CLEC12A,CNTNAP5,COL22A1,CP,CPN2,CSMD1,CTSB,DDX59-AS1,DLL1,DNAJC15,ENSG00000257729,ENSG00000286674,ENSG00000286760,FAM171A1,FCER2,FSTL5,FYN,GPAT3,HELT,HEPHL1,IRX2,KIF16B,LINC02064,LINC02828,LRIG1,NAXE,NDUFA4,NOG,OR10G3,PCSK5,PPFIA1,PRKAR1A,PSMD7,PWRN1,SFSWAP,SHLD1,SNHG18,TCIM,TRPM4
272	AMY1C,APOL5,ARSJ,B4GALT4,BICD1,C1D,CCDC158,CDH12,CHRM3,CLEC5A,CNTN3,CTNS,CXXC4-AS1,CYP11B2,CYP24A1,DAB1,EYA4,FAM181A-AS1,GGTLC1,HES1,ID2,IFNG,IMMP2L,IRF8,IRX6,KCNQ1,KLHL6,LARP1,LEPR,MCF2L2,NGF,OSTM1,PEX2,POGLUT1,PRR16,PTPRH,RASSF4,REEP3,SARAF,SIGLEC7,SLC37A1,SLX9,SMARCA2,SOWAHB,STMN4,TMEM260,TMTC2,TTC39C,ZP4
273	ADAMTS9,ADCY9,ATF7IP,ATP6V0E2,AUH,CAMTA1,CAPN9,CCSER1,CD109,CDH4,CDYL2,CLCN3,CXCL13,DDX60L,DKFZP434A062,EPHA4,FAM98A,HLCS,IPMK,KAT14,KCNE4,KL,MGMT,MTRR,NGF,NOVA1,NRBF2,OSTN,PRKCE,PRKN,PSEN1,PVT1,RNF214,RNPEP,SARAF,SCHIP1,SDK2,SIRPG,SLC37A3,SMOX,SOCS6,STPG2,SUCLG2,SULF2,TAFA2,TMX3,TRIB1,ZNF236,ZNF684
274	ADAM29,AGAP1,AK4,AKAP13,ANKRD30A,ANO5,AOAH,CACNB2,CCDC179,CCDC88C,CCZ1B,COL22A1,CTSZ,DNAH5,ECRG4,ENSG00000274422,FAM181B,FBXL7,FUT9,GADD45G,GTF2IRD1,ICE1,IFI27,KDELR3,KMO,LRRTM4,MBTPS1,NEUROG2,NID2,NTRK3,PCSK5,PGCKA1,PRKG1,PRKN,PTPRD,RASGRP1,RCSD1,SLC16A10,SLC35D4,SYT6,TBCA,TENM2,TPRA1,UFM1,USP47,UST,WARS1,ZNF124,ZNF395
275	ACAN,AGAP1,AHI1,ALG10,ARHGAP10,CCL1,CHORDC1,CNTN1,CNTN4,CNTNAP2,CRABP2,CUL5,CWF19L2,GRIN3A,HSPA12A,IRX1,KCNJ12,LRRTM4,LUZP2,MAPK10,MLN,MN1,MPPE1,MYLIP,NETO1,NPR3,OPCML,PAFAH1B2,PCDH7,PGM1,PIWIL1,PTBP3,PXDNL,RAB28,RBFOX1,REG3G,RNF6,RPL30,SLC39A11,SNX16,SPTLC3,STC2,TRPV1,TTC29,UTRN,WDR1,XYLB,ZFP36L1
276	ABI3BP,ADAMTS17,ARAP3,ASB1,BAIAP2L1,BOD1L1,C16orf54,CACUL1,CARHSP1,CCDC50,CDH5,CRIM1,CSMD1,CSRNP3,DSCAM,EFR3A,ENSG00000289438,EYS,FCRLA,HIBCH,IRX1,KLF1,LINC02018,LRFN5,LRMDA,LZTS1,MAFB,MGAT5,MMP7,MUC19,NEBL,NUP210,OPCML,PDE3A,PERP,PIK3C3,POSTN,POU1F1,PRL,RAB6C,RHBDF2,RSPH1,SEPTIN5,SFRP2,UNC13C,WARS1,WDR36,WWOX
277	AKR1B1,ANKRD30A,ARGLU1,BCHE,CAAP1,CASP4,CCBE1,CEP128,CNTN4,DIRAS2,EDEM1,EIF4E,ELOVL6,ENSG00000188897,FAH,FAM78B,GRM7,GTPBP10,HMX1,JCAD,KCNIP4,KLF5,LAMC3,LGMN,LINC02223,LTA4H,MSX2,NPAS3,NUB1,PAX1,PEBP4,POM121L12,PRDX6,PTPRD,PXYLP1,RBFOX1,RUFY1,SH2D4A,SLC6A5,SNRNP27,TARBP1,TBC1D4,TMPRSS15,TOX3,TPK1,TPM4,ULK4,ZNF648,ZWINT
278	ACBD7,AKR1E2,ARHGAP25,ARSJ,CCL20,CDH9,CDK5RAP2,CLDN14,CNTN5,DNAH5,DSC3,ENSG00000286548,FLRT2,FMN2,GABRA6,GFRA1,GXYLT1,KCNQ3,KLK4,LYZL1,MBP,MTRR,NALCN,NETO1,NPSR1,NRIP1,OTUD7A,PAK4,PDHA2,PLOD2,PPP1R14C,PRDM5,PSMD7,RCAN1,RORA,SBF2,SERPINB10,SLIT3,SOX11,SPDYE4,SPTLC3,STK35,TBX21,TENM4,THSD7B,TLL1,TRPV1,WSB1
279	ALCAM,ALK,ANO5,ARL8B,ARMS2,ATP8A2,C10orf90,CALB1,CDH13,CDH18,CHST15,CYLC2,CYP4F2,DDX10,EGFR,EML4,ENSG00000235419,FMN2,GGH,GLRX3,GRIFIN,IQGAP2,JARID2,KTN1,LOX,MACC1-AS1,MAD1L1,MAP1LC3B2,MBP,MRPL39,NAALADL2,NSMCE2,OLFM4,PLPPR5,PLSCR1,RAPGEF1,RBFOX3,SEC61G,SLIT2,SMC2,SMIM21,STX8,TNFRSF17,TPO,TSPAN9,UIMC1,VPS13C,XYLT1
280	ABCA13,ADCY9,AKR1D1,AMY1C,ANO3,ATG4C,ATXN1,C12orf54,CAMK4,CARMAL,CCNG2,CSMD1,DGKD,EDN3,FAM171A1,FOLR1,FSTL5,GATA2,GRXCR1,GSDMC,KCNIP4,KDM4C,KLF12,LMO4,LYZL1,MAPK8,MARCHF1,MME,MRPL47,MYCBP2,NGEF,OAF,PCDH15,PI4K2B,PID1,PITRM1,PPP2R3C,RAB28,SDR16C5,SERPINB8,SGCZ,SLC10A2,SLC2A14,SLC35F2,SPART,TBX18,TMEM232,TUBA3C,VAV2
281	ADHFE1,AKR1E2,ARHGAP26,ARID3A,BMP6,BTN3A1,C10orf143,CAST,CD200,CDC42BPA,COG6,DNAJC5B,ETV3L,FLRT2,FNDC3B,GARS1-DT,GATA3,GLIS3,GNG12-AS1,HMGA2,KCNA5,KCNIP4,KCNN2,KCNU1,LUZP2,MED13L,MTMR7,NDST3,NDUFA10,NEK10,NMNAT3,NPSR1,PLA2G4A,POLR1F,POLR2M,RFLNA,RTN4R,SH3GL2,SIGLEC12,SLC12A6,SOWAHC,SPAG16,TEKT5,TET2,TMEM132C,TRIL,TTLL2,ZFAT,ZPLD1
282	ABCA1,AKR1E2,ATXN1,BCL2L14,BECN2,BMPR1B,C1orf174,CACNA2D1,CCNB1IP1,CCZ1,CDRT4,CHST9,CSMD1,DAPP1,DCC,DPP6,DYNC2H1,EBF4,ENSG00000237326,ENSG00000251410,FGF9,FHIT,H3-3A,ID2,LPAR1,LRRC7,LYZL1,MACROD2,MACROH2A1,MAGI1,MARCHF1,MRC2,MYO16,PDE3A,PDSS1,PLOD2,PSD3,PTN,RARB,RXFP2,SBF2,SLIT2,SMC2,STXBP6,SUCLA2,SYT10,TARP,WDR11,ZNF618
283	ADAM29,AGBL4,ANKRD36,AOAH,BICRA,CADM1,CAMK4,CAMTA1,CCDC179,CDH18,CELF4,CSMD1,CTNNA2,DAB1,DCDC2C,DCTN6,DDO,DSC3,ELAPOR2,ENSG00000288637,ERGIC1,ESR1,FMN2,FOXF1,FOXL3,FSTL5,GTF3C5,IL37,IZUMO3,JPH2,KIF13A,LINC03026,LRATD2,LSM3,MASTL,MCTP2,OTOL1,PIWIL4,RAB38,RBFOX1,RGMA,RHOH,SGCG,SLC35F3,SLIT3,SORCS1,TEX29,TLE4,TMEM260
284	AFTPH,ANP32A,ANTXRL,ARHGAP24,AVPR1A,CAP2,CDK14,DET1,DGKI,DIRAS2,DLGAP1,DOK6,DOK7,EFNA5,ENSG00000232884,ENSG00000239920,ENSG00000287117,ERAP1,FAM110B,GAREM1,GGTLC2,HHAT,HTR2A,KRTAP5-6,LGMN,LYZL1,METTL5,NMT2,NPAS3,PLEKHB2,PNPLA3,PPIAP45,PRDM15,PTPRD,RBM17,RNASET2,ROGDI,SETD4,SOX9,SPON1,SRRM4,SSC5D,ST6GAL1,TBC1D2,TBL1XR1,TBX5,TDRD3,UNC13C,VAV1
285	AADAT,ACO1,ADGRA3,ADGRL3,AKR1E2,ATP10D,CNTNAP2,CRYBA4,EPB41L3,EPHA7,FBXO28,FUCA1,HEMK2,HS3ST3B1,IGFBP3,KCNJ2,KLRC1,LHPP,LRRC4B,LRRK1,LYRM4,MFAP3L,MINDY3,MKLN1,MYEOV,MYO7A,PCDH18,POGK,PPP2R2D,PRUNE2,PTGDR,RGS12,RIN3,SIPA1L2,SLC39A12,SLIT2,SMARCA2,SOCS1,SPOPL,SULF1,TBCE,TLL2,TMIGD3,TRPC4,XDH,ZEB1,ZNF316,ZNF385D
286	ADORA1,APOB,ATP8A1,CAMTA1,CCDC112,CCDC179,CCDC28A,CDK15,CYYR1,DPH6,EDARADD,ENSG00000251448,ENSG00000253335,ENSG00000282142,ENSG00000286002,EOMES,ETS2,ETV3L,FGF6,FHDC1,FOXI2,FSTL4,GAB4,GALNT2,GRM4,IFNG,IL23R,IL4R,ILKAP,KLHL1,LHX1,MPHOSPH9,MRNIP,MRPL39,NCKAP5,NDUFA4,NECTIN1,NFATC2,NRXN1,PDE5A,RELN,RND3,SERTM1,TBC1D2,TEKT5,TMEM132C,TRAPPC9,UVSSA,ZNF264
287	ADGRL2,AOPEP,CACNB2,CADM2,CDH18,CTNNA3,DMRT2,EFHC1,ENSG00000259363,EPB41L4A,EPHA5,ERG,FTMT,GLP1R,GPC6,GTF2I,HAS2,ID2,ISX,LINC00595,LINC00937,LMO7,LPIN1,MBL2,MEIS2,METTL4,OLA1,OR51L1,PDIA6,POFUT2,POT1,PRR16,ROBO2,SLC35F4,SLC39A8,SNX29,SORCS1,STC2,STIM2,TDRD15,TMEM114,TMEM132B,TRHDE,TRIO,UNC13C,USP25,VGLL4,ZNF519,ZNF599
288	AADAT,ACSL1,ANKRD50,ANO2,C11orf71,CD83,CDC5L,CDC73,CDCA7,CDH7,CHRM2,CRIM1,EMCN,EMP2,ETS2,FAM181A-AS1,FAXC,FNDC1,FOXI2,GABRG1,GATA3,KLF7,LMO7-AS1,LMX1A,LPIN1,MAFB,MAP2K4,MED12L,NTM,OOSP4B,PDE4B,POLG,PTCD2,S1PR3,SAMD5,SEMA4F,SFMBT2,SFSWAP,SLC6A17,SLX9,SOCS6,ST3GAL1,STIM2,TBL1XR1,TENM4,TUNAR,VWC2,YWHAQ
289	ACBD5,ADCY2,ARHGEF7,ASIC2,BMP6,C6orf118,CDH23,CDH9,CEP83,CFAP418,CHODL,COX7B2,CTNND2,ENSG00000257398,ETAA1,ETS1,FOXQ1,GRIP1,HIP1R,HNRNPA1L3,IRS2,KCNIP4,LPCAT1,MED10,MSR1,MYL12B,NDUFAF4,NLRP12,NRP1,PAH,PCDH7,PDE10A,PLCXD3,RBFOX1,RBM19,ROBO2,SCUBE1,SLC1A4,SLC6A5,SLCO1B1,SMIM36,ST8SIA1,STARD4,STMN2,TENT5A,THBS1,TRIML1,ZP4
290	AADACL4,ARHGAP20,ATP6V0A4,CDH6,CDO1,COBL,CRBN,DEPTOR,DOCK1,DOK5,DSEL,DSG2,ENSG00000227718,ENSG00000289710,FCRL5,FMN1,GATA3,GLI2,GOLGA8A,GYPA,HYCC1,IGFBP7,KCNJ5-AS1,KLF14,LINC00667,MARCHF8,MBP,MDGA2,OLFML2B,PARVG,PDK4,PELI2,PODXL,RARB,RFC3,RNF144A,RPL10L,SERPINB8,SLC7A11,SLITRK6,TAFA5,TCERG1L,TSPAN17,TUSC3,WNT4,ZFR,ZNF148,ZNF407,ZNF66
291	ADAMTS18,ADAMTS5,ARAP2,BCL11B,BICC1,CCDC60,CEP164,CNTN4,DLGAP1,DRD1,ENSG00000287550,ENSG00000289710,EPHA7,EYS,FAHD1,FBXO25,FHL5,FZD8,GRAMD1B,HACE1,HLA-DPB1,HS6ST1,HTR1B,KLF12,LINGO2,LSAMP,NKAIN2,NRG1,NXPH1,PCP4,PDGFD,PLOD2,PRKN,PRND,PTK2,RASSF2,RFX3-DT,SASH1,SCN5A,SGMS1,SOX13,TBL1XR1,TMEM179,UBA6-DT,UFM1,USP25,VNN1,WWOX,ZBED5
292	ADAMTS12,ADRA2C,ARNT2,ARRDC4,ATP10A,AUH,BCHE,C4orf33,CDH9,CHIT1,CNTN5,COQ2,CTNNA3,DEUP1,DOCK1,ERCC4,FAT1,GFOD1,KCNIP1,KCNQ1,KCTD1,LINC02431,LINGO2,LIPC,LRRC4C,MED13L,MYCN,NCOR2,OLIG3,PCDH7,PRSS23,PWRN4,RICTOR,SCML4,SIRT5,SLC8A1,SLITRK1,SLITRK6,STK32A,SUCNR1,TLE4,TPBG,TRIM69,TTC21A,VLDLR,WASHC5,WRNIP1,ZNF385D
293	ACSF3,ADI1,ALCAM,ARPP21,ASAP1,BCAS4,C2CD2L,CCDC188,CCSER1,CNTN4,COPS8,CXADR,CXXC4,DAB1,DAOA,DCBLD2,EFCAB3,ENOSF1,ENSG00000279668,ERICH1,GASK1B,GNA15,GRIN3B,GTPBP3,HLF,HOMEZ,IPMK,KLRG2,LRIG1,LRRC4C,MANEA,MICAL3,MLLT3,MN1,MRPL3,MUC19,NECTIN1,NEK7,PDE10A,PMM2,POTEC,PRAMEF4,SDK2,SLC24A4,SLC7A7,SPACA7,ST8SIA1,UFM1,WNT4
294	ADCY8,ADGRB3,ADGRL3,AIG1,APOH,ARHGAP25,ARID4B,ASRGL1,BCL2L13,C17orf75,CD1A,CDH18,COBL,CRYBA4,DCC,DOCK1,EEF2KMT,EFNA1,EOMES,ESRRG,GCNT1,JRK,KCNJ4,L1TD1,LHCGR,LTBP1,MBOAT2,MCPH1,MRPL15,NETO1,NIBAN3,NRG1,NXPH1,OTUD7A,PBX1,PDE1C,PRDM16,PTER,RIPK4,RSPO3,SHISA6,SMIM19,TBC1D2,TNFRSF21,TNS3,TTC29,VRK1,ZNF697
295	ACAD8,ACP1,ADAM12,C2CD4B,CBY2,CEP57,EGFLAM,ELMO1,ELOVL5,FAM98A,FGF12,GCM1,GHRL,KCNN2,KDM4C,LAMA1,LHFPL3,LINC00433,MPZL1,MRTFB,MUC2,NAV2,NSL1,NTPCR,OMA1,PLCG2,PLPPR5,POTEC,PPP1R12B,PRR5L,RAI14,RBFOX1,RNF32,SCAF4,SELENOW,SEMA6A,SFMBT2,SLC35D1,SLC35F3,SSBP3,SSU72L5,ST3GAL1,STARD3NL,TENM3,TM4SF18,TMCO5A,TRPM3,WWOX,ZWINT
296	ABCC8,ACO1,ADAM12,ADGB,ADGRL3,ADORA1,AMY1C,ARHGAP42,ARRDC4,ATP11A,ATP2B4,C21orf91,CCDC83,CORIN,CYP7B1,DEFB136,EIF3B,EML6,ENSG00000273167,EPHA6,GABRB2,GLI3,HTR2A,IGF1R,IQGAP2,KAZN,KL,KLF6,LINC01664,LINGO2,NAV3,NETO1,NRXN1,NTN4,NUAK1,PDE10A,PDE9A,PLCB1,PTPRD,RBFOX1,SGPL1,SLC9A8,SMAD1,SMC2,SYNJ2,TRIB2,TRMT9B,ZNF737,ZWINT
297	ACSF3,ADA2,ADGRL3,BRINP3,C16orf82,CEBPA,CEMIP2,CSMD3,CUBN,DEGS2,DPPA2,DRAM1,ENSG00000254777,ENSG00000282278,ENSG00000286759,FAM98A,FUT6,GPC6,HPCAL1,JAKMIP3,LINC02959,LINC03124,MRPL21,MRPS18C,MYT1L,MZT1,NKAIN2,PARVB,PCSK5,PLA2G4A,POSTN,PRR16,PTPRD,RETREG1,RNF2,SEMA3D,SMAD2,SMURF1,TAC1,THSD7B,TMIGD3,TMPRSS15,TRIM36,TYRP1,VWC2,XYLT1,ZNF516,ZNF561,ZNF804B
298	ABL2,ADTRP,ANKRD30B,ARK2C,ATP2C2,C1QTNF7-AS1,CBLB,CLRN3,DLG2,ENSG00000251339,FER1L6,FMN2,GFRAL,GNG11,HMCN2,KCNMB2,LARGE1,LIN7A,LINGO2,MGAT5B,MOXD1,MYOCD,NCAPD3,NPAS2,PAX5,PHACTR1,PLA2G2A,PRMT6,PSMD7,RAB4A,RBFOX1,RELL1,SCD5,SGSM1,SLC36A1,SLC39A12,SLFN11,SLITRK6,SNX13,SUMF1,TLE2,TLR10,TNFRSF13B,TRAM1L1,UNC13C,VPREB1,XPNPEP1,XYLT1,ZNF608
299	ADGRB3,BMP6,CACNA1A,CDH4,CDYL2,CEACAM4,CELF2,CEP162,CGA,CIMIP1,COL11A1,CUBN,CYYR1,DLG2,DNAJB9,DPT,ENSG00000248223,ENSG00000249706,FAM98A,FSTL4,FSTL5,GDAP2,GRM7,GTF2H2,ITGA6,LARGE1,LARS1,LMCD1,LRRC27,LSAMP,MACROD2,MCPH1,MFGE8,MRPS10,NEBL,NKAIN2,NRP1,NRSN1,OPTN,POLR1F,RUBCNL,SIGIRR,SMARCA2,SOX1,SPRY2,SYNPR,TYRO3
300	ADCK1,ADGRL3,ANK2,ANXA1,BLOC1S5-TXNDC5,C16orf78,CHST11,DMKN,DOCK5,DSCAM,EFR3A,EMP2,ENSG00000235615,ENSG00000287209,ESRRG,FANK1,GCNT2,GRM4,IL1RAP,KANSL2,KCNIP4,KIF20B,LIRIL2R,LRRTM4,MTRR,MYH11,NPAS3,NR2F2,NTSR1,PAQR5,PLA2G4A,PLAAT1,PREP,PROX1,QSOX2,RAB23,RIMS1,RORA,SCARA5,SDK1,SNX29,SNX6,STEAP1B,STX7,SYT9-AS1,THSD4,TMTC1,TPRA1,TREML2
301	ACP5,ADAMTS16,ADGRF4,ADRA2A,ARAP2,ATPSCKMT,CBLN1,CCDC136,CCDC91,CDH13,CDH7,CEP43,CHST15,DERA,DNAJB6,DPP6,EN2-DT,ENSG00000285566,ENSG00000289238,FAM20C,FSTL5,GFRA2,LINC00662,LPIN1,MYL1,PKP1,POM121L12,POU2AF3,PSD3,PUSL1,RASSF8,RFC3,RGMB,SACS-AS1,SDK1,SEC23IP,SLC1A1,SLITRK1,SYNM,TBX3,TENT5C,TEX36,TLE4,TNFSF18,TRAPPC12,TRIM5,WNT11,ZFAT,ZNF622
302	ACO1,ADAM7,ADCY2,ADGRD1,ADGRE1,ALK,ASAP1,ATXN1,CA10,CACNG4,CAGE1,CCNE1,CEP170,ECRG4,EDEM1,ENSG00000273167,ERI1,FCRL3,FHAD1,FMO2,GPRIN3,HAS2,HSD17B4,IGFBP3,KCTD16,KDM4C,LAPTM4B,LDB2,METTL21A,MON1B,NECTIN3-AS1,PARM1,PCDH7,PHF2,PI3,PKNOX1,PRKN,PRPF40A,PSMA8,RBFOX1,RYBP,SFSWAP,SGCZ,SGK1,SH2D6,SLC8A1,VEGFC,ZIM2,ZNF91
303	ADAM29,ADGRL3,ALG8,APOL2,ATP9A,C4orf33,CAND1,CCKBR,CCND3,CELF2,CENPC,CHORDC1,CNTNAP2,CST2,DOK7,ENPP6,ENSG00000248736,EPHB1,FMN1,FSTL5,GNLY,GPC6,GSDMC,HPCAL1,IGF2BP2,JHY,LINC02556,NPAS3,NRSN1,PKD1L1,POMT2,PRMT8,PTGER4,RBFOX1,S100Z,SASH1,SCFD2,SEMA4D,SESTD1,SLC2A1,SLC2A3,SOX11,STXBP4,TENM2,TENM4,TRIM9,TUSC3,ZNF75A
304	ACBD5,ADGRE1,AK8,ANAPC1,ARAP2,ATP9A,AZIN1,CD70,CYYR1,EDEM1,EGFR,EYA2,FAM98A,FOXN2,GABRG3,GOSR2,GPM6A,GRB10,GSAP,JAKMIP3,KCNS3,KCNU1,KHDRBS3,MAL2,MEX3C,MYC,NAALADL2,NOL8,PCDH15,PSG1,PTP4A3,PTPRN2,RIMS1,RPUSD4,RTN1,SEMA4D,SIGLEC6,SLC24A3,TENT4A,TESC,TIAM1,TLL2,TMEM232,TMTC1,TRAPPC10,XCL2,ZFAT,ZNF385D
305	ACSL3,ADCK1,ADGRB3,ATP8A2,CCDC112,CDK6,CSTB,DCT,ELMO1,ERCC4,FANCF,FZD6,GFRA1,GJA1,GLRX3,GRIK2,GUF1,HAS2,HERPUD2,ID3,IL22RA2,JARID2,LINC01754,MACROD2,MCHR2,MTRR,NCAM2,PRDM2,PRKCA,PRUNE2,PYDC2,RERG,RGS7,RNF150,RPL10L,RUVBL2,SEMA6D,SETX,SGK1,SIX2,SLC44A1,SMIM30,SPRY4,TBL1XR1,TMEM167A,TSPAN18,VPS45-AS1,ZNF385D
306	ABLIM2,AGR3,BNC2,BRINP1,CASC15,CDH7,CNTN5,DDX60L,EFNA5,EIPR1,ENSG00000254746,F3,GABBR2,HERC2,HEXB,IFRD1,IPMK,IRX6,KCNK2,LARGE1,LHPP,LPIN1,MGLL,MYH13,MYO5B,NALF1,NCAM2,NSMAF,NWD1,PARD6B,PCSK2,PJA2,PLA2G4A,QKI,RAB12,RERGL,SCGB1A1,SEZ6L,SH3RF3,SLC7A11,SMARCA2,SPATA3,TBX5,TENM4,THEMIS,TMEM106B,VEGFC,WNT7A,ZMAT4
307	ADCY2,ADH1C,ATP13A3-DT,ATXN1,C18orf63,C4orf33,C9orf153,CCDC50,CDH4,COBL,CRISPLD2,CTSB,DEFB131A,DENND3-AS1,DLGAP1,DLGAP2,ENSG00000267383,ENSG00000284686,ENSG00000286288,ENSG00000286496,FRMD6,GINS3,HABP2,HOXD1,IGF1R,IPMK,KAZN,KLF7,LINC02984,LIPG,LRRTM3,MRPL39,PGR,PIEZO2,RGS6,RPS29,SEMA3E,SERPINB8,SLC4A3,SMAD3,SMARCA2,SOX9,SPATA31D1,TAS2R1,TES,TRIM9,UBE2E3,VN1R5,ZNF208
308	ACTR3C,ANKS1B,ANO5,ANXA1,ATP8B1-AS1,BMAL1,CACUL1,CELF5,CEP57,CHRM3,CNTNAP2,CXADR,DAB2,DIAPH3,ELAVL2,EREG,FOXF1,GPC5,GPM6A,GRAMD1B,GSG1L,HDGFL1,INTS10,KIT,L1TD1,LARGE1,LIMK2,MAK,MXI1,NETO1,NPPB,PLXDC2,PRKAR1B,RAP2B,RMDN1,SH3BP4,SH3PXD2B,SLC6A7,SNX29,SUMF1,TMEM40,TNPO3,TPK1,TPT1-AS1,TTLL7,USP24,VPS13C,VRK1,ZNF385D
309	ACSL3,BMPER,CASQ2,CDH4,CFAP107,CHRM2,CIROZ,CLEC12A,COBLL1,CSMD1,CYRIA,DLEU7,DYNLT1,FHOD3,GJA1,HS3ST1,HTR2A,KAZN,KDM7A,KIF21B,LHX5,LHX9,LINC02018,LRATD1,MAT2B,MBL2,MECOM,MIPEP,MMD,NAXD,NFXL1,NKAIN2,NYAP2,PAMR1,PLXNA4,PPIE,PPP2CB,RAF1,RBFOX1,RSU1,SGMS1,SLA,SLC17A6,SLITRK5,TEK,TLL2,TMEM184B,VLDLR-AS1,ZNF516
310	AADACL3,ADGB,ADPRM,APOLTP,CCL22,CDON,CEP63,CHCHD3,CNTNAP2,CWH43,DCAF5,DRD1,EGFR,ENSG00000236162,ENSG00000284686,FAM135B,FHIT,FOXC1,GGA3,GLB1,IL17D,KCNN2,KIF2B,KIZ,KLF6,LHFPL6,MALT1,NELL1,OR2C1,PCDH7,PDE3A,PITX1,PKP2,PRKCE,PTPRD,SIPA1L2,SOX5,TBC1D8,TEX29,TEX35,THAP3,TLE6,TMEM71,TNIP3,UNC5D,ZNF519
311	ADGRD1,ALK,CDH4,CNOT6L,CNTN5,CNTNAP2,CPAMD8,CRYBG2,CYP1B1,DAOA,DPY19L3,DUSP22,DUSP26,ELP5,ENSG00000237378,ENSG00000283458,FAM107B,IMPA2,KCNK1,KTN1,LARGE1,LINC02018,LRFN5,MAT2B,MYC,NAV2,NCALD,NEUROG3,NRXN1,PARAIL,PER3,PIWIL1,PLSCR5,PSAT1,PTGR3,RAP2B,RAPGEF2,SEC22A,SLC67A1,SNTG1,SPOCK3,STAM,TACC2,TMEM132D,TRA2B,TRBC1,UBE2E3,WASF3,WWOX
312	AGA,AGAP1,AKAP13,ALK,ANKRD16,ANKRD50,B4GALNT3,BRI3BP,CARMIL1,CBLN2,CCNG1,CDK20,CRYBG1,CSMD3,ENSG00000226919,ENSG00000248431,ENSG00000283563,EXOC4,FAM107B,FAM181B,FOXD2,GFRA2,IRF8,ISX,LETR1,LINC03018,LOXL2,LRRTM4,LUZP2,MRO,NPIPA8,PBX3,PCDH18,PCDH7,POLR2M,RAPGEF2,RASD2,RBM43,RGMA,SACK1D,SLCO4C1,SYTL3,TAFA5,TRPS1,UQCRFS1,ZNF302,ZNF608
313	ABCC8,AEBP2,ANKRD30B,ATP10A,CACNG2,CLU,CRISPLD2,CXCR4,EEF1A1,ENSG00000288612,EYS,FAM110B,GAL,GYPC,HMX2,LPIN2,LRRC4C,MC4R,MINDY4,MMP7,MSR1,MZT2B,NOVA1,NPHP4,OR1M1,PMAIP1,POSTN,PREX2,PRKN,RELN,RGPD8,SEMA6A,SEPHS1,SLCO1B1,SLIT2,SOSTDC1,SVIL,TENM4,TGFBR2,TMEM132D,TMEM18,TMEM92,TSNARE1,TUNAR,XXYLT1,ZC3H11B,ZFPM2,ZNF66,ZP4
314	ADGRD1,C5orf58,CDH6,CLEC11A,CLYBL,CYYR1,DCC,DST,EGFR,FAM98A,FCRL5,FGF9,FGFR2,FMO2,GAREM1,IFNGR1,IGFBP7,INHBA,IRX2,KCNJ6,KCNMB3,LINC02561,LINC02885,LUZP2,MAT2B,MFAP3L,MYO9B,NYAP2,OSR1,PCDH15,PDE1C,PIGN,RIN2,ROBO1,RYR3,SLC25A48,SLC7A10,SLC7A5,SLIT2,TBC1D31,TCF4,TRIM2,TRPC6,TSHZ1,WRN,WWOX,ZNF525,ZNF804A
315	ADGRL3,ATPSCKMT,CDK6,CNTN5,DAP,ENSG00000259363,ENSG00000287332,FAM124B,FLT3,FRMD4B,GALNT10,GALNT13,HPS3,IL12B,KCTD1,KLF5,KRTAP21-3,LDLRAD3,LINC02018,LRCH1,MAB21L3,MTHFD1L,MYO3A,NAV3,NCAPD3,NSUN3,NXNL2,PCDH15,PCDH18,PCSK5,PDE10A,PHYH,PLEKHA5,PLXNA4,PSMG3,PTGIS,PTMA,PTPN1,SDHAF4,SMPD4,SPDYE21,STARD13,SULT1C4,TFAP2C,TMEM217,UNC13C,WDR1,ZNF286A
316	ABLIM1,ADAMTSL1,ARAP2,CAND1,CDH11,DSCAM,DTHD1,ENSG00000283321,EPHA4,FAM135B,FAM201A,FASTKD2,FECH,FOXN3,FOXO1,GALNTL6,IL15RA,KAZN,LHX5,LINC01839,LINC02783,LMO7,LONRF1,MAT2B,MMD,NID1,PAX7,PCDH15,PID1,PKHD1,PNPLA6,POU3F3,PXK,RIMBP2,RORA,RPS9,SALL4,SEL1L,TEX53,TMEM132B,TMEM132C,TMEM204,TMX3,UBE2E3,UNC13C,UPB1,UQCRFS1,ZNF98,ZWINT
317	ABCA1,ABCB5,ADAMTS18,ANGPTL4,ARHGEF40,ARL2BP,ATL2,CAAP1,CCSER1,CHST10,CSMD1,CXCL12,DPH6,FAM124B,FLT1,FSTL5,GALNTL6,GRAMD2B,IRX1,KCNG3,LINC02006,LSAMP,MEX3C,MIR1-1HG,MRPL36,NCALD,NCAM2,NOD1,NPHP4,PCDH15,PDPN,PKDCC,POLR1E,RGS9,RRP7A,RUNX1,SLA,SUGP2,TACR3,TAFA5,TCL1A,TENM2,TMEM132E,TMX3,TSPAN13,TSPYL5,TTLL7,USP25,WDR88
318	ABCC4,ACAT1,ADAMTS17,ADGB,ADTRP,AGAP1,ANKRD26,ARHGAP22,ATXN1,CA10,CD244,CEP104,CTAGE1,CTSZ,DSEL,DUSP23,ENSG00000261402,EYA1,FGF9,FOXC1,GLI3,GNAL,HS6ST1,IMPG2,KCNK1,KLF12,KLF7,LUZP2,MBOAT1,MINDY4,MTX2,NPY2R,NXPE2,OXR1,PDK4,PRPH2,PSMG1,RBPMS,RGMA,RIPK2,RNF144B,ROBO2,RPLP1,SELL,SLC47A1,THSD7A,TMEM196,TMEM200C,WRN
319	ADAD2,ASB3,ATIC,BACE2,C10orf90,CASP5,CCDC74B,CDH17,CDYL,CELF2,CNTNAP5,COL28A1,CSMD3,CTNNA3,EID2B,ETV1,FGGY,GORAB,GOT2,KCNIP4,KLF3,LINC00408,LINC02660,LMO4,MAPK4,MCPH1,NDN,NUP214,OPCML,PCSK5,PIEZO1,PLAGL1,POLM,PTPRD,RBFOX3,REEP3,RSPO4,SCD5,SERPINB1,SORCS1,SRRM4,TBC1D32,TENM3,TENM4,THBS1-IT1,THEMIS,TPM1,ZFHX3
320	ADRA1B,AUTS2,CEP104,CLCN7,CST1,DOCK1,DROSHA,EDEM1,ENSG00000286129,ENTREP2,ETV1,FAM110B,FOXP1,GCSIR,HTRA1,IL12B,IRGM,JRKL,KCTD12,KIF2B,LAIR2,LIMS1,LINC00958,LINC02552,NALF1,NSUN4,PAG1,PHLPP1,PLAAT5,POT1,PXDNL,RGS16,RHOU,RNF144A,RPS6KA1,SEMA5A,SIRPA,SLC7A10,SMIM30,TBRG1,THRB,TIAM2,TNK2,TPM3P9,TRH,UNC13C,WWOX,ZNF683,ZPLD1
321	AGR3,ALG5,ARAP2,ARHGEF18,ATP11B,ATPSCKMT,B3GALT5,BARX2,BRD1,BTBD3,C4orf50,CD300C,CDCA7,CDH12,CPB1,CREB5,CSF1R,ENSG00000236961,FAM174B,FSTL5,GABRB3,HERC4,HS3ST3A1,HS3ST5,IFT88,LINC01451,LMX1B,MBL2,MPRIP,MSX2,NR2F2,NRXN3,NTRK2,PCDH7,PHACTR1,PITRM1,PLA2G4A,PPP1R1A,RASGEF1B,RBFOX1,RBM19,SLC24A3,SUMF1,TMC2,UNC5C,UXS1,VLDLR-AS1,YTHDF3,ZNF148
322	AFAP1,AMY1C,ARL8B,BCL2L13,BDKRB1,CDC73,CLYBL,CNTN5,COL4A2,CSMD1,CYP19A1,DOCK1,EGLN3,ELSPBP1,ENDOV,ENSG00000259907,ENSG00000272411,ENSG00000289328,FRMD4A,GCM1,KDR,LINC00578,LINGO2,MPDZ,NDUFA4,NELL2,OLFM3,PHF2,PMP22,PPFIA2,PRB3,PTPRD,PTPRT,PYDC2,RET,RHOU,RIN2,SELENOF,SEMA6A,SHH,SLC20A1-DT,SMAD2,SMIM1,SMYD3,SOX5,SVIL,TENM3,TKT,VWC2
323	AGA,APCDD1,APIP,C1orf174,CCR3,CD2AP,CDH18,COL11A1,CPVL,CYLC2,CYP4F12,ENSG00000281883,ENSG00000286750,ESRRG,GAREM2,GNA12,GNA14,HEATR3,IGSF21,KAZN,KIF16B,KIF20B,KLF4,LDB2,LINC00448,LINC01515,MARCO,MCUR1,MYC,NCAM2,NPFFR2,PKD1L1,PMP22,PODXL,PRR16,PSAT1,PTPRC,RASA3,RCL1,RNF144A,SLITRK5,SNX16,TAF3,TMEM132E,UTRN,WWOX,ZNF608,ZNF813
324	AGAP1,ALG2,ARID1B,ASF1A,BOD1L1,BRINP1,C2CD5,CARD17P,CCDC110-AS1,CD226,CDH4,CLVS2,COX16,DGCR6,DUSP10,EYA1,GFRA1,GJA1,GYS2,HRG,HSPA12B,JAZF1,KCNH5,KCNIP4,LINC00877,LINC02883,LNCRNA-IUR,MMP7,MTHFD1L,MYO16,MYOCD,NBEA,NELL1,OR4E1,PNMA8C,RFC3,RGL1,RIMS1,RMI2,RREB1,SGTA,SLC10A2,SLC5A8,SPOCK3,TRIB2,VIT,VWC2,ZNF480,ZNF827
325	ADGRB3,ANGPT4,ARL4C,ATP8A2,BCO1,BMAL1,BTBD3,CD46,CDH9,CITED2,CTNNB1,CYYR1,DTWD2,ETV1,GDF10,IL17A,IRS2,KCNH5,KCNIP1,KCNJ2,KCP,KLF4,LINC02607,LINC02793,LPIN3,LUZP2,MNS1,MYO3B,NCAM2,PLD5-AS1,PLOD2,PLSCR2,PREX2,PTPRO,RAMP3,RELL1,RFPL4B,RSPH14,SCGN,SCIN,SEMA4B,SGCZ,SLC4A3,SORCS1,SRP54,SYK,TRPC4,XXYLT1,ZP4
326	ADAMTS17,BCL11A,CACNA1C,CACNA1E,CCSER1,CDH12,CDH9,CLIC5,CNTN5,COX19,CREB5,CSMD1,CTNNA2,DACT2,DDX18,DSEL,ELAC2,EYA1,FGF12,GADD45G,GPC5,GPC6,GPD2,IL19,IRX3,JUN,KCNU1,KCTD16,KLF6,MKI67,MT1L,MTSS1,PAX7,PHACTR2,PKP2,PLSCR5,POLR2M,POM121L12,RFX3,RXRG,RYBP,SYNJ2,TBCK,THBS2,TLN2,TMEM132D,TRAPPC9,ZFP42,ZNF385D
327	ADGRA3,ADGRB3,ALDH8A1,ARHGAP12,BMP2,CCDC3,CDH18,CDH9,CEP85L,CSNK1G3,CST9L,DACH1,DLC1,ENSG00000286125,FOXQ1,FRMD4A,GABARAPL1,GALNT16,GPRC5C,GRM7,HNF1B,IFT74,KAZN,LEPR,LINGO2,LRATD2,LRP1B,MED13L,MOB1A,MRC1,MYH11,NAV2,NBAS,NDUFAF7,NID2,NPVF,NXPH1,OAF,PITX2,PLEKHA5,SLC45A4,STXBP5-AS1,TENM4,TRDN,UQCC6,ZC3H13,ZFP42,ZNF492
328	ABCC8,ADAMTS16,BCKDHB,C1QTNF7-AS1,CNOT6L,CNTN5,CPPED1,CTNND2,DDIT4L,ENSG00000197991,ENSG00000267564,ENSG00000289527,FAM181B,GALNT14,GLI2,GLIS3,GZMB,H2AJ,ID4,IMMP2L,ITGB1,KCNIP4,KCNK10-AS1,KIF26B,LRRC30,MSX2,NAALADL2,NCAM2,NPY2R,NRP1,PCDH15,PIEZO2,PLSCR2,PRSS12,PTPN14,PXDN,RBFOX1,RELL1,ROBO2,SEL1L,SH3RF3,SOX4,TCIM,TFEB,TLL1,TNRC18,VPS41,ZNF483,ZNF516
329	ADAMTS17,ANKRD50,ANO5,CCSER1,CD37,CDH10,CDH18,DAOA,DNAH11,DYRK4,ECI2,EMP2,FBXO33,FHIT,FOXC1,GALNT13,GDF10,HEMK2,IMPA2,KIF16B,KLKB1,KRR1,LARGE1,LGR5,LINC02691,LPIN1,MATN1,MC3R,MIS18A,MROH9,NRXN1,OSTN,PCDH7,PGBD5,PINX1,POF1B,POSTN,PRMT6,RAPGEF2,SNX7,SPDYE21,TENM3,TOLLIP,USP31,VAT1L,VLDLR,WNT11,ZBTB16,ZNF622
330	ABCA8,ADAMTS9-AS2,AMY1C,ATXN1,BNIP2,BRDT,CAMTA1,CARD11,CCDC50,CCSER1,CHORDC1,CLPTM1L,COL15A1,CTXND1,DAOA,DCHS2,DMAC1,ENOX1,ENSG00000228048,ENSG00000256603,EYA2,FKBP15,FMN2,FOXI1,GPC5-IT1,IL5RA,IRAK1BP1,JAG1,LINC01091,LINC02715,MPDZ,NUF2,OR1J1,PARVB,PRDM14,PTCH1,RAB31,SCARA5,SEPSECS,SLIT2,SOX11,SOX13,SPP1,ST14,TARBP1,TMEM132B,TMPRSS9,WDR11,ZP4
331	ADCK1,BCL11B,C15orf40,CCDC71L,CNTNAP5,DLGAP1,DOCK1,DPP10,EIPR1,ENOSF1,ENSG00000223751,ERVK13-1,FOXA2,HS3ST4,KBTBD8,KCNE4,KDR,KRTAP5-9,LIMS2,LINC01901,LINC03040,LINGO2,MLXIP,MYO3B,NDST3,NEB,NFATC1,NOVA1,NRN1,OSTM1,PCP4,PYROXD1,RASSF8,RUNX2,SERPINB8,SHISA9,SLC6A15,SMC2-DT,SMIM31,SUSD1,SYNDIG1,TBC1D22A,TENM3,TFAP2A,TMEM114,TMEM132D,TTLL7,TUSC3,ZFYVE28
332	ABHD12B,ADAMTS5,ADGRL3,AGPAT4,ATP11B,C6orf118,CNTN4,CSMD3,DKK2,DOK5,DPH6,ENSG00000267571,ENSG00000285566,FARS2,FGGY,GLRX3,GMDS,GNRHR,H6PD,HDDC2,HS3ST4,IRX2,KIF16B,LDLRAD4,LINGO2,LPIN2,MELK,MPZL1,MRPS25,NOMO3,NTM,PLXNA2,PTPRQ,RAN,RGMA,RNF150,ROBO2,RTN4RL1,SACM1L,SPSB4,TBX3,TENM3,TMED8,TMEM232,TMEM50B,VAV2,VPS26A,XYLT1,ZPLD1
333	ABHD17A,ADGRB3,ATL2,BMPR1B,CAV3,CCND2,CELF2,CERS6,CNTN6,CSMD1,DGKB,DMGDH,DOCK9,DYNC2H1,EEPD1,ERAP2,FGD2,FRMD6,GRM7,HMHB1,HSD17B3,JPH2,LINC00326,LINC02132,LPP,LUZP2,MED21,MPHOSPH6,NAV2,NCK2,NR2F2,NRCAM,OLA1,OLIG3,PCNX1,PDXK,POSTN,PTPRD,SGCZ,SLCO1B1,SPINK14,STT3B,SULF2,SUMF1,SYPL1,UNC13C,YWHAE,ZIM2
334	ACP3,ACTRT2,ADGRD1,ALCAM,ANKS1B,CDH8,CLEC14A,COBL,CSMD1,DNAI4,DSCAM,DUSP10,ENSG00000235979,ENSG00000286123,FGF20,FLRT2,FOXF1,GRM7,GSE1,GUCY1A1,HAPSTR1,HS3ST1,INO80D,IRF1,KDM5B,LRATD2,LRRC38,MIR3147HG,NAALADL2,NPIPA8,NUP210,PACRGL,PRKG1,PWRN4,RALYL,RAPGEF2,SLC2A13,STK32A-AS1,TAFA5,TBC1D1,TFAP2C,TIAM1,TMEM266,TRIML1,UBE2E2,VRK2,ZNF124,ZNF85
335	ADAMTS18,AKAP1,ARAP1,ARHGEF28,BTBD3,CASC20,CCZ1B,CDH13,CIMIP1,CLNK,CYLC2,DDIT4L,ENSG00000267674,EPHX2,ETV7,FOXO1,FOXQ1,FRMD4A,FUT9,GAN,GRIK2,H3Y1,HACE1,ID2,INPP5D,ITGB3BP,LINC01232,LOXHD1,LRRC3B,MCF2L,MTCL1,NPIPB6,OLAH,PHACTR2,PLEKHA7,RIDA,RIMOC1,RIN3,SH3YL1,SPAG17,SPATA6L,STK38L,SURF1,TBC1D4,TCERG1L,TENM4,TPK1,VWC2,ZNF385D
336	ACO1,ASAH1,BICD1,CBLB,CCZ1B,CDH12,CDH13,CDKL2,CEP44,CLSTN2,CXADR,CYP4F2,DAB1,DLGAP2,DOK6,DSEL,ENSG00000259164,ENSG00000285082,FAHD1,FBN2,FREM1,GALNT18,GAPDH,GFRA1,LCORL,LINC00539,LINC01088,LRFN5,MACROD2,MAGI1,MCTP2,MTRR,MYOF,PHACTR2,PLXDC2,PLXNC1,POM121L12,POU5F1B,PTPN20,RGS7,RYR2,SEPHS1,SGCG,SLC24A3,SPTA1,ST18,STX8,TMEM132C,ZNF578
337	ADARB2,ALCAM,ANO5,ASIC2,ATP2B4,BCR,BRD1,CBLN2,CD200R1,CHIA,CHIC2,CYRIA,DAPK1,DHX35,DMRT2,DOCK5,DRD1,ENSG00000205959,ENSG00000233081,FHIT,GMCL1,GOLIM4,GRIP1,HERPUD2,INSR,KATNBL1,LINC01842,LRATD1,MFF,NALCN,NDST4,NTRK3,OSTM1,PABPC4L,PLEKHG7,PLSCR4,PRRC2C,RAB18,RBFOX1,RNF150,ST6GALNAC3,SYK,SYNE1,TBX3,TMEM260,TNPO3,TUBA3C,ZFHX3
338	ADAMTS16,ADAMTS5,ADARB2,AGA,ATXN7L3B,BCL2L14,BMAL2,C3,CDH18,CDH7,CGNL1,CLDN18,CNTN5,COL25A1,CTNNA3,DNAH5,DNAH7,ERCC3,FAM135B,FAM181B,FSTL5,GPR26,KCNAB2,LRRC20,MED13L,MITF,MRPL39,MYLK4,MYO16,NALF1,NMT2,NTN4,NUP214,PABPC4L,POM121L12,PRKCQ,PRKN,RNF32-DT,RYR3,SGCD,SH3BP4,SLC27A6,SLC45A1,SLC8A1,TES,TGFB2,WIPF3,WWC2,ZNF596
339	AADAT,ACSL1,AGBL1,ATP1B1,BARD1,BICC1,CALN1,CAMK1G,CCL22,CCSER1,CDH18,CDON,CENPC,CES1,CHL1,CLNK,DAPK1,DOP1B,DSCAM,DTHD1,EIPR1,EPHA5,FTH1,GBE1,IL17A,IQSEC1,KCNQ5,MSH2,MSR1,NPIPA8,P2RX7,PGR,PLOD2,PMEPA1,POU3F1,PTPRN2,RAB4A,RBFOX1,RELN,SAMD12,SLC24A4,SORCS1,SP100,SPHKAP,SPP2,VEGFA,VIPR2,VSTM2B,ZMIZ1
340	AGBL1,AGPAT3,ALK,AMZ1,ATP13A2,AVL9,BOD1L1,BUD13,C16orf95,CACNA1E,CAMK1G,CCND1,CIDEA,CLTCL1,CSMD1,DPP6,ENSG00000275759,ENSG00000286868,ERGIC1,FAM246A,FGF12,FOXN3,GALNT2,GPC5,GRIA1,GRIN3A,HAND2,HS3ST4,IRX1,ITPR2,KCNN2,LRRC4C,MED13L,MRPL39,NT5C1A,OR4K2,PCDH7,PDCD6IP,PHACTR2,PPP3CA,PRDM9,PTPRD,SLC4A3,SMIM21,SNHG8,SNX29,TMEM184C,UGT2B10,USP24
341	ALG10,AP2M1,ASIC2,CDIN1,CHMP3,CMPK2,COL22A1,CPXM2,CRYBG1,DGCR6L,DLG2,DMAC1,DPPA4,ECHDC3,ELP1,FAM246A,FAN1,FHIT,FPGT,FSTL5,GRIN2A,HS3ST4,IGFBP7,INSIG1,IPMK,KAT2B,LINC02414,LPL,LRRC4C,MAP2K3,MC4R,NRXN3,PBX1,PDZD2,PRL,PSG1,RFX3,RPL22L1,SAMD9,SLC22A16,SLC7A5,SP110,SPCS3,STARD4,SWT1,TBC1D7,UNC13C,ZNF804A,ZP4
342	ADGRD1,AHCYL2,ALLC,AMY1C,B3GNT5,BCL2L11,C16orf82,CNTLN,COG6,CPNE4,CSMD1,ELSPBP1,ENSG00000259130,ENSG00000288885,EPHA4,FAM135B,FHIT,GALR1,HECTD2,HEMK2,IL7,IPMK,IPO5,KLHL1,LEPR,LRPAP1,LURAP1L,MECOM,MIDEAS,NEDD4,NPFFR2,NXPH1,PARVB,PDE10A,PDE4B,PDGFD,PRDM13,PRKACA,RAI14,RAPGEF2,RBPJ,RIPOR2,SEMA3C,SORBS2,TBX3,TNFSF14,UBAC2-AS1,XKR4
343	ACBD5,ACOX3,ADRA1B,ASAP1,ATP10B,C16orf82,CAND1,CELF2,COG6,DDX60L,DROSHA,EMCN,ENSG00000285082,FRMD4B,GTSCR1,IDO2,IGFBP7,IL1R1,IL36RN,KCNIP1,NAV3,NCAM2,NDUFA4,PARVG,PCDH15,PCDH7,PFKFB3,PITRM1,PLOD2,POM121L12,PTPRB,PTPRD,RASGEF1C,SEZ6L,SHISA6,SIPA1L2,SLC30A8,SMIM21,SOCS6,SPATA18,TCERG1L,TCTN2,THSD7B,TMC1,TMEM132B,TNFSF13B,UGT2B17,WWOX,ZNF100
344	AMOTL1,ARMC6,ASPG,C1QTNF6,CD47,CHST9,CSMD1,ENSG00000256407,ENSG00000273167,FERMT1,GABRG1,GLT1D1,GRIK2,GRIN3B,KATNAL1,KCNAB1,KCND2,KCNMB4,LRP1B,MACROD2,MDFI,ME2,MGAM2,MIOS,MRPS18C,NBPF3,NCAM2,NPLOC4,NUDT4,POC5,RAB33B-AS1,RAB6C,SGCG,SLC10A2,SLC67A2,SLC6A13,SMLR1,SNX31,STK32B,SYNC,SYT17,TAFA5,TENM4,TPT1-AS1,TSNARE1,UXS1,ZNF697
345	AKAP7,ANKS1B,ARHGAP24,CARS2,CCNG1,CCNG2,CDH7,CENPP,CXCL5,DCDC2C,ELAVL2,ENSG00000263164,EPHA4,FSTL5,HS3ST1,HTR2A,LINC01432,LRFN2,MADCAM1-AS1,MAEL,MCF2L,MED13L,MRPS18C,MYO3A,NBAS,NPBWR1,OGFRL1,OPRM1,PIEZO2,PNLIPRP3,PTPRD,RBBP8NL,RMDN1,RNASET2,SGCZ,SH3BP4,SIRPA,SLC2A5,SLCO1B1,SOX6,SV2B,TRPC6,USP12,USP25,ZNF521,ZNF532,ZNF804A,ZNF823,ZNF835
346	APBB2,ASNS,BEND4,BICC1,CCBE1,CCDC92B,CDAN1,CIITA,CLDN23,CPN2,CTNNA3,DLC1,ENSG00000283563,ENSG00000285534,ERGIC1,FRMD3,GAS1,GAS7,GRB14,HRH1,HS3ST1,HS3ST3A1,HSPG2,HTRA3,IGF1R,INPP4B,KCNJ16,LINC01187,MGLL,MYOM2,NELL1,OLFM3,OSMR-DT,PRPS1L1,PSD3,RIN2,SCN2A,SLC25A24,SLC39A8,SLC8A1,SORCS1,STIM2,THUMPD3-AS1,TKTL2,TMEM26,TMEM38B,TUSC1,VWDE,ZFPM2
347	ACAA2,ADGRL3,AQP2,ARAP2,CARMIL1,CDH6,CDYL,CRELD2,CYRIA,DGKB,DNAJB6,DOCK1,DTHD1,DUSP10,ENSG00000228802,ERC2,FIG4,GABRG1,GBP2,HLCS,KIF13A,KIRREL3,KLHL31,MBL2,MIR3147HG,NDST4,NPS,NUTM2A-AS1,OR51D1,PARP10,PBX1,PCDH15,PID1,PLA2G4A,PNMA8C,POU2AF3,PREX2,PRKG1,PRMT3,RIN2,RNF144A,SLC25A24,SOX11,SPOCK3,SYT13,TFCP2L1,TMEM200A,TMEM68,TNPO1
348	ARID2,BRINP1,CACNA1S,CCDC50,CHP2,CNTNAP2,DGKB,DGKD,DGKG,DLC1,ELF1,EMX2,ENSG00000286002,EYS,FPGT,GREB1,HTR7,KCNS3,KDM7A,KLHL1,LYZL1,MC4R,MCPH1,MKI67,MPHOSPH6,NDUFA4,OTUD3,PTPRC,RASGRF1,RCAN1,RGPD8,SLC14A2,SLC8A1,SMARCA2,SPOCK3,ST6GAL2,STXBP6,SYNJ2,TAFA5,TCP11L1,TGFB2,TMEM132C,TRMT9B,TSPAN8,TWIST1,UTP6,VRK1,ZNF330,ZPLD1
349	ABTB2,ANKRD30A,C21orf91,C6orf118,CASP3,CDH2,CHRM1,CLDN5,CTSO,DHX36,DYRK4,ENSG00000237378,ENSG00000287428,ENSG00000289216,F5,GPD1L,HBG2,HHIPL2,HMCN1,HPD,IRF8,ITM2C,KCNA4,LINC02384,LINC02492,MSI2,NR5A2,NUDT12,OLFM3,OLIG3,OR9K2,OXA1L,PCDH7,PCTP,PKN1,PPP2CB,RAI14,RNF144A,SCN5A,SH3GL2,SLC38A1,SLC9A9,SMPD4,TAFA5,TENM3,THSD7A,TRHDE,USP25,VAPA
350	ABCC4,ADGRB3,ADRA2C,ARL4A,BACH1,BTBD3,C14orf132,C7orf33,CDC42BPA,CDH5,CFC1,CNTLN,COL25A1,DMAC1,ENSG00000203546,ENSG00000258683,FMO4,GAS7,GOLGA6L25,GRM7,HOPX,ID2,ITPR1,KCNN3,KLK12,LMNB2,LPIN1,LRRC4C,MARCKS,MAT2B,MC3R,MYOCD,NAV2,NRG1,OTUD7A,PCDH18,PLEKHA6,PRDM8,RAB4A,RAPGEF2,RGS17,RNASE11,SETBP1,SP110,SYT4,TMEM170B,TTLL2,WDR11,ZNF266
351	ADARB2,ADGRB3,AIPL1,ANKRD10,ANKRD60,ARHGEF7,ASIC2,B4GALT4,CALCOCO1,CDC73,CLDN17,CMPK2,CRISPLD2,DEFB134,DHCR24,DTNA,EIF4A3,ENSG00000259164,FPR2,GALNT8,GLIS3,ING4,IPMK,KCNS3,KCNT2,MUC20,NKX3-1,OBI1-AS1,OTOP1,PLPP4,POU1F1,PRKG1,PTPRD,RAP1A,RBFOX1,ROS1,SDK1,SETMAR,SLC8A1,SOCS6,SORCS1,SOX11,TADA3,TBC1D2,TBX5,VANGL1,ZNF257,ZNHIT6,ZSCAN5C
352	ABR,ACCS,ADGRB3,ADTRP,AGA,ATIC,CAMK4,CBX4,CDH11,CELF2,CERS6,CNTNAP5,CRYBA4,CSMD3,CTNND2,CXCL16,DGKB,ENOX1,ENSG00000250697,FAM124B,FRMD4A,FSTL5,GPR158,HSPB1,JAK2,MAT2B,NDN,NEIL3,NUP35,OBP2B,PCDH10,PLSCR5,PMP22,PRLR,PTPN1,RBFOX1,RBM20,RGMA,RTL6,SMOC2,STK32A-AS1,TAFA5,TMEM132C,TUBA3C,USP24,VPS13C,YBX3,ZNF180
353	ADAM29,AMPD3,ARAP2,BLTP3B,CAPN13,CDH4,CNTN4,COL28A1,CXCL6,DENND10,EFNB2,ENPP6,FSCB,GLRX3,GRIK4,GRIN2A,KCNT2,KLF14,MAD2L1,MYH10,NDST3,NR2F2,NWD2,OR4E1,PCDH15,PCDH7,PREPL,PSMG4,PTBP3,PTPRM,RANBP3L,RNF31,RP1,SDC2,SERPINA5,SERPINB5,SERPINB8,SIPA1L1,SLC35D1,SLC35F3,TENT2,THBS1,TLE4,TMEM114,TMEM132C,TNS1,UBAP2,UGT8,VWC2
354	ACKR3,AFDN,AGMO,API5,ARHGAP42,ATPSCKMT,BBS9,C4orf50,CD300C,CLMP,CNIH3,CNTN5,COMMD10,DAB1,ELOVL2,EYA4,FOXK1,GPC5,HAO1,HGF,IL10,IL18RAP,IRF8,L3MBTL4,LHX1,MAGI1,NCAM2,NPAS3,ORC5,PACRG,PEX2,PFKFB3,PRAMEF1,PTGR3,RASGEF1B,RASSF5,RGS4,RGS9,RTL1,SEC16B,SLC37A3,SNCAIP,TFIP11,TLE1,TNFSF15,TNRC18,TXN,USP12,ZSWIM4
355	ACO1,AIMP1,ATP2C2,CATIP,CCDC179,CEBPG,CHIA,CLNK,CNTNAP2,CTIF,CYTL1,DDX1,DOK6,DTHD1,DTX1,ENSG00000259647,ENSG00000268361,FAM13C,FGF9,FMN1,GALNT11,IFNG-AS1,IRX1,ITPR1,KIF26B,LRP6,LTA4H,MIPEP,NAALADL2,NOS1,OTOGL,OTOR,PBX1,PCDH9,PIGBOS1,PLCB4,POM121L12,PPP1R3B,PRKN,PRR20A,PTPRU,PXYLP1,RXFP2,SNX9,TMPRSS15,TRABD2B,TRIML1,WDR17
356	AUTS2,CBLN2,CDC42EP4,CDH13,COL13A1,CRYGN,CSMD1,DOCK2,EFEMP1,ENSG00000234352,ENSG00000257729,ENSG00000258683,ERAP2,FZD8,GRB10,GSDMC,LITAF,MYEOV,NDUFB2,NLRC5,NPVF,NXPH1,NXPH2,PBX1,PCGF5,PDE5A,PDGFD,PRR15-DT,PSAT1,PTCH1,PTPRT,RGS1,RPRM,SEMA4A,SLC4A3,ST3GAL4,STEAP1B,TAF4,TCERG1L,TGFBR2,TNIK,TTC39B,TUNAR,TUSC3,UNC79,ZNF236,ZNF365,ZNF770,ZNF880
357	ACTR3B,ANKRD22,ANKRD30BL,B3GAT1,BRD1,CACNA1C,CDH5,CELF2,CLVS1,CXCL12,CYS1,DISC1,ENSG00000233251,ERVK13-1,GABRB2,GDAP1,GPC5,GPRC6A,HACL2,HRCT1,IRS2,ITPR2,KCNF1,KCNK13,KIAA0232,LINS1,LMO4,LRP1B,LRRC7,MAGI1,MCPH1,MTUS2,NPM1,NPY,ORC5,PLOD2,POU1F1,RBFOX1,SAMD9L,SNX19,STK10,STXBP6,SULT2B1,TBL1XR1,TMEM260,TRIM14,TRIM75,ZBTB7C
358	ACO1,ADRA1B,AK8,ATP8A2,CDCA7,CNTNAP5,COX7A2L,CSMD1,EFNB2,ENSG00000258875,FAM181B,GAA,GNAS,HAND2,HDAC2,IGFBP7,ITGB1,KCNK9,LINC00667,MAD1L1,MCTP2,MGRN1,MSH6,MYCT1,NAMPT,NHLRC1,NPIPA1,NPIPB2,NPTX2,NR3C2,OAT,PCSK2,PDGFC,PLD5,RFLNA,RSL24D1,SCN2A,SCOC,SGCZ,SPG7,ST6GALNAC3,TAFA1,TMEM260,TPRG1,TSHZ1,UQCRFS1,UROS,ZNF648,ZNF787
359	ADGRA3,AK4,ARSG,ATP2C2,BBS10,BCAS1,CELSR1,CLMN,COG5,DAPP1,DCLRE1A,DENND2A,DPF3,DYRK2,ELAC2,FAM120AOS,FAXDC2,GOT2,HS3ST4,JARID2-AS1,JRKL,LANCL1,LARGE1,MACROH2A1,MED12L,MRPL36,MVK,PCDH10,PIEZO2,POLR1B,PRLR,RAB31,RGL1,RGS6,SAP30L,SEC13,SH3BP4,SMYD3,SNX5,SOX11,SPTLC3,TECRL,TENM3,TGFBR2,THADA,UBE2U,XYLT1,ZNF608,ZP4
360	ABCA1,ABCA8,ADAMTS3,ATP1B1,CACNG5,CASP9,CECR2,CYLC2,DSCAM,DUSP1,EDEM1,ELP1,ENSG00000227101,ENSG00000248431,ENSG00000286110,EYS,FAM78B,FLYWCH1,FOXI2,HMX1,HSPA2,HTR1B,IFNW1,KCNE4,KDM4C,LINC02006,LINGO2,LRATD1,MOXD1,MYO3A,NDRG1,NHERF1,OR10T2,PDE4B,PSD3,RIOK2,RUNX3,SERPINB12,SLCO1B3,TAC1,TAFA2,TBL1XR1,TFB2M,TGIF1,TMEM132B,TRAPPC9,YAP1,ZNF705B
361	ADAMTS9,AFG2B,CCDC82,CD83,CD9,CDH18,CFAP20DC,DGKB,ENSG00000233179,ENSG00000235007,FAR2,FOXI2,FRK,GOLGA7,GXYLT2,HRH2,HSPG2,IGSF21,IQGAP2,KIF4B,LINC00667,LZTS1,MAGI1,MEDAG,MEF2A,MLN,MSMO1,MTFR1L,MTPN,MYO18B,NUBPL,PCDH7,PDE6C,PLSCR4,POT1,PRDM16,PRICKLE2,RBFOX1,RPL38,RPS6KA2,SEMA3A,SLC38A4,SPTLC3,TENM4,TMEM106B,TNIP1,TSTD2,ZNF385B,ZNF608
362	CARD8,CLEC16A,CPEB2,CPMER,CYP26B1,DCLK1,DTNA,E2F3,EDIL3,ENSG00000227863,ENSG00000254361,EPHA7,FBXO15,GOLGA8O,GS1-24F4.2,GUCY1A2,HACE1,IFTAP,IGFBP7,KL,MGMT,MYO3B,NALF1,NBPF3,NCAM2,NFASC,NLRP5,NRP1,OAT,OLFM3,PCDH15,PFKP,PLOD2,PRSS12,PRSS30P,PTPRD,RBFOX1,RPS6KC1,SERPINA12,SERPINB12,SLC1A3,SLC26A8,TGFBR2,TMPRSS15,TMTC2,TYK2,VSTM5,ZMIZ1
363	ADGRL4,AGA,ALS2,ATE1,ATP5MJ,BHLHE22,CCDC170,CD300E,CD36,CDH13,CLCC1,CRYM,CYLC2,CYRIB,DMRT2,DSCAML1,ERC1,ESS2,FAM135B,FBXL4,FZD4,GOLGA8A,GPIHBP1,HACD4,HSF2,ICE1,KDM4C,LMO3,MAP2K2,MCPH1,MINAR1,MSX1,MYO10,MYO16,NAXE,NOX4,NPY,PABPC4L,PDIA4,PITRM1,PLXNA4,RAB31,RAMP1,RPH3AL,SCFD1,SGSM1,SOCS6,TOX3,WWOX
364	AGA,CALN1,CARS2,CASR,CCDC85C,CMC1,COBL,CRLF3,CRNDE,CTSC,CYRIB,DTWD2,ELP2,ENSG00000188897,ENSG00000257275,ENSG00000273259,ENSG00000283809,FYCO1,GABRB2,GRAMD2B,GTF3C1,HAO1,IFI44L,KLF6,KRR1,LRP1B,LRRC3B,MACC1-OT1,MAT2B,NALF1,NCAM1,NEGR1,NRXN1,OR2B11,OR52A1,OTUD7A,PCDH15,PCDH7,PCLO,PDGFC,PPP2R2C,RAMP3,SCAF4,SEL1L3,SLITRK6,TMEM132C,TRAF3IP2,UGT3A1,WIPI2
365	ABCC9,ADAMTS19,ANKRD30BL,ARID1B,ATP6V0E2,CFAP44,CLDN16,COL15A1,COL22A1,CXCR4,DPP10,DTHD1,ETV6,FMN2,FSTL5,GALNTL6,GALR1,GPAT3,GPR42,IFNE,KAT14,KRT73-AS1,LAMC3,LHX8,LINC00879,LINC02367,LRRC4C,LSM6,MALRD1,MPDZ,NCK2,NELL2,NETO1,OAF,OPRM1,PDE3A,PRLR,PTMA,RGS18,RSU1,SFRP1,SLC10A2,SLC24A2,SPP2,SPSB1,STOX2,SULF1,TBX5,ZBTB49
366	AADAT,ADARB2,AKR1E2,AMY1C,ASAH1,B3GAT1,BAMBI,BTBD3,CDC42EP3,CDCP1,CHORDC1,CNTNAP5,CPNE4,CTBP2,CTH,DCC,DNAJC13,DPT,ENSG00000289271,ETFB,FAM98A,FLRT2,HACE1,IRGM,KIAA1217,LPL,MCPH1,MERTK,MREG,MRPL39,NEDD4,NPIPA8,PDCD6IP,PDIA4,PDZD2,PHOX2B,PIMREG,RAB38,RAB6C,SEMA5A,SHQ1,SMYD3,SNTB1,SPRY2,STEAP1,SV2C,TBC1D16,TMEM44,TPRG1
367	ADAMTSL1,ADGRL3,ATP1A2,ATP5F1A,BARHL2,CDH11,CDH8,CFHR1,CTNNA3,CUBN,DCHS2,DDX18,DIPK2A,EDIL3,ENSG00000269825,EPHA4,EYS,FAM98A,FAT2,FBXO33,FKBP4,GDE1,GLT8D2,IL22RA2,JAKMIP1,KCNT2,LDLRAD4,LRRTM4,MED10,MREG,NAALADL2,NEDD4L,OTOL1,PABPC4L,PRDM16,PRKG1,RASGRP3,RBMS3,RORB,RUNX1,SIRT6,TLE1,TMEM132C,TRDMT1,USP22,ZFP42,ZNF384,ZPLD1,ZWINT
368	ABLIM2,ACKR3,ADGRB3,ADGRD1,ASS1,CBLN2,CHRNA9,CHST9,CKAP4,CPA2,DCLK1,DCPS,EFR3A,EN2,FABP7,FAM174A,FOXC1,GABRG3,GATA3,GPHB5,JAK2,KLRC1,LACTBL1,LINC01234,MARCHF1,MGMT,MTHFS,NECTIN3,NPR3,OAS2,PACRG-AS3,PARK7,PCDH15,PCDH7,PCYT1A,PDZRN4,RBBP8,SERPINA5,SGCZ,SHANK2,SKOR2,SPPL3,SUB1,TBC1D1,TMEM132D,TNFRSF1A,TRABD2B,ZFAT,ZWINT
369	ADGRE1,ADI1,ARHGEF28,BORCS5,C4orf33,C8orf34,CACNA2D1,CDH9,CEDORA,CGNL1,CHLSN,CRBN,DGKG,EMP1,ENSG00000255928,EPHA4,FHIT,FHL2,GAREM1,GATA3,GIMAP7,GPAT3,HTR3C,INPP4B,KAZN,KCNK2,LAMA1,LYN,MAPK10,MBNL1,MCPH1,PCDH15,PHF2,PRELID2,PRKCE,PRKCQ,PRRX2,PTGER4,PXDNL,RERG,SERP2,SLC9A9,SORCS1,SORCS2,SOX5,THOC3,TNFSF13B
370	ADGRL3,AGA,C4orf33,CADPS2,CASP4,CBLN4,CDCA7L,CDH4,CHD7,CORO7,CTNNA2,CYFIP2,DSC2,EGLN3,ELP3,EPB41L3,EPHA1-AS1,GIPC1,IRX1,LINC01091,LITAF,LRRC3B,LUZP2,LZTS1,MRPL39,NMUR2,NPTX1,NR2F2,PDE1C,RAB28,RGS6,RNF32,SDC2,SERPINA1,SETX,SINHCAF,SLC35F4,SLC8A1,SOX6,SPTLC3,STRN,TACC3,TBX5,TLE3,TPK1,UQCRFS1,ZMYND12
371	ACSL3,ADAM18,ADAMTS12,AGA,ANO3,ANTXR2,CCZ1B,CDH4,CNTN3,CNTNAP5,CTNS,DBX1,DTNA,EFNB2,EN2,FAM99A,FAT1,GAS1,GLT1D1,H3Y1,HIKESHI,IGFBP3,INPP4B,ITPRID1,LINC01515,LMCD1,MAN2B2,MYLK4,NAF1,NFIB,NHLRC1,PBX1,PCNX1,PENK,PPARGC1B,PPFIA2,PRKN,PRMT6,PRR16,PTPN13,RAB18,SLC15A4,SLC16A9,SMIM41,SNTG1,SULF2,TNS3,USP20,ZNF211
372	ADGRL3,ANO2,ASTN2,CALD1,CDH9,COL4A1,CTNNBIP1,CXADR,DDX20,DLGAP2-AS1,DSEL,EEF2KMT,EPHA5,FDX1,FOXF1,GPR26,HS3ST3B1,IQSEC1,KCNQ1,LHPP,LIPC,MARCKS,MRO,NAAA,NAT2,NEUROG2,NPAS2,ONECUT1,OR52A1,OTUD7A,PIGY,PIP5K1C,PRKCQ,PRP4K,RASGRP1,REG3A,RPF2,RRM1,SEPTIN9,SH3PXD2B,SLC17A9,SLC4A3,SMIM20,TDRD3,TGFB2,TMEM132B,WDR31,ZNF536,ZWINT
373	AASDH,ADAM7,ADAMTS9-AS2,CCDC93,CDH13,CDH9,CDK5RAP2,CPNE4,DACH1,DGKG,EBF3,EIF1B,ENSG00000253619,ENSG00000259697,ENSG00000285566,FHIT,GNG12-AS1,HAS2,HLA-DOA,HSDL1,IFFO2,JAKMIP2,KCNT2,KLHL29,LINGO2,METTL4,MYO16,NCKAP5,NPAS2,NPSR1,NPY5R,PRKCQ-AS1,PRR5-ARHGAP8,RARB,RFX8,RGPD4,SLITRK6,SOX11,SP140L,SPATA46,TMPRSS15,TMTC1,TMX1,TRDMT1,UBR3,USP25,UST,VLDLR-AS1,XPNPEP1
374	ACSL1,ACVR2A,AKAIN1,BMAL1,BUD13,CARHSP1,CBX4,CD40,CHST8,CNTNAP2,COPS8-DT,CSMD1,CYB5R3,DICER1,DMRT2,DSC3,EMCN,EXOC4,GAN,GPR156,GRIP1,HS3ST2,HS3ST4,HTR7,KCNH7,KCNIP4,KLHL1,LPCAT1,LYSMD4,NFIB,OLFM3,PCDH7,PHF20L1,PMAIP1,PRNP,RDH14,RGL3,SALL3,SNTG1,SOX4,SOX5,SSTR4,SYT9,TEKT5,TLE3,TMEM150B,UQCRFS1,ZNF385D,ZNF536
375	ACTL8,ACVR2A,APBB2,ARHGAP17,ATP13A3,ATXN3,CACNB2,CCER1,CCN3,CD207,CEP295,CMPK2,CMTM8,CNOT2,ENSG00000239920,ENSG00000257398,EPCIP,FAT1,FGF9,GSDMC,HSD17B3,HUS1,ID2,IL22RA2,KCNU1,LASP1,LIM2,LMBRD1,LRCH1,MRPS10,NDST4,NRSN1,NUDT7,OPCML,PFKFB3,PHACTR1,PLPPR1,POU2AF3,RAD51AP2,RHOH,SMLR1,SPATA17,STARD3NL,TMEFF2,TMEM132D,TMPRSS11E,TOX3,WWOX,ZHX2
376	ABCA13,BMP2,BUD13,C4orf33,CDIN1,CNTN4,CNTNAP5,DCC,DHTKD1,DNAH5,DNAJB9,DPP6,ENSG00000285471,ENTPD5,ETS1,FIG4,H3-3A,IRS1,ITGA4,ITGA9,KCNE4,KCTD12,LAMA1,LHPP,LTBP1,MAF,MARCHF1,MRPL39,MSC-AS1,MYLK,NDST3,NLGN1,OAT,PCDH15,POU2AF3,PPP2R5A,PROX1,PRUNE2,QRFPR,RARB,SGCZ,SLC10A2,SNX29,SPOCK1,SPRED2,TBXAS1,TMEM61,TRAPPC12,ZNF519
377	AFAP1,AOC1,ARHGEF26,ARMC1,ASIC2,BMP5,CADPS,CCSER1-AS1,CIMIP5,CMC1,CTNNA3,CUL3,DKKL1,DOCK1,DSCAM,DTNA,ENSG00000188897,FNDC3A,HMX2,HS3ST3B1,KCNIP4,LANCL1,LBH,LINC00700,LRFN5,MEIS1,MORF4L1,MSR1,NIPA2,NPBWR1,PAPSS2,PARP10,POTEC,PRR16,RNASET2,SEMA4D,SORCS1,SOX11,SPATA3,STATH,TAB2,TENM4,UHMK1,VIPR2,WFS1,ZNF438,ZNF577
378	ABLIM3,ADGRL4,B3GLCT,BLID,CASC8,CDA,CDC73,CDH4,CENPE,CFAP418,COLEC10,CPN1,CPS1,EVPL,FOXQ1,FSTL5,GALNT10,GMNC,GPA33,GPC5,GPRC5B,HMGB1,HNRNPH1,KCNH5,KDM7A,KMT2C,LHX5,LINC02826,LMX1A,LTA4H,MCPH1,MECOM,MFAP3L,MYCN,PRDM1,PRLR,RAB3IL1,RASGRP1,SESN3,SLC3A2,STXBP5-AS1,TBC1D1,TBC1D22A,TMEFF2,TMEM150C,TNFSF13B,TUSC3,UACA,UNC13C
379	ACTR3,ANTXR1,ARAP2,CD55,CDKAL1,CHMP2B,CRIM1,CXCL13,DISP3,DSEL,DSP,EIPR1,ELSPBP1,ENSG00000257398,EPB41L3,EYA1,F13A1,GAS1,GGA1,KIF2B,KIRREL3,LINC02050,LINGO2,MAFB,MCC,MECOM,MKI67,MSRA,NRSN1,OR3A2,PATJ,PCDH15,PDE1A,PGCKA1,PTPRD,RCL1,RHOH,RSL24D1,SDK2,SLITRK5,SORBS2,SOX11,SPOCK3,STEAP1B,STIM2,TBL1XR1,WDR11,XKR4,ZWINT
380	ADAMTS1,ADAMTS17,AJAP1,ARHGAP12,ARHGAP18,BTBD3,CANX,CEP43,COX7A2,DEFB131A,DLGAP1,DUSP22,FRMD4A,GLRA3,GPR12,GPR161,IFNB1,KCNK13,KIAA1755,LDLRAP1,LINC02615,LRRC7,MARCHF11,MDGA2,MPPED1,NCAM2,NPY5R,NSMAF,NUF2,NUFIP1,NXPH1,NYAP2,OLFM3,OR51E1,PLCL1,PRELID2,RASGRF1,RASSF3,RBFOX1,RESF1,SLC10A2,ST18,TOR1AIP1,TREML1,TRIO,TUSC3,UGT2B4,ZIC1
381	ALDH8A1,APPAT,CAST,CELSR1,COL4A4,CTNNA3,CYRIA,DHX34,DOP1B,DSEL,EGFLAM,EIF3F,ENSG00000284691,ENSG00000287427,FAM110A,FMOD,GOLIM4,HTR7,KHDRBS3,KRT76,LCP2,LIPA,LRFN2,MAGI2,METTL2B,MYC,OXR1,PCNX2,PKN2-AS1,POTEC,QKI,ROBO2,SEPSECS,SGK1,SLC29A1,SORCS1,SPATA17,SUCNR1,TPK1,TRIB1,TTC7A,TUT7,TXLNB,ULK2,UMAD1,USP40,WWOX,ZNF468,ZNF770
382	ACP5,ADRA1A,ALDH3B2,ATP2C2,BRAT1,C7,CELF2,CHRM3,CHRNA9,CLEC3A,CPXM2,CRYM,DGKD,DOK6,EDIL3,ENSG00000250264,F3,FGF20,FSD1L,GLRX3,GOLIM4,GRIK4,HDAC9,IL36B,KLF10,KLHL7,LINC00433,NELL1,PCDH15,PDE3A,PDGFA,PLAAT1,PLPP3,POTEI,PSD3,RASSF8-AS1,RMI2,RNF121,RPS6KC1,S1PR3,SALL3,SEPSECS,SLC35G5,SNX19,SYT17,TMEM132D,TMX3,TP63
383	ABRA,ADARB2,ADGRL3,AMZ2,ANKS1B,BBS7,CDH13,CENPC,CEP41,CHST11,CLEC12A,DNAJB6,DSCAM,EDNRA,ENSG00000288895,EYS,FAT3,GALNTL6,GDF2,GOLM1,KCNK3,KLB,KLF3-AS1,KLHL1,LINC01484,MACROD2,MEF2A,MEGF11,MMADHC,MX1,NDUFA10,NXPH2,PAMR1,PATJ,PKD1L2,PMAIP1,PPP1R14C,PPP2R2D,PTPRD,RBFOX1,RNLS,RUNX1,SP100,SPOCK1,SRP14,SYT17,TTYH3,UNC13C
384	ABCG2,CCRL2,CDC37L1,CISD1,CLNK,COX7C,CPEB4,CRISPLD2,DLGAP1,DMBT1,EIF3H,EIPR1,EMCN,ENOSF1,GALNT18,GPRIN3,GSAP,HBG2,IFT57,KCNMB2,KL,LMO3,LPCAT1,LRATD2,MUC4,MYC,NAP1L4,NECTIN1,NXPH1,PCDH15,PKDCC,POU2F3,RBMS2,RFX2,SALL4,SDR42E1,SGCZ,SLC35B3,SLITRK6,SNRPB2,SNX16,SORCS3,THBD,TMEM207,TMEM92,TNP1,WASHC2A,WDR89,ZNF722
385	ACO1,ACOT11,ADRA2C,AICDA,ASAH1,BICD1,BTBD3,C1orf87,CDH10,CDH13,CSMD1,DLGAP1,ENSG00000275465,ENSG00000286097,ENSG00000288698,ETAA1,GCNT2,GDNF-AS1,GRM7,H3Y1,HIVEP2,HS6ST1,HUS1,IGFBP7,IL17D,JAK1,KLF4,LDLRAD4,LZTS1,MAFB,NUP85,PHLDB2,PLD5,PTPRN2,RFC3,SEMA3C,SGCG,SLC26A3,SLC38A9,SPATA17,TACR1,TENM3,THBS1,THRB,TMEM260,TRAM1L1,ZCWPW2,ZNF93,ZNG1A
386	ADAMTS12,AJAP1,ARL4A,ATP13A3,B3GLCT,BAALC,BUB3,BUD13,CACNA1D,CD300E,CDH10,CHL1,COL11A1,COP1,DACT2,DPP10,ELAPOR2,FAM43A,FSTL4,FTO,GALNT18,GRIP1,HS3ST2,ID2,IDO2,LCMT1,LIMCH1,LOXL2,MAP3K10,NFASC,NPS,PDE3A,PHF21B,PIK3CD,PLD2,PRKCE,RBM46,REEP3,SLC35F3,SNRPN,SPRY4,SYNPR,TRIB2,TRIML1,TRPC6,TRPM6,WLS,ZNF133
387	AGA,ANGPT4,ARHGAP26,BMPER,C16orf82,CCER1,CDYL2,CHST9,CSN3,DCBLD2,ENSG00000235281,ENSG00000285675,ERG,ETNK1,FAM98A,FERMT2,FOXK1,FUT8,FZD8,HAPSTR1,HAS2,ITGB8,KCNH5,KCNJ6,LINC01231,LUZP2,MGMT,MIR3976HG,MSH2,NINJ2-AS1,NLRP13,NREP,OTUD7A,PAPSS1,PCDH18,PIEZO2,PSMD6,RGS2,RPS6KA2,SLC37A1,SLC39A10,SLCO4C1,SLITRK5,SVIL,TMEM65,TMTC1,VRK1,ZNF326,ZNF385D
388	ABCB11,ANKRD30B,ANKRD7,ARG1,ARGLU1,ARRDC4,BOD1L1,C12orf75,CCNH,CFAP298,CHST9,CRACR2A,CYTL1,DAPK1,FOXO1,FRG2C,GDE1,GSDMC,HS3ST1,IYD,KANK2,LINC01515,LRFN5,MEX3C,MMAA,MYO3B,NPBWR1,NSUN2,PALLD,PDGFC,PIK3C2G,PIK3C3,PRAMEF4,PRSS23,PZP,RBFOX1,SCARA5,SCGB1A1,SDK2,SHH,SLC35E4,SLC8A1,SLITRK5,SNX5,TAFA2,TFAP2A,THSD7B,TNIP1,XYLT1
389	ADGRA3,AGXT2,ARAP2,BHLHE40,C16orf95,CBLN2,CCDC3,CKMT2-AS1,COBL,DNAH5,ENSG00000268673,ENSG00000275854,ENSG00000287069,ENTREP2,FAM13C,GALNTL6,GOLGA8B,GOT2,GPC5,IFT88,IGSF22,IRX1,KRT40,LGALS9,LHB,LUZP2,MAML2,MARCO,MEX3B,MGMT,MPDZ,NAV2,PARP12,PLEKHH2,PPM1F,PPP2R2C,PRLR,PZP,RBFOX1,SAMD4A,SCN8A,SMIM14,SP100,SPOCK3,TIAM2,TMEM132D,TMX3,TRPV3,ZNF331
390	ADAM22,AKAP13,ALCAM,ANO1,ARHGAP21,ARL4C,ARRDC3,ARSB,ATP10A,B3GALT1,CD200,CDH6,CNTN5,CNTNAP5,CSDE1,CSMD1,CTNNA2,ENSG00000251412,FAM98A,FGF9,FOCAD,GMDS,GPR20,LARGE1,LNX1,MEX3B,MGAT5,MICAL3,MRPL39,MYC,NEFM,NUP35,PGCKA1,PIK3CG,PROSER2,RPTOR,SH3PXD2B,SHISA6,SI,SMIM21,THSD7A,TRAM1L1,TSHZ3,TXNL1,UQCRFS1,UROS,WWOX,ZNF516
391	ANGPT4,C1QL2,C4orf33,CDH6,CSMD1,CXADR,CYP4X1,DACT2,DGKI,DISP3,DMRT2,FAM78B,FOXB1,FOXP2,GALNTL6,GPC6,GRAMD2B,HNRNPAB,HOPX,HPX,IQGAP2,KCNC2,KCTD16,KLF4,MCPH1,MDGA2,NETO1,NRSN1,NRXN1,OLIG3,PCDH7,PCNX2,PDE5A,PIEZO2,PKNOX1,PLOD2,PRDM9,PRKCE,SLC25A48-AS1,SLFN13,SLITRK6,TACC2,TECRL,TENM4,TGFB2,TSHZ3,XKR6,ZNF678
392	ACO1,ADGRD1,ADGRL3,ADGRL4,ANKS4B,ATP6V1E1,BOD1,BOD1L1,CARS2,CBLN4,CNOT4,CPPED1,DSG1,ENSG00000285471,FAM76B,FGF9,FOXO6,GRIA2,IMMP2L,IMPG1,KRT19,LINGO2,MAGI3,MMD,NAV2,NKAIN3,OTOGL,PLEKHG1,POTEH,PTPRN2,RAPGEF2,RFTN1,SALL1,SAMD4A,SHKBP1,SLC6A7,SNX19,SNX9,SOX11,SPDYE21,SRD5A1,TARP,TENM2,TOX2,UGT2B11,USP25,ZC3HAV1L,ZNF213-AS1,ZNF534
393	ACTRT2,AGBL1,ARRDC4,ATOH1,ATP2B2,CD5L,CDK8,CLCN7,COCH,CPNE4,CSMD1,DSC3,ENSG00000233251,ENSG00000289710,HNRNPA1L3,ICE2,IMPG1,IQGAP2,LINC01508,LRRIQ3,MEAK7,MYOM2,NEDD1,NINJ2,NKAIN3,NPHP4,NPY,PBX1,PLXNA2,RGS5,RYR2,RYR3,SCGB3A2,SCN9A,SGCG,SLC20A1-DT,SLC2A9,SMARCA2,SMC2,SPATA31C2,STAC,TAFA1,TAPBPL,TBX20,TGIF1,UIMC1,ZHX2,ZNF331,ZNF626
394	ADGRG3,BCAS1,BLTP1,C2CD4A,CADPS2,CD247,CD84,CNTNAP2,CSGALNACT1,CTH,DEFB1,DMKN,ENSG00000287367,HIP1,HS1BP3,HSPA8,HUS1,KBTBD11-OT1,LATS2,LINC02137,LINC03066,LMO3,LPGAT1,LRATD1,LRRTM4,MYOM2,NCAM2,NOAZFP,PLAC8,PMP22,PRDM9,PRKCA,PTPRD,RAPGEF2,RBM46,SGCZ,SGMS2,SIPA1L2,TBX18,TBX3,TENM3,TRIM24,UBE2E3,UGT8,VWC2,WWOX,ZFPM2,ZG16B,ZNF438
395	ACRV1,ADGRB3,AUTS2,BTBD3,CBLN4,CD81-AS1,CDH2,CEP170,CSMD1,ENSG00000254277,FAM135B,FAM241A,FLRT2,GADL1,GFPT1,GRM7,GTF2H2,GUCY1A2,IMP4,INHBA,KDM4C,LRRK2,MBL2,MCPH1,MRPL39,MYOM2,NALF1,PARM1,PCDH7,PDZRN4,PMM2,PRNP,RFC3,RPGRIP1L,SEMA5A,SGCD,SIRPA,SORCS1,STC2,TMEM176A,UBE2U,USO1,VEGFC,VIT,ZNF385D,ZWINT
396	ADGRL3,AMZ2,ASGR2,BACE2,CCSER1,CDC73,CDH9,CHRDL2,CLTCL1,CNTN5,CPA2,DOK6,EFCAB11,ENSG00000248262,ENSG00000249426,ENSG00000250658,EPHA7,ETV6,EVA1A,FOXD1,GABRB3,GPC6,HEMK2,IGF1R,INSYN2B,LINC01187,LPP,LTA4H,LYZL1,MAP1LC3C,MTFR1L,MYOCD,NAP1L4,NUP35,PFKP,PSG2,PTH2R,RAB6C,RNF38,S1PR1,SH3YL1,SMYD3,SUMF1,TACR1,TBL1XR1,TMEFF2,TMEM132C,TRDMT1,WDR17
397	ADGRB3,AGA,AMDHD1,AUTS2,CASS4,CATSPERB,CCN3,CCNG1,CD44,CLPP,CNTNAP2,COL22A1,CSMD1,CTDSPL,DAOA,DNAH3,DPP10,DPT,EBNA1BP2,FGF12,FRMD3,GCLC,GSDMC,ID2,IFNAR2,IMPA2,IRX1,ITGAV,LRRN1,NEDD1,NOCT,NPSR1,OSGIN1,PCDH15,PCDH7,PCSK5,PHACTR2,PLB1,PRKCA,PTBP2,RBL2,SGCZ,SGK1,SHANK2,SMYD2,SYN2,TENM3,TIGD2,ZNF610
398	ACTR3B,ADGRF5,AFAP1,AKR1D1,ANKRD30A,ATP2C2,COL4A2,COX10,CSMD3,EGLN1,ENSG00000259363,ETNK1,FAM171A1,FGF12,GABRB3,GPR26,KALRN,KCTD12,KHDRBS3,LHFPL6,LINC02422,LRIG2,MSC,MTSS1,MYO18B,MYO3A,NCK2,PABPC4L,PBX1,PCM1,PELI2,PPEF2,PTPRD,RAB19,RAB37,SEMA4D,SH3YL1,STARD13,STOX2,TENM4,TFAP2A,TUSC1,TXN,VDAC2,WARS2-AS1,ZMAT4,ZNF462,ZNF804A
399	ABI3BP,AKR1E2,ANKRD18B,ANKRD50,ATP8A2,B3GALT1,C16orf82,C16orf95,CARTPT,CCL26,CDH13,CDKN2D,CHODL,CNTN5,CYFIP1,DENND2D,DNAJB6,ENSG00000285283,ENSG00000285566,HS3ST1,IDNK,IGSF10,KCTD12,KIRREL1,KIRREL3,KLF6,LINC01602,LYZL2,MAGI1,NBEA,NUFIP1,PCDH10,PCDH18,PFKP,RIMBP2,RNF213,RPL30,SALL3,SEMA6D,SLC16A9,SORCS1,SQOR,TBC1D19,TCERG1L,TMEM114,VNN1,YAP1,ZNF684,ZNF780A
400	ABCA8,ACP3,ADAMTS5,ASIC2,BOLA3,CELF2,CPS1,CSMD1,DLGAP1,DNAH5,EDIL3,ENOX1,ENSG00000222042,FAM240A,FHL5,FRMD4A,GALNTL6,GLMP,GP2,H3Y1,ING2,MARCHF1,NOVA1,NPIPA7,OTOP1,PCDH10,PCNX2,PCSK1,PDS5A,PRDM6,PREX2,PSKH2,PTPRD,RBFOX1,RFX2,RGS17,RNF144A,SERP2,SERPINB8,SGCG,SLC10A2,SLC38A11,SORCS1,SPTA1,SSTR5,SULF1,TRIM61,UNC13C,WSCD2
401	AFTPH,AKIRIN1,ANKRD12,APBB1IP,ATP2B4,CELF2,CERS6,CHSY1,CLN8-AS1,CLRN1,DGKI,DLGAP2,ENSG00000229425,FCRL5,GALNT16,GGTLC2,GRM7,HMGXB4,HS1BP3,JPH3,LIPC,LRP1B,LRRC3B,MLKL,MRPL39,NEGR1,PTGFR,PVALB,RFX3,RGMA,RNF144B,RPL37A,RTL1,SDK1,SEMA6A,SLC2A1,SNTB1,SP140L,STEAP4,SUCLG1,SUSD2,TBC1D7,TDRD15,TMPRSS2,TOMM7,TUSC3,TYRP1
402	ACO1,ADRA1B,APCS,CA10,COL13A1,CSMD1,CXCL12,DCLK1,ENSG00000286717,ENSG00000287298,FAM98A,FAT3,FREM1,FTCDNL1,GLRB,GYPC,H3Y1,IFTAP,IL15RA,LCE2B,LPAR1,MCPH1,MOXD1,NCKAP5,NID2,NKAIN2,NLGN1,NR2F2,OR6N1,PALMD,PCDH7,PDE10A,PLD5,RAPGEF1,RCCD1,RFC1,RFLNA,SLITRK6,SOX14,ST7,TARBP1,TBC1D1,TLL1,TP63,TRAPPC9,VLDLR,ZDHHC21,ZNF286A
403	ACTR10,ADGRL2,ASIC2,BMP2,CADPS,CDH2,CITED2,CNTNAP2,CYGB,DEFA5,DOCK2,DYSF,ENSG00000286400,EPHA5,FCN1,FMN1,FMN2,FOXI1,GPR6,HMGA2,KLF12,LRP11,LRRTM4,MORC1,MRPL57,MSX2,MTSS1,MYLIP,NCAM2,NCMAP,PCSK5,PID1,PLOD1,PTPN14,PUM3,RAB28,RNF144A,SGCG,SIRPD,SLC6A15,SLITRK6,SMYD2,SOX11,SPTLC3,THSD4,TMIGD3,VIPR1,WDR11,ZNF266
404	ACO1,ACP1,ADGRE5,AGBL1,ANKZF1,ASAH1,BMP5,BRD3OS,C1GALT1,CD70,CDC14C,CDH7,CELF2,CLDN23,COG6,CPNE4,DAOA,DIP2C,EFL1,ENSG00000282278,FSCB,GAS7,GLIS3,HELZ,KAZN,KRTAP11-1,MRPL39,NEBL,NKAIN2,NOM1,PDE3A,PMEPA1,PRR20A,RBFOX1,REG3G,RNF6,SARAF,SH3BP2,SMOX,SNTG2,TFRC,TRPC6,USH2A,USP22,VTCN1,ZBTB18,ZNF264,ZNF285,ZNF385B
405	AKIRIN2,BCL11A,CDH2,CDH6,EFHD2-AS1,ENSG00000254260,EPB41L4A,FAM107B,FAM98A,FHL2,GFRA2,GFRAL,ITGA8,KCTD1,KIF16B,KLHL1,LCORL,LPP,MEIS2,MGST3,MTRES1,MYLIP,MYO16,NAALADL2,PBX1,PDGFD,PGBD5,PKD1L1,PLGRKT,PRR5-ARHGAP8,RHCG,RNF6,SCN1A,SDCBP2,SLC6A7,SLC9A9,SPDYE21,SPRY2,SRGAP3,ST8SIA4,SVIL,TACC2,TBC1D22A,TENT4A,TRAM1L1,TRG-AS1,TRIM21,WDR72,ZNF148
406	ADAMTS1,ADAMTS18,ANKRD7,ARL4C,C1QTNF9,C4orf33,CLEC3A,CLSTN2,CTSC,DIPK2A,DNAH14,DYRK4,EDN3,EFHB,F2RL1,FGFR2,FLRT2,GCFC2,GPR12,GRIN2A,GRM7,HES1,HS3ST3A1,IGF1R,INPP5A,IRX2,LENG8,LINC00639,LINC01909,MANSC1,MCPH1-DT,MTRR,NRXN1,NSUN3,NT5C3B,PARP11,PARP15,PBX1,PLCG2,RAB27A,RGS17,SEMA6A,SNCA,SOX11,SPEF2,STK32A,TMEM132B,TNFSF14,TRIB2
407	ADCYAP1,ANKH,ASB3,CCL20,CEP170,CHD1,CLEC18B,COMMD6,CSMD1,CUX1,CYP1B1,DDX10,DGKB,DIPK2A,DOCK1,DPP6,ERVH48-1,FAM98A,HAS2,IRX1,ITM2C,KCNQ3,KLF3,LRRC7,MIR99AHG,MYO6,NAMPT,NCAM2,NDUFB1,NLRP12,NPFFR2,NPY1R,NXNL2,PCDH18,PCSK2,PFKP,PIWIL1,RHBDF2,SCGN,SHB,SLC10A2,SMAD2,SPECC1L,SYNDIG1,THOP1,TLE3,TMEM61,TMEM72,TUT7
408	ADGRB3,ADGRL2,ANXA10,BBS2,BLK,CACNB2,CBLN2,CDH12,CTNS,DDX24,EPHA5,ESYT2,ETV1,F11R,FAM110B,FAM135B,FBXO33,GALNT1,GALNT18,GALNT2,GATD3,HS3ST1,IL23R,JPH2,KCNJ6,KLHL30,KLHL38,LINC02515,LINGO2,LRFN5,MC3R,MEGF11,NEDD1,NKAIN2,NRXN1,OR4K5,PBX1,PCDH7,PHF21B,PIRT,PLCXD3,PMAIP1,SASH1,SMIM20,TBC1D19,TMEM132C,TRAC,USP10,ZDHHC21
409	AHI1,ANXA2,AUTS2,BOD1L1,COG6,CRYBB2,DNAJB9,ENSG00000229618,FAM135B,FGF12,GOLIM4,HS3ST3A1,HS6ST1,IGLL5,IMMP2L,ITGA11,ITGB7,KDM8,KIF16B,LDHB,LHFPL6,LINC02790,LINGO2,LRATD2,MACROD2,MACROH2A2,MRPL39,NECAB2,NRG1,NUDT12,NUFIP1,PEX14,PLSCR1,POM121L12,PTPRD,RAX,RBFOX1,SEL1L,SIDT1,SIPA1L2,SLC15A4,SLC8A1,SQOR,STIM2,SUCLG1,TBXT,TFIP11,TMEM181
410	AGBL1,AKR1C3,ANO10,BNC2,C6orf15,CD2,CDH10,CEP152,COL14A1,CSMD1,DPRX,ELAVL3,EML6,ENSG00000289023,FENDRR,GC,GPC5,HDAC9,IGFBP7,LINC00923,LINC00989,LINC01824,LZTS1,MEGF11,NCAM2,NOL10,OLFM3,OLIG1,P3H2,PCDH18,PRKCH,RASGEF1B,REG3G,RP1L1,RYR3,SDHAF3,SHISAL1,SIGLEC7,SIM1,SLC1A3,SLC41A1,SMCP,SNRPN,SORCS1,TNFRSF11B,UNC13C,ZNF266,ZNF385D
411	ADGRL3,AGPAT5,ANK2,ANKRD30A,ARL4A,CCR1,CD27,CDH12,CENPQ,COX4I1,CYLC2,DNAJB9,DSCAM,DUSP10,ECHDC3,ENSG00000237389,EYS,FAT1,GPC5,GPR137B,HOMER1,KAT2B,KIF20B,LARS1,LINC02762,LMO7,LRRC38,LYZL2,MUCL1,NAALADL2,NLRP13,PDIA6,PRR16,PYROXD1,RBFOX1,RBM33,SEMA3D,SLA,SLC22A3,SLC5A12,TARS1,THBS2,TMEM114,TMPRSS15,TNIP1,TTC32,TTC6,ZMIZ1,ZNF385D
412	ABCA10,ACTR3C,ADAMTS14,AMY1C,APOC2,ARAP2,ARID1B,ASIC2,ATP9A,BCKDHB,BOD1,C16orf95,CDH9,CIROZ,CLNK,CTBP1,DENND10,DOCK10,EDEM1,ETV3L,FOXQ1,GLRB,GPC5,GPR161,IMPG1,IQSEC1,LINC02614,MRPS27,NCAM2,NXPH1,OAT,OSBPL1A,PFKP,POLR1F,POM121L12,PTPRM,SCYGR4,SLC1A1,SLC25A33,SLIT3,SOX11,SPOCK1,SYT1,TFAP2A,TIAM1,UGT2B7,ULK4
413	APCDD1,CELF2,CLEC4M,CNTLN,CREB1,CSMD1,CYP11B1,DEFA5,DEFB112,DYNC1I1,ENSG00000237378,ENSG00000267108,ETV1,FREM2,FRMD4A,HERPUD2,IL12RB1,KCNQ3,KHDRBS3,LRIG2,MED6,MFAP3L,MRPL39,MTUS1,NAMPT,NUDT5,OR6B1,PABPC4L,PCDH18,PDE5A,PLCB1,PYHIN1,RAF1,RREB1,SCML4,SEL1L,SFMBT2,SNX19,SNX29,SOX11,SPATA7,SPRY2,SULF1,TNFRSF10D,TRIM9,TRPS1,VRK2,WDR81,ZNRF4
414	ALDH1A1,ANK2,ATP5PF,CBLN1,CCDC82,CCR3,CDH6,COMMD9,CSMD1,CYB5R2,DAOA,ENSG00000229116,ENSG00000259969,ENSG00000261783,ENSG00000285566,ENSG00000286593,FGF3,GNA15,GPC5,IPMK,KANSL1L-AS1,KCNA1,KCNIP4,KLHL1,LINC02746,LINGO2,MAPT,MC3R,MGLL,NAA20,NELL1,PABPC4L,PCDH18,PCDH7,PLOD2,PRDM16,QKI,RAB38,SDCCAG8,SPACA6,STK32B,STPG2,SULF2,SYK,SYNPR,TBC1D14,TMEM163,TTC23,ZNF385D
415	ACO1,ARL4A,B3GALT5,BLID,CCDC81,CCZ1B,CHRM2,COL8A1,CREBBP,CYP19A1,DDC,DNM1L,ENSG00000228031,ENSG00000255438,ENSG00000259363,ENSG00000285708,ENSG00000287544,FCGR2B,GPR31,GRM7,IGFBP7,JCAD,LARGE1,MORN1,MRPS22,MYO16,NAALADL2,OR51E2,PAG1,PHACTR2,POU2AF2,PPP3CA,PRKCQ,PRMT8,PTTG1IP,RNF32,RPS19,RPS29,S1PR1,SLITRK5,SMIM36,SNAP25,SPOCK1,ST6GALNAC5,STC2,TIAM2,VAPA,WIPI2,ZNF618
416	ADCY3,AKAIN1,BRMS1L,C1D,C4orf33,CABP5,CDYL2,CENPQ,CNTNAP2,CRADD,CRIM1,CTNNA2,EN1,ERI1,EYS,FMO2,GALR1,GPR39,HACE1,IGSF21,IL20RA,KIFC3,KSR2,LAPTM4A,LTBP1,MGAM2,MON1B,MTRR,OR1J2,OSBPL2,PCDH10,PRPSAP2,PTPRD,PTPRT,RGS6,RHBDF2,SAYSD1,SEMA6A,SERPINF1,SLC25A26,SLCO2A1,SULF2,TNS3,TRIB2,TRPM6,TXLNB,WNT16,WWOX,ZFP3
417	ADCY2,APLF,BCHE,CALN1,CBLB,CCNB1IP1,CFHR2,CNTN4,CTNNA3,CTNND2,DAOA,DDX60L,DTNBP1,ECEL1,H6PD,KCNT2,KIRREL1,LINC01548,LRRC2,LUZP2,MTCL1,NADSYN1,NFIA,NSG1,NTM,OGDH,OSTF1,PAPPA,PCDH10,PICALM,PID1,PLSCR1,POTEC,SEC23IP,SOX11,SPHKAP,STAC,SUCLG1,SVIL,TAFA5,TCL1A,TLK1,TNP1,TRG-AS1,TSHZ1,WAC,ZMIZ1
418	ARID4B,C10orf120,CACNA2D4,CAP1,CAVIN3,CNTN5,CXXC4,DGKI,DLX4,ENSG00000272297,ENSG00000288767,ERBB4,EVC2,FAM181B,FCRL3,FN1,FSTL5,GABRB2,GRIK2,HTN1,ITPRID2,KALRN,KCNJ2,LDLRAD4,LINC02211,LMCD1,MACC1-OT1,MCPH1,MEOX2,NALCN,OSR1,POTEC,PRR16,RAPGEF2,RBMS3,RELL1,SAMD5,SIGIRR,SLCO1A2,SLCO1C1,SLITRK1,ST8SIA5-DT,STIM2,SYN3,TFAP2C,TLE3,USP8,ZMAT4
419	ACACB,ADAMTS2,ATF6,CCDC144A,CDH12,CERS6,COPS9,CORO2A,DPP6,DRD1,DYNLRB2-AS1,ELOVL6,FGGY,FRMD4B,FSCB,GALNT2,GRAMD2B,GSTA2,HACE1,ITGBL1,LARGE1,LINC01508,LINC02556,LRRTM4,MMP16,MYC,NCAM2,NFASC,NKX6-1,NRXN1,NXPH1,PDIA4,PHACTR4,RFLNA,RSL24D1,SEMA3C,SGCZ,SIAH2,SLC17A6,SLC24A4,SLC35F1,SNX2,TAFA2,TBXAS1,TCERG1L,TFPI,TNFSF10,VWC2,YAE1
420	ACO1,ADCYAP1,AFAP1L2,ANK2,APCDD1,ARL15,BCL11B,BRINP1,CDH13,CYP4F12,DMAC1,DNAAF4,FAM171A1,FAM83A,GMDS,GRM8,HAND2,HOPX,HSDL2,ID2,KCNK1,LINC02113,LINC02194,LRRTM4,MGMT,MUC21,NBAS,NXPH1,PLA2G4C,PPIC-AS1,PPP4R3B,PRDM2,PSD3,RASGRP1,RIMS2,RUNX3,SERINC5,SFRP2,SMTNL2,SNTG2-AS1,SNX16,STIM2,TCERG1L,TNFSF9,TTC39B,UMAD1,VSTM2A,ZBED11,ZMAT4
421	ABCC4,ABO,ADAMTS5,ADARB2,AMY1C,ANO3,AP1M1,ARSJ,BRINP3,CDH7,CNTN5,CRIPT,CSMD2,DGKB,DNAH5,DPP6,EEF1AKMT2,ETFDH,HNRNPLL,HNRNPU,IGDCC3,KCNK1,MARCHF1,MASP1,METTL6,MKKS,MYSM1,NEDD9,NPSR1,NSD1,OTUD3,PFKP,PRKG2,PRR16,RFX2,RGS9,RIMBP2,SLCO1A2,SPRING1,SPTLC3,STMN2,TEX36,TG,TGFBR2,TMEM131L,TMTC1,TTPA,VGLL3,XRRA1
422	ADCYAP1,AMY1C,ANKRD10,ARL6IP6,ATP10A,C7orf78,CADM1,CD86,CLEC16A,CNTRL,CYLC2,DNM3,DSCAM,ELAVL2,ELOVL6,EML1,ENSG00000242790,ENSG00000249000,ENSG00000255835,ENSG00000276093,FCN2,FSTL5,GALNTL6,IL2RB,KCNQ3,LMF1,MOAP1,MTCL1,MYOM2,P2RY2,PCDH20,PHF21B,PRDM6,PRSS30P,RARB,SGCZ,SLC17A6,SLC5A7,SLC9A8,ST8SIA6,TBPL2,TLE4,TMEFF2,TNRC18,TPD52L1,TRIB1,TRPA1,UTP25,WWOX
423	AADAT,ARHGAP25,ATP6V0A4,BCL11B,CASQ1,CEP20,CYSLTR2,DAOA,DOK6,EBF3,EPAS1,EPB41L4A,F13A1,FGF12,FHIT,FOXF1,GALC,GATA3,GLIS3,H3-3B,HAS2,IRX2,KCNK9,KY,LINC01242,LINC02203,MAF,MAT2B,MCTP2,MTNR1A,NPY2R,OLFM4,PGPEP1L,PLPP3,PRB1,PRR20G,PSAPL1,PTPRD,RASGEF1B,SERPINE2,SLC22A3,SLCO1B1,SLCO3A1,SMAD5,SPATA1,TECTB,TNFRSF1A,TTC12,XRCC4
424	ADRA2A,CBLB,CCDC7,CCSAP,CDH26,CFH,CHST15,CRPPA,ENSG00000188897,ENSG00000286488,FBXL2,FOXI2,GDF6,HS3ST1,IRF2,KCNA5,KLF4,LCA5,LPIN1,LRRK2,MDFIC2,MRGPRX2,MROH9,MSRB2,MTRR,NLRC5,PATJ,PCDH15,PDE3A,PLCB1,PRKN,RBFOX1,RCAN2,RGMA,RIOK1,RIPK4,RPAP1,RXFP2,SLITRK5,SMOC2,SORCS2,SVEP1,TBC1D4,TESPA1,TFAP2A,TLN2,TMEM132C,ZFYVE28
425	ADGRL2,ANKRD30BL,ANKRD46,BARD1,C1QTNF6,C7orf78,C9orf85,CD9,CERS5,CNTN5,DTHD1,ENSG00000237604,ENSG00000283563,ENSG00000285971,ENSG00000287677,ENSG00000289477,FAM98A,FOXP1,FZD4-DT,GRK3,GRM7,IMPA2,ISX,KAZN,L3MBTL4,LINC01005,MBOAT2,MRPS22,MSR1,MYRIP,NDUFA4,NPS,OR52K2,POM121L12,PRKN,PTK2,RAD51B,RPH3AL,RPRM,SPRY4,SSR1,SYK,TESPA1,TIMM17A,TMPO,TRPC4,UNC13C,WFDC1
426	ABHD11,ADGRL3,AEBP2,AMY1A,CDH7,CELF2,CFAP54,CHST9,CNTNAP5,CSMD1,DSCAML1,FAM174B,FMN2,FRMD6,GNA15,H6PD,HACE1,HELT,HMGN1,IRX1,LMX1A,LPP,LRRC31,MBL2,MGAT5,MYL12A,MYOCD,NBAS,NSFL1C,NXPH1,PLA2G4A,POTEC,PPP1R12A,QDPR,SCN7A,SLC22A16,SLITRK5,SMARCA2,SOX2,TGFBR3,TM4SF1,TPO,TRG-AS1,UBQLN1,UFD1,UGT2A3,ZBBX,ZBTB10,ZDHHC19
427	ABAT,ACO1,ADRB2,AUTS2,CD207,CLINT1,CNIH3,CTNND2,DCDC2C,DIDO1,DMAC1,DRC11,FBXO10,GATA3,GPC5,HDGFL1,HNF1B,KCNAB2,KRTAP11-1,LINC02284,LINGO2,LIPC,LPIN1,MIR3147HG,MRPL36,MTRR,MX1,NLRP5,NSG2,ODF2L,PADI4,POM121L12,POPDC3,PPP2R5C,PZP,RGS3,RGS6,RMDN1,RNF32,SERP1,SH3BP4,TECRL,TGFA,THSD4,TPR,TTF2,UGT2A3,YIPF1,ZNF223
428	ALK,ANO3,ARHGEF18,BANF2,CCDC197,CDH2,CELF2,CELSR1,CRADD,CTNNA3,DYNC2I1,GABRB3,GCDH,GLIS3,GPC5,HMHB1,IGFL1,KIRREL3,KLHL7-DT,L3MBTL4,LHFPL6,LINC01192,LINC02028,LRP1B,LRRTM4,MCPH1,MYLIP,NDUFA4,NMUR2,NRIP1,NRN1,NTF3,OPRK1,PCSK9,PITRM1,PRKN,PTPRD,RBAKDN,RFWD3,RWDD2B,SEC23IP,SLITRK1,SMCP,TMEM38B,TPO,UBA52,VSTM5,WWOX,ZNF385D
429	ADAM2,ADAMTS17,ADGRL3,AGBL1,ALCAM,B3GALT5-AS1,COPA,CTSC,DCDC2C,DYM,EBF2,ENSG00000286700,ENSG00000287953,ENSG00000289710,FCRL5,FNDC1,GALNT18,GMDS,GRM7,IMMP2L,IRAK3,KCNN3,LCORL,LOXL4,LPCAT2,MALRD1,MBP,MLYCD,MTUS1-DT,NLGN1,NOL10,PLAGL1,PPP2R2C,PTPRK,RBFOX1,SHANK2,SHISA6,SLCO3A1,SLK,SMIM21,SMIM30,SOX11,SPCS3,TBC1D19,TENM2,TMPRSS13,VIT,YBX3,ZNF385D
430	ACTL8,ADGRL2,AGAP1,AKAP12,ALOXE3,ARID1B,CACNA1C,CCDC179,CCT5-AS1,CHORDC1,CNTN5,COL26A1,CRIM1,DOCK5,FAM221A,FLRT2,FRMD4B,FSHR,GRAMD4,GRIN3A,GTF2H2,HERC2,INPP4B,KIRREL3,LINC00963,LINC02478,LINS1,MEIS1,NADSYN1,NFKB1,P3H2,PCDH9,PSG5,PTCHD4,PTPRM,RBM47,SAR1A,SEMA6A,SGCZ,SLC15A1,SP4,SPATA17,SUCLG1,SYN3,TAF1C,TUSC1,UMAD1,WDR33,ZMIZ1
431	ADAMTS9,AGBL1,AHR,ANKS6,CAMK1G,CBLN4,CDH2,CHRM3,CMPK2,CNTN5,CORO2B,CSMD1,DHCR7,ELMOD2,ENSG00000215156,ENSG00000229203,ENSG00000254687,FAR2,GLI3,GLO1,GMNC,GRB10,HAND2,HEMK2,IFI16,INPP4B,IPMK,ISM1,KCNS3,KIF13B,LPCAT4,LURAP1L,MYO16,NMUR2,NPIPA8,PAK5,PCDH20,POU3F3,RAB38,RNASET2,TBC1D16,TBX15,TMEM132B,TRIB2,TRPA1,VPS26A,WIPF3
432	BCHE,BPHL,CACNA2D3,CCDC59,CDH8,CDH9,CDYL2,CELF2,CLC,CPXM2,CSMD1,DCAF4,DNAH5,ENSG00000257027,ENTREP2,FGD2,FGF12,FSCB,HGS,ING2,INSR,IQCM,IRX3,ISX,MAN2A1,MELK,MKLN1,NAV3,NCAM2,PCDH7,PID1,PLEKHA7,POLR2M,PRR16,QKI,RASGRP1,RIN2,RUNX3,SGK1,SLC22A23,SLK,SNX9,SPRY2,SUMF2,TMEM18,TOX3,ZNF639,ZNF804B
433	AJAP1,AKR1C3,APOBEC4,BBS10,CACNA2D3,CCZ1B,CDH18,CDH4,CDH9,CGNL1,COPZ1,COX18,DLC1,DTWD2,ENSG00000229425,FAM120AOS,GADL1,GOT2,GPLD1,IQSEC1,KCNE4,KLF6,KNTC1,LDLRAD3,LSM5,MAGI1,MBTPS1,MED10,MIER2,MTMR7,MYO3A,MYOM3,NCAM2,NPVF,NR2F2,PDCL3,PDE10A,PEX11A,RFLNA,RORA,SCUBE1,SGCZ,SNAI3-AS1,THSD4,TRIM67,TRPM3,WDR72,ZFAT
434	ABO,APLP2,ARAP2,BACE2,BOD1L1,CACNA2D3,CAMK1D,CCDC59,CDH18,CHST12,CLVS1,ELFN1,ENSG00000272626,FAM20C,FGF14,FRMD3,GMDS,HACE1,IMMP2L,IRX2,ITGBL1,LDHC,LINC02616,MCTP2,NHLRC1,NOX4,NRXN1,NXPH1,OBSCN,PLPP4,PRDM9,PRMT8,PTPRE,RNF32,RPL14,RSU1,SAMD12,SCN7A,SELE,SGCG,SLITRK6,SPRED1,SYNJ2,TFCP2L1,TMEM132D,TMEM132E,TNFRSF13B,WWOX
435	ACO1,ADGRB1,ANXA2,ARPC2,ASIC2,BCL11B,BNC2,C8orf90,CASQ2,CBLN2,CBLN4,COPS8,DYNC2H1,ENSG00000250378,ENSG00000281530,ENSG00000286893,FAM168A,FAM87A,FAT1,GAD1,GTF2H2,HS3ST1,IGLJ6,ITFG2,LRRC3B,LRRC63,MKI67,MSR1,NDST3,NOX3,OR5A1,PDP1,PKD1L2,PPFIA1,PRR23E,PXYLP1,RGS6,RRM2,RRP1B,SERPINB7,SLITRK6,SMAD1,SMOX,TAF4,TBC1D4,TBCK,TGFBR2,TUSC3,VSIG10
436	ANKZF1,ARL4A,BOC,C6orf141,CAST,CYP4F2,DIAPH3,DMAC1,FGF20,FMN1,GRIK2,GRM7,IFI27L2,IGSF21,IMMP2L,IPO5,KLRK1,LCORL,LINC00898,LINC02018,LMO3,MRPL39,NDUFAF6,NPFFR2,PCLO,PPP1R1A,PSMG2,PTCH1,PTPRC,REG3A,SEL1L,SMIM21,SORCS1,SPAG16,SPTLC3,STK24,SYK,SYNPR,TLL2,TMEM132C,TRAPPC12,WDR72,WWOX,XKR6,ZNF648,ZSCAN5A
437	AGBL1,CPM,CTNNB1,CYYR1,DAB1,DOCK2,EDDM13,EFHB,ENSG00000233974,ENSG00000278177,FAM193A,FHIT,FNDC3B,FRMD4A,HPCAL1,HPN,IMMP2L,IPO5,KIAA0232,MYC,MYH9,MYO6,MYOCD,NELL1,NELL2,NGF,NUDT7,NXPH1,OR4E1,PCDH15,PCDH18,PHACTR3,PINLYP,PMM2,POLE2,PRKN,PRR16,PSG4,PTPRD,RFC3,RPUSD4,RTP4,SLC16A7,SLC44A3,SMOC1,TANK,TRHDE,WAC
438	ADGRE5,AGBL1,AKAP3,ATXN7L1,B4GALT6,CCDC179,CDIN1,CLEC12A,CLIP2,CPEB2,DACH1,DTD1,ECT2,EPB41L4A,EPHX2,EYS,FAM181B,FGF2,GAS7,GDNF,GPC6,GRHL1,HAR1A,ING2,KCNJ6,KIAA1217,KLF3,LARGE1,LDLRAD3,LUZP2,MYC,PLD1,PTTG1IP,RAB31,RER1,S100A16,SEPTIN9,SH3BP4,SLCO1B1,SMARCA2,TAFA2,TENM3,TIMM21,TLL1,TMX1,TRAV30,TRPV3,TTC29,TXNL1
439	ADGRL3,ARHGAP8,ARVCF,ASIC2,AUTS2,CACNG4,CDCA7,CDK14,CDK20,COL15A1,COL22A1,CPE,CRISPLD1,DLG2,DPP6,EFNA5,ENSG00000258526,ENTPD1,ETS1,EYA1,FAT4,FREM1,GAREM1,HAAO,HERC2,KDR,LHX9,LINC00343,LRRC4C,MMP26,NAALADL2,NR2F2,PLCG2,PRKN,PXYLP1,RIOK1,SH3YL1,SLC24A3,SLC8A1,SMIM42,SVIP,TENM3,TIGD2,TJP3,TMPRSS15,TRAM1L1,ZBTB7C,ZFAND2A,ZNF597
440	ACADM,ARAP2,ARL15,ATRNL1,BACH2,BCO1,C4BPA,CCZ1B,CDC73,CDH7,COX18,CPXM2,DSEL,ENSG00000203266,ENSG00000253619,ENSG00000287610,EYS,FAR2,FMO4,GNA12,HEG1,HIP1R,KCNJ6,KLHL1,LINC03078,MCPH1,MGAT5,MMS19,N4BP2L1,NHLRC1,NOS1,NPAS2,PCDH18,POLB,PRR16,PTPRD,RIT2,SIRPB1,SLITRK1,SOD3,SYN2,TARID,TBC1D31,TECRL,THSD7B,TMEM132B,TMEM132D,TMTC1
441	ADAM17,ADAMTS5,ADI1,ADRA1A,AFAP1,ANO5,CCDC74B,CDH4,CLSTN2,CORIN,CYP4F11,CYRIA,DDIT4L,DDX11,DNAJB6,DSG3,F13A1,FANCI,FXYD4,GABRG2,GSDMD,IL31,INTU,ITPK1,ITPR1,LCMT1,LRP8,MRPL39,NCALD,NOVA1,NTF3,PKDCC,POGK,POU5F1B,PRKAG2,PRKN,PSAPL1,PTPRD,RPP38,RUFY4,SLCO2B1,SNX18,TCTN2,TLE4,TMEM114,TMEM174,USP47,VAPA,ZFAT
442	APEX1,APOBEC3F,ARHGAP31,AXIN2,CCDC3,CDH4,CSMD1,DTWD2,ECI2,ENSG00000237320,ENSG00000286971,FBN2,FBXL7,FMN2,GCLC,GDF6,GPR78,GRIK2,KIRREL3,KLF6,LCLAT1,LCMT1,LINC02018,LINC02020,LINC02064,MALRD1,MAML2,MAP3K21,MYO16,NAV3,NPAP1,PHYH,POM121L12,PRKG2,PTPRQ,REC114,RGPD4,RMI1,SMC2,SNTG1,SOX1,SOX4,SUCLG2,TBC1D22A,TYRP1,UGT2B4,ZDHHC13,ZNF648,ZNF862
443	ASAP2,ASCC1,ATP10B,CADPS,COL4A1,COX11,CPSF6,CRYBB2,CST7,CTIF,CXADR,DDX11-AS1,ELAVL2,FOXN3,GALNTL6,KANK1,KCNJ2,KCNK1,KLHL1,KRT10-AS1,LINC00499,LPP,LRRC4C,MICAL3,MRPL39,MTG2,MYO18B,MYT1L,NCALD,NCAM2,NKX6-1,NLRP3,NOX4,PLXNA1,PPP2R2D,PRDM16,PRR20E,PSMA6,RAB6C,ROBO1,ROBO2,RPLP1,SLC4A3,ST6GAL2,TBC1D1,TMX3,USP24,XYLT1
444	ABCA1,ACTR3B,ACVR2A,ADGRL3,ADRB1,ALDH1A3,BNIP3L,C2CD4B,C4orf33,C4orf50,CCDC171,CPNE8,DIRAS2,DSC2,DYRK2,FMN1,GADL1,GRIN2B,IQCM,JRKL,LINC02020,LINGO2,LRRC27,MCPH1,NCAM2,NXPH1,ODC1,PARVA,PLPPR4,PLXDC2,POTEH,PRKCE,PRKN,PRPSAP1,PRRX2,RAB12,RBFOX1,RPAP1,SEMA5A,SEMA6A,SERPINB8,SFMBT2,SLC36A4,SPIRE1,TLE4,TLL2,TMEM184C,WWOX
445	ADAMTS16,ADGRD1,ADGRF1,ADGRL3,ADRA1B,ANAPC1,APOC2,BCL11A,CETN3,CFAP161,CITED4,CMIP,CPNE4,DAPK1,DDX18,DPP6,EBF3,EIF2A,FSTL5,GPIHBP1,HES1,IL6,IRX2,KLHL1,LCLAT1,LZTS1,MEDAG,MMP16,NAV3,OTOR,PARP11,PAWR,PLG,POM121L12,PRELID2,RBFOX1,SLC15A1,SLC35G4,SLC46A2,SNRPB2,SPINK2,SPMAP2,STMN4,SV2C,TENT5B,TMEM132C,TRIB2,TRIM67,TRIP10
446	ADGRL2,AFF3,AMOTL2,ARHGEF35-AS1,ATXN7L3B,BARD1,BRINP3,BZW2,CARMIL1,CCDC197,CDH7,CHST9,CSMD1,DMRT2,ENSG00000257729,ENSG00000267320,ENSG00000286110,ENSG00000287516,ENSG00000289710,FHAD1,GABRB3,GRHL1,HS3ST4,HS6ST1,IGFBP3,INPP4B,ITPR1,KLF5,MPHOSPH6,NDUFA4,NPR3,PBX1,PCP4,PLG,PLOD2,RIT2,RORB,SEMA3D,SERPINA6,SERPINB8,SLC22A15,SPTBN1,SV2B,TAS2R1,TCERG1L,TMEM132B,TUSC1,XKR5,ZNF354A
447	ADAM28,ARAP2,ASXL3,C19orf84,C1QL3,C4orf33,CDH19,CGAS,CNTNAP5,ENSG00000229618,ENSG00000255608,F2RL1,FAM76B,FAM98A,FERD3L,FGFR2,FRMD4A,G3BP1,GJB2,HS3ST1,IL6R,IRGC,LINC01515,LPAR3,LRRC4C,LUZP1,MAN1A1,MRPL39,MTHFS,NAP1L4,NFIC,OLIG3,OR6N1,PACRGL,PHF21B,PLXND1,PRR23E,PTPRM,PTPRN2,RAB11FIP4,RASD2,RIMS1,SENP7,SLC10A2,SMIM31,SOX11,STX18,TMEM68,ZBTB16
448	ACO1,ACP3,ACTN1,ADGRD1,AFAP1,AHR,ANO3,ATP2B4,CAB39,CACNA2D1,CLSTN2,CNTN5,CTTNBP2,DLGAP1,DNM3,DPP6,EBF1,EDN1,EIF2AK2,ELDR,ENSG00000233974,ENSG00000235023,ERCC4,FUT9,GALNT14,HAUS6,LINC01322,LINC01361,LINC01788,MFSD11,MINDY3,MSR1,NAMPT,NCOR2,NRIP1,PALMD,PDZD2,PRDM14,PRKN,PRRC2C,RSU1,SALL4,SFMBT2,ST6GALNAC3,SYT1,TRDN,TRPM8,UCK2,ZFAT
449	ADGRA3,APCDD1,ARL4A,AUH,BCAT1,BCHE,CCM2,CCSER1,CD207,CHRM3,CSMD2,CTSO,DOCK5,DPP10,ENPP6,ENSG00000285566,ENSG00000287558,FAM171A1,FAM98A,FGD5,GALNT13,GALNTL6,HDAC4,IL18R1,JCAD,KCNQ5,LRATD1,MEIS1,MGMT,PAMR1,PCDH17,PLXND1,POM121L12,RCHY1,REEP1,RPTOR,SAMSN1,SERPINB8,SLC35B3,SOX1,TECRL,TLE3,TMEM132D,TMPRSS15,TPST2,USP25,VEGFC,ZMAT4,ZNF85
450	ACCSL,ANKRD6,ATP13A4,BAMBI,C1D,C6orf118,C7orf25,CASP3,CATSPER3,CCDC60,CCNG2,CDH7,CDON,COL4A3,CRPPA,ENSG00000278071,ENSG00000283228,FAM78B,FAM98A,GPAT3,GRM7,GYG1,HAO1,HECW1,IRF2,KIAA1671,LPP,LRRTM4,LUZP2,MAP2K6,MBOAT1,NETO1,NFIB,NXPH1,OTOL1,PTGER3,REG1B,RPL38,SLC19A3,SLC30A8,SPATA17,SPTLC3,SYNE3,TIAL1,TMPRSS15,VEZF1,XKR5,ZIC1,ZNF407-AS1
451	BABAM1,BRINP3,CARS2,CDH4,COL1A2,COX10,CYP4F12,DISC1,DPT,EPB41L3,ERBB4,ETV1,EYS,FABP6,FAM135B,FERMT1,GIGYF2,IQGAP2,KCNIP4,KCNMB4,KSR2,LARGE1,LIG1-AS1,LYZL2,MBD2,MGMT,MS4A4A,NAV2,NPHP4,PDCD1LG2,PHOSPHO2,PTPRC,RAD51B,RFX6,RXFP2,SEMA5A,SH3BP4,SLITRK5,SORCS1,SPHKAP,STEAP4,TACR3,TBX3,TMEFF2,UGT2B7,UQCRFS1,ZFAND5,ZNF85
452	ACTR3B,AGBL1,ANAPC13,ANO1,BRINP1,C16orf95,CNTNAP2,CYP2B6,DIO3OS,ENSG00000287126,ETV4,FAM181A,FAM241B,FAT4,FBXO25,FLRT2,FSTL5,GABRA1,GALC,GATA3,KCNIP4,LINC02055,LINC02482,LRRC4C,LY86,MRPS6,NDST4,NFATC2,PAH,PALMD,PCDH17,PGM2,POLR2E,PRNP,PROX1,SERP2,SH3RF3,SLC25A26,TBX5,TCERG1L,TLE1,TMX3,TP63,TPRG1,TRAPPC12,TSPAN15,ZFPM1,ZNF385D,ZNF777
453	ACOT11,AIRE,ALDH1L1,ASAH2B,BAMBI,BCL11B,C1D,CAMK2B,CCDC50,CDC73,CRACR2A,CSMD1,DLC1,ENSG00000287367,ENSG00000287488,ENSG00000287611,ENSG00000288075,FOXO3,GABRA6,GALR1,GBA3,GRIN3A,GYPB,IRS2,KCNJ2,KLF13,KTN1,LINC03078,MAD1L1,MARK4,MBD5,MOXD1,MRPL18,NAV2,NFATC1,PADI1,PCDH15,PCDH7,PTGDR,SLC35A5,SLCO2B1,SSUH2,TEAD1-AS1,TESPA1,TMPRSS15,VAV3,ZFP42,ZNF28,ZNF519
454	ACO1,AGA,BCAT1,CCL11,CDC73,CDYL,CHST9,CNDP2,CSMD1,CTSO,ENSG00000256433,ENSG00000258807,ERICH1,FHIT,HASPIN,HMGN1,IGLV3-27,IRAG2,LINC00658,LINGO2,LPP,MDGA2,MIF,MRPL39,NHLRC2,NPSR1,NSMCE2,OPRM1,PFN2,PHACTR3,PHF21B,PLOD2,PPFIBP2,PRR20A,PSD3,RASGRP3,RFC3,SEMA3A,SMAD2,SPRY2,STIM2,SUCLG2,TLL1,TMEM18,TRIM5,UBA6,UBE2W,USP10,WDR11
455	AIPL1,APOL4,ATF6,CCDC188,CCDC59,CDH6,CDK5RAP2,CIMIP1,CPNE4,CRYBB1,DAOA,EFEMP1,ENSG00000288520,EPHA6,ETV1,FBXL2,FHIT,FLRT2,GALNT17,GATA3,GPC5,GPM6A,GRAMD1C,HMCN2,KIF5C,LARGE1,MCF2L2,NAV3,NCS1,NTN4,OR2B11,OSBPL10,PCDH17,PPP2R2B,PRR5L,SLC26A3,SLC35G4,SOX4,SPIN1,SPRED1,STIM2,TCIM,THUMPD3-AS1,TMEM132B,TMT1A,TSHZ2,VEGFC,XKR4,ZNF354A
456	ADAD2,ALDH1A3,AQP7,ATF7IP2,ATXN3,BCAS3,BNC2,C20orf202,C6orf132,CACNA1C,CACNA2D1,CAND2,CD6,CSGALNACT1,CTSL,CYP4V2,DNAJB9,EMX2,ENSG00000289710,ERC2,GAB2,GALNT18,GALR1,IFI27L1,INSIG1,IRS2,LINC01303,LINC02958,LRMDA,LTBP1,MED12L,MGAT4C,NDUFA4,NRN1,OR2AG2,PIEZO2,PXDC1,QKI,REN,RNF32,SACK1B,SASH1,SCN5A,SOX17,TAFA5,TFAP2C,TLCD2,TMEM9,TRIM5
457	ALCAM,B3GAT1,CALN1,CAMTA1,CNTN5,DEFA5,DLGAP1,DRC5,ENSG00000236283,ENSG00000283563,EVA1A,FARS2,GALNTL6,GHR,GPC5,GPD1L,GPR158,GSAP,GTF2H1,HBG2,KCNT2,LHFPL6,LRFN5,LSAMP,LY6S-AS1,MRGPRX2,MVB12A,MYOCD,NAGK,NEURL1B,OSTN,PCDH20,PITPNC1,POP1,PPP3R2,PRR16,RGPD4,SLITRK5,SNX7,SOX1,SOX2,SPATA16,ST3GAL1,ST6GAL2,SUMF1,WDR17,ZNF195,ZNF385D
458	ADGRL2,ADIPOR2,AGA,ASB18,C16orf82,C18orf63,CCSER1,CNTNAP5,COX7C,CRTC3,CRYBG1,CXCL11,CXCL8,EMP1,ENSG00000241231,ENSG00000260398,ENSG00000285855,EPSTI1,EVA1C,FREM2,GALNT13,GPR45,GUF1,HBS1L,KCNH7,KIFAP3,LMO2,MDM1,MGAM,MKLN1,NRP1,NTN1,OPRK1,PATJ,PCDH15,PCLO,PCSK5,PDE6A,PDZD8,PSD3,RARB,RBFOX3,REEP3,RNASE6,SLC6A19,SYK,THRAP3,TNS3,ZNF479
459	AADAT,ABAT,ACOT7,ADGRB3,AFDN,APMAP,ATP2C2,CDH4,CHRM3,COA8,CRBN,DCC,DDX18,DMAC1,ELAVL1,ENSG00000223884,ENSG00000278472,FCHO1,GLI2,GPR158,HPGD,IGFL2-AS1,MAP3K5-AS1,MARCHF1,MGAM,MGAT4C,NCAM2,OBSCN,OSR1,PCDH20,QRFPR,RAF1,RASGRP1,RGS7,RIMBP2,RSPO4,SF3B5,SGCZ,SLC8B1,SOX9,SYT6,TCERG1L,TMEM181,TMOD2,TPPP,TRAPPC9,TUSC3,TXNL1,UGT8
460	ABCG1,ACTL7B,ADAM28,AMY1C,ANO2,ANO3,BMPR1B,CA8,CAPZB,CDH4,CELF4,CFAP210,CNTN4,CPA6,CPS1,CSMD1,CUL1,DACT2,DPF3,EBF2,ENSG00000249631,ENSG00000287939,FAM98A,FOXN3,FUBP3,GALR1,HEMK2,IZUMO3,LINC01939,LUZP2,MACROD2,NAV1,NEUROD1,NKX6-1,PDE5A,PMP22,PRICKLE2,RAB6C,RASEF,RBFOX1,SEM1,SHISA3,SORL1,ST3GAL6,STARD13,TECRL,TEK,TMEM150C,UGT2B28
461	ADAMTS5,ADGRE1,AEBP2,ARHGEF18,ASB5,CCDC110,CDC14A,CNDP2,DDX10,DOP1B,DSCAM,DTWD2,DUOX1,EMX2OS,ENSG00000260072,FERMT1,FOXL1,FSTL5,GOLIM4,HEMK2,HS3ST4,KIF21B,KLHL38,LINC00924,LRP1B,MCTP2,MYOM2,MYT1L,NKX6-1,NXPH1,PADI3,PIGN,PPP2R2D,PRR16,RTTN,SCD5,SGCZ,SLCO4C1,SNX29,TCIM,TSC2,TSHZ2,TSPAN5,TTLL12,UGT2B4,WDR64,XYLT1,ZNF618
462	ABLIM1,ADRA2A,ARSG,BIRC5,CDC123,CNTN4,CSMD3,DCP1B,DIRAS2,DNAJB8,DSC3,EDARADD,ELOVL4,ENSG00000254038,ENSG00000257060,ENSG00000260850,ENSG00000286110,FLT3,GBE1,HS3ST3A1,IFNG,IFTAP,IGSF10,IRS2,KIF26B,KLF12,KTN1,MAP2K3,MR1,MYZAP,NTM,NUDT12,ONECUT1,PMP22,PRKG1,PTPN2,RIC1,RRAGC-DT,SHANK2,SLC9A1,STOX2,TM4SF1,TPK1,TRBV5-1,TRPC6,VWC2,ZFP42,ZNFX1
463	ACSL5,AMY1C,APTR,BCR,C9orf72,CCDC179,CDH11,CDH7,COL15A1,COL22A1,CRBN,CXCL13,DOK6,ENSG00000283128,ENSG00000288105,FAM98A,FHIT,FRMD4A,GPATCH2,JCAD,LINC00648,LINC01593,MAD2L1,MAML2,MAP1LC3B2,MCUR1,MED10,MEX3C,NECTIN3,NOS1,OTOF,PCDH7,PLEKHM2,PLEKHM3,PLG,PODXL,PPARG,PRDM9,RBFOX1,RBFOX3,RGMA,RTF2,SIRPA,SPRR3,TLN2,TMTC1,TOP1,UMAD1,ZDHHC19
464	ADAMTS19,ADCYAP1,APP,ARAP3,BCL11B,CACNA2D3,CD84,CDH10,CEP112,COPRS,ENSG00000250378,FAM135B,FHL2,FSCB,GALNT18,GAREM1,GRB10,HSF2,INSIG1,KCNJ12,KCNT2,LETR1,LINC01725,LINGO2,MAP10,MIMS2,MYOM2,NAV2,NCOR2,NEURL1,NGEF,PDX1,PJA2,PLA2G5,PTPRN2,PUM3,RASGEF1B,RIN2,SEMA5A,SLC12A8,SLC29A4,SLC35F3,SLC39A11,SMN1,STIM2,STX8,TENM3,TMEM14A,ZNF257
465	ACAN,AKR1B15,ANO2,BCAS4,CCSER1,CERS4,CMBL,COG2,COPA,CPED1,CRACD,CXADR,DPH3,DUSP1,EEF1A1,EFR3B,EIF3H,FGF9,FGFR2,FKBP15,FN1,FREM1,FXYD5,GALC,GMNC,GRIK4,ITGA11,KCNT2,LINC01602,MVB12B,NCAM2,OR51D1,PTPRN2,PXDC1,RAD51AP2,RAN,RBFOX1,RORA,RTL1,S100Z,SALL4,SLC2A9,SLC34A2,SMARCAD1,SPRED2,SSU72L5,TAC1,TMEM132B,ZBTB18
466	ALCAM,ALDH1A2,ANKRD55,BEGAIN,CD36,CDYL2,CSMD1,DAPK1,DYNC2H1,ELF1,ENSG00000261783,EPHB4,EPYC,ERICH1,EVA1A,FSTL5,IRAG2,KCNMB3,KIAA1755,KLHL29,LGR5,LRP1B,MAP3K7,MIR646HG,MMP7,MTHFD1L,MTTP,MYO3B,NAPG,NCAM2,NSUN3,OR1B1,PCDH7,PIK3R5,PLCG2,RYR2,SCMH1,SGK1,SLC10A2,SPMIP10,ST6GALNAC1,TLE3,TRAPPC12,TUBGCP5,TUSC3,UCK1,UNC5D,ZFPM2
467	AADACL2,AKR1E2,ANO5,ARHGEF5,ARRDC4,B3GALNT2,CDH10,CEP19,CPE,CSMD1,CYP26B1,CYYR1,DBH,DPP6,DYNLRB2,EIPR1,ENSG00000258677,GFRA2,GRAMD4,GSC,H1-7,LRP1B,MUC7,MYO16,MYOM1,NDUFV3,NFIA,NUP54,PCDH18,PCDH9,PLA2G7,POMZP3,POSTN,PRH1,PRKG1,PRKN,PRL,PTHLH,RAB38,REEP3,RGS9,RP1,SGCG,SHANK2,SNRPF,SORCS1,STK39,SUCLG1,TMEM260
468	ADGRL3,APOL4,ATP6V1E1,B3GLCT,CAMK2D,CDC42EP3,CDH4,CNTNAP2,CTNNA3,CTSB,DMAC1,ENSG00000255477,ENSG00000269949,GLI3,GSK3B,HLA-DPA1,INTS12,KLHL29,KRT6C,LINC02453,LMNB1,MARCHF11,METTL4,MFF,MYLK4,MYT1L,NEK6,NFIA,NPY,NTM,PFN2,PGM2,PRDM15,PRR16,PTGER3,RAI14,RASSF2,RCHY1,RIPK4,RPS6KA2,SCD5,SLC35F1,SLITRK1,TBX3,TBXAS1,TMEM132D,TSHZ2,UGT2A2
469	ADAMTS17,ASB15,BACH2,CCDC54,CDH13,CLYBL,CMKLR2,CNTN5,CNTNAP2,CSMD1,CTNNA2,CYLC2,DAB1,DMBT1,EGLN3,EN2,ENDOG,ENSG00000206356,FNDC3B,FTO,FZD2,JAG1,LARGE1,LINC01187,LINC02422,LINC02432,LINC02576,LINC03082,LRATD2,LRRC30,MCTP2,MSR1,MX2,MYT1L,PCSK5,PLXDC2,POSTN,PPP2CB,PRAG1,RNF150,ROR1,SCGN,SKAP2,SMC2,SMR3B,STARD3NL,SUCLA2,TMX3
470	ABHD4,ACTR2,ACYP2,ADARB1,ADD2,ALPK2,ASTN2,BCHE,C9orf72,CDH6,CEP120,CERK,CNTNAP5,CSMD1,CTNNA2,CTNNA3,DPP6,ELF5,ENSG00000272626,ENSG00000274718,EPHB1,HDLBP,KCNA3,LHCGR,LINC00937,LUZP2,MED10,MSR1,NAALADL2,NCBP3,NECAB1,PATJ,PMM2,PRB2,PRDM5,PTK2,PTPN1,RAD51B,RNF144A,SLC29A3,SLFN5,SNHG29,SPDYE21,TAF1C,TBL1XR1,TMEM132A,TMEM212
471	ACTR3B,APP,ATP8A1,BMP4,CCDC74A,CCNY-AS1,CCPG1,CDH2,CFH,CLDN16,CLEC6A,CNTNAP5,DLGAP2,DPP10,DSCAM,DSEL,EFNA5,EMX2,ENSG00000267574,FZD8,GABRG3,GAK,GALNT13,GLIS3,GPC6,INSIG1,IPO8,LRFN2,MCTP2,MED27,MGST2,MYO18B,NALCN,NBEA,PAQR8,PCDH18,PCDH7,PIK3AP1,POLI,PRLR,PROK2,RASGRF2,RNLS,SENP6,TBC1D4,TNS3,WDR41,ZNF385D
472	ADAM33,ADAMTS3,ADCY2,ANTXRL,ARFGAP3,CFAP299,CHRNA7,CNKSR3,COL25A1,DLGAP1,ENSG00000249998,ENSG00000289131,ENSG00000289710,FAM181B,FBLN2,FMN2,FSHR,GALNT5,IFTAP,IGFBP7,IL10RA,LRP1B,MEGF10,MS4A4A,MSX2,NBEA,NSUN7,OSBPL5,PARD3B,PRRX2,RASA2,RBMS3,RNF152,RYR2,SFSWAP,SLC26A5,SMN1,SORL1,SPOCK3,SPTB,SYNGR2,TBC1D22A,TMCC3,TNFSF10,TNR,UNC5B,USP10,ZCCHC8,ZNF333
473	ABCB11,AFAP1L2,AGA,ANKS1B,AXIN2,BRD1,CCDC175,CLDN24,CLEC2B,COG2,COL15A1,CRIM1,CROT,ENSG00000289150,ERC1,ETV1,EYA1,FARS2,FBN2,GALNT13,GLP2R,GOLGA8M,GPR158,INPP4B,IRX2,ISOC1,KCNJ6,KLHL14,KLHL31,LINC02541,LINC02771,LRRC4C,MRO,NCAM2,PTER,RASGRP1,REEP3,RND3,SAMD4A,SLCO5A1,SNHG1,SP9,SPATA3,SYT1,TAFA2,TENM4,TIAM2,TPK1,UTRN
474	BCL11B,CBLN2,CCNG1,CDH4,CENPE,COL14A1,CRIM1,CRMP1,CSGALNACT1,CTBP2,CWF19L2,DAP,EEF1E1,EML3,FHIT,GADD45G,GALR1,GLRX3,HAPSTR1,HMG20B,IZUMO3,LINC01673,LRFN5,LRP1B,NXPH1,PARM1-AS1,PCDH18,PCDH7,PEX2,PI4KA,PLXDC2,POGK,POSTN,PRR20A,PTEN,PTPRH,PTPRM,PTPRT,PTPRU,RNASE6,SARDH,SASH1,SETDB2,SUCLG2,TMEM154,TNFRSF19
475	ACTR8,ADAM29,ANK3,ANKRD55,APOB,ARHGAP28,BBOX1,BCHE,BCL11A,CALCOCO1,CAVIN3,CDH9,CLINT1,CRELD2,CRIM1,CYP1B1-AS1,DSEL,DTHD1,EIF2B5,FTMT,GAN,GPR108,HNRNPA1L3,KANK1,KLHL25,LIPC,LYPLA2,MB21D2,METTL21A,MTHFS,NAALADL2,PCDH18,PCNX2,PDE10A,PDZD2,PHLDA1,PLCB4,PRKG1,PYROXD1,REN,SEMA5A,SLITRK5,TBC1D2,TENM3,TMEM132B,TMEM132C,TNK2,ZFHX3,ZNF280B
476	ALDH3B2,ALDH7A1,API5,BUD13,CDH6,CNTN5,CSMD1,CTAGE1,CYB5A,DLL1,DOK6,DYRK2,ENSG00000253561,EPHB4,ETS1,FAM98A,GALNT18,GPR35,HAPSTR1,IMMP2L,KCNU1,KRT80,LRP10,MEAK7,MRPL19,MYT1L,NAV2,NAV3,NTMT2,OVOL2,PCDH18,PCED1B,PIP4K2A,PLCG2,RBL2,ROBO2,SCARA3,SDHAF3,SEMA5A,SHISA9,SLC24A3,TAS2R31,TENM4,TENT5A,TLL1,TMC2,UBE2E2,ULBP3,ZNF737
477	ACOXL,AKR1C4,AKR1C8,ANKRD50,ATP8A2,BLK,BMPER,BTBD16,CDH9,COL1A2,CPA2,DNAJC13,DRC8,EFCAB11,ENSG00000239920,FAHD1,FAM153A,FBXO15,FREM2,FRMD4B,GC,GSAP,INPP5D,INSL6,LINC00184,LPAR1,LUZP2,MBNL1,MEX3B,MTCH1,NCAM2,NCOR2,NOSTRIN,PHACTR3,PNPLA3,RASGRP1,RBM19,RGS17,RNF144A,ROBO2,SEL1L,SLC12A8,SUDS3,TLE4,TMC2,TUSC3,TVP23C,TYW1,ZNF862
478	ADGRL3,AGA,AGPAT5,APLF,ARAP2,ARHGEF35,ATE1,ATL1,CAMK4,CDCA2,CHL1,CNTN5,CXADR,CYB5R3,DAZL,DCDC2C,DLC1,DNAH8,DTHD1,ENSG00000287996,ENSG00000288051,ESRRB,FAT1,FLRT2,GPC5,HAS2,KAZN,KCNT2,KIT,MAD1L1,MCUR1,PCDH7,PDIA4,PRR16,PRR20A,PRR5L,PTPRD,RAB17,RAB28,REG3G,RIMS1,RTN4RL1,SH3GL2,TMEM132B,TRAM1L1,TRIML1,TRPC6,UCMA,ZDHHC7
479	AKR1C1,ASAP1,ATP11A,BBOX1,BTBD10,C8B,CBLN2,CCSER1,CDYL,DDX60L,DGCR2,DOK5,DPP10,DSP-AS1,EMILIN2,ENSG00000259133,ENSG00000260337,ERC1,FGF20,FLRT2,FRMD4A,GALNT13,GALNTL6,GLI2,HAPLN1,HIP1,HNRNPA1,KCND3,KCNJ16,KCNQ3,KMT2E,LDLR,MBD2,MC4R,MCM3,NRXN1,PENK,PLPP4,SEC31B,SIGLEC9,SMIM12,SORBS2,SUGCT,TET2,TMEM260,TUSC3,TWIST2,VWC2
480	ALG10,ARHGAP40,ASAH1,BOD1L2,C10orf90,CAMK4,CCNI,CDH12,COBLL1,COL6A3,CRYBA4,DMBT1,EEPD1,EIF5,ENSG00000233974,ENSG00000287550,ENSG00000289710,FAM135B,FGF1,FHOD3,GRP,HTT,ING1,KLF12,NCAM2,NPAS2,NPSR1,OPRM1,PAPPA,PIBF1,PIK3R4,PRKG1,QKI,RBAK,SETD4,SH3PXD2B,SLAMF1,SLC10A2,SLC1A4,SMAD2,SRP19,TCP10L2,TPK1,TRIB2,TRPM3,TSPAN9,UCN3,UNC13C,ZHX2
481	ACACB,ANKRD16,ARHGAP19,ARHGAP32,BTC,C1orf94,CACNA1C,CD82,CDH9,CHIA,CSNK1A1,DAPP1,DNER,ENPEP,ENSG00000273167,GLS,GRAMD2B,ISOC1,JCAD,JRKL,KCNK10,KLF4,LDLRAD3,LINC01839,LINC02269,LIPA,LRFN2,MAN1A1,MCHR2,MTIF3,OLFM3,PCDH18,PLA2G4A,PRKCQ,PRR20A,PRSS51,PSMG4,RAB38,RGS6,RIN2,SMAD7,SMIM31,SVIL,SYNM,TAGAP,TCEA3,TEX29,VAPA,ZNF804B
482	AKR1E2,ARHGEF4,ARRDC4,ATP11A,BHLHE22,BLACE,BMP7,CDH18,CDH6,CLPTM1,CNTN5,CNTNAP5,COBL,CSMD1,CYP4Z1,DMAC1,ENPP6,ENSG00000250806,ENSG00000258792,ESR1,EYS,FBXO7,FRY,GCAT,GPR45,GRIP1,KCNK10,KLRG2,LMNB1,MAP4K3-DT,MYOF,NFASC,NPS,PTPRD,RAB30-DT,RAB3IP,RBPMS,RUNX1,SCAMP5,SHISAL1,SLC6A17,STAM2,TMEM132E,TMEM14B,TNRC18,TPP2,TRIB1,ZDHHC11B,ZNF438
483	ABCA13,ADGRL3,ALPL,API5,ARHGEF10,BCKDHB,C1orf87,CDH11,CTSC,EDIL3-DT,FSTL5,GABRG2,GPC5,GPR139,H3Y1,KAZN,KCNT2,KLHL1,LCORL,LINC02422,LRRC3B,MTUS2,NALF1,NAMPT,NTN4,NUP107,OTOF,PDGFC,PPP2R5E,PRAG1,PRUNE2,PSG2,RBFOX1,RPL28,SGCD,SHISA3,SLC44A3,SMYD3,SNHG8,SYNJ2,TACR3,TSPAN3,UBE2H,VEGFC,ZFAT,ZNF385D,ZNF470,ZNF516
484	ADAMTS14,ADAMTS9,ADARB2,AKAP13,ALDH8A1,ANO3,ATP10A,CALML5,CAMK2B,CCN4,CDC42EP4,CLLU1-AS1,CNOT10,CYP2U1,DPP6,GORAB,GPRIN3,GSDMC,HECW1,INTU,IQCA1L,KLHL9,LSMEM1,ME3,MEX3C,MTAP,NLRP7,NOS1,NRSN1,PCDH7,PDE2A,POM121L12,PPP3CA,SDK2,SH3RF3,SHISA6,SPATA31D4,STOM,STX18,TDRD15,TENM3,TMEM200C,UQCRFS1,VOPP1,VTCN1,ZBTB18,ZMAT4,ZNF385D,ZNF536
485	ABR,ACTR3B,AK4P3,ARHGAP18,B3GALT1,CACNG2,CADPS2,CDH26,CHODL,CPLX2,CSGALNACT1,ENSG00000250694,FAH,FHL2,GRM7,GRXCR1,HRH4,IFNG,IGSF11,KANK1,LRRC4C,LUZP2,MCTP2,MKI67,MRPL23,NCKAP5,NRIP1,OSBPL2,PABPC4L,PARD3,PFKP,PIAS2,POM121L12,PRKG2,PTHLH,RSPH10B2,RUNX1,SCARB1,SDK1,SH3RF1,SULT1B1,SYBU,TGFBR2,TMED3,TMED7,TMEM135,TMEM217,TMPRSS15,TWIST2
486	ADTRP,AGTRAP,ALDH1L1,ATP8A2,BANF2,CD163,CNTN4,CYP19A1,DDX1,DPT,ENC1,ENSG00000289368,FAM90A26,FHL2,GALR1,GOLIM4,GRIN3A,HS3ST1,IFTAP,INTS1,KAZN,KCNF1,KLF2,LATS2,LRATD2,MAGI2,MARCHF11,MATK,METTL15,MGAT5,MRPL39,NDUFV3,NFIA,NOC3L,PCDH7,POM121L12,PRKG1,PTPRD,RGS17,RSL24D1,SIK3,STIM2,SYT1,TANC1,TRIB1,UGGT1,VPS13C,ZNF519,ZNF846
487	ADAMTS5,AFG2B,ANKRD44,ARHGAP8,ATP9A,CIROZ,COX18,CRYBA4,CSMD1,DAW1,EGFLAM,ENSG00000226022,EYS,FEZ2,FHIT,FSTL5,GNG7,HS3ST3A1,IRAK2,KCNT2,LEMD1,MME-AS1,NTM,OAT,OLFM4,PCSK1,PDHX,PHACTR1,PKD1L1,POM121L12,PRKCQ,RAB31,RELN,SEMA5A,SGIP1,SHQ1,SMPDL3A,SNX9,STX8,SUSD1,SYK,TFDP2,TMEM106B,TSPAN5,USP40,VSTM2B-DT,WWOX,ZBTB10,ZNF737
488	ANKRD55,ANO3,C10orf90,CARS2,CBLN2,CCSER1,CDH9,CNOT4,COL21A1,COL22A1,DYNC1H1,ENSG00000258931,ENSG00000278840,ESR1,FARS2,FBLN1,FERMT1,FUT8,GREM2,HACD2,IL1R1,INPP5B,KCNJ15,KLF12,KRTAP19-8,LONRF2,MED12L,MTARC1,NAMPT,OLIG3,PCDH7,PDE3A,PIEZO2,PPT1,PSMB7,RUVBL2,SEZ6L,SLITRK1,SMAP1,SOWAHB,SPACA1,SYT1,TECRL,THSD7A,TMEM178B,TRAM1L1,UNC13C,ZNF385D,ZP4
489	ADCY8,AKAP12,ASTN2,BCL11B,BCL2L11,BTBD2,CAMK1D,CDYL2,CEP170,CHRNE,COL4A1,CSMD3,CTNNA3,CTSC,CYLC2,DELE1,ENSG00000253397,ENSG00000288637,ERC1,FPR1,GCNT4,KAT2B,KCNA1,KIAA1549,LILRB2,LINC01050,MACC1,MAP3K21,METAP2,MTCL1,MUC4,MYOM1,PARVG,PCOLCE2,PFKP,POU5F1B,PRSS3,PTGDR,PUS7,RAPGEF2,RASSF6,RIMBP2,RIMS1,SIPA1L2,SOCS6,SPDYE21,TBC1D2,TECRL
490	ACO1,ADAMTS9,ADCYAP1,AGA,ARID1B,CSMD1,CTSC,DDX49,DOCK1,DUSP4,ENSG00000225885,ENSG00000272733,ENSG00000286584,ERG,FAM153A,HNRNPUL1,ICE2,IRF8,KCNJ6,LINC01187,LRP1B,LSAMP,MYCN,PCDH15,PHIP,PRMT6,PRR16,RASEF,SEMA3D,SERPINB12,SH3GL2,SH3TC2-DT,SLC16A7,SLIT1,SLITRK5,SMIM22,SORCS2,SPATA18,SVIL,SYK,TERB2,TEX15,TLR6,TMIGD3,TSC22D1,VAV3,VSTM2B,ZFP42,ZNF648
491	ADRA1B,AGA,ANO5,ATXN3,BRD9,CARMIL1,CLDN9,COX7A2L,CTSC,DIPK2A,DPP10,EGFLAM,ENSG00000237378,ENSG00000239920,ENSG00000270190,ENSG00000283563,ENSG00000287616,FOXN3,GATA3,GLT1D1,GRM3,GRM7,HS3ST1,ID4,LINC01192,LUZP2,MAP3K4,MRPL39,MUC20-OT1,OLFM4,PDE5A,PGBD5,PGGT1B,PRKN,PRNP,RIPK4,SDK2,SEMA4D,SEPTIN9,SFRP1,SMC2,SMURF1,SPACA3,SRD5A1,TECRL,TLR1,UNC13C,UNC5D,ZDHHC13
492	AJAP1,ALX4,BCL11B,C8orf90,CACNA2D1,CCNG2,CSMD1,CTNS,DCBLD2,DNM3,DUSP26,ELAVL2,ENSG00000289710,EPB41L4A,EXOC2,FAM221A,FAM229B,FPR2,FRG2C,GPC1,GRIN2B,GYPC,HRK,HSPH1,ID2,INMT-MINDY4,KIAA0513,KIF26B,LINC03125,LPP,LRFN5,LRP1B,LRRC15,MAP3K21,MTPN,NOM1,OR11G2,PAK5,PID1,PLCB4,RORA,RUNX1,SFRP1,SLC24A2,SMARCE1,SPP1,SULT1B1,TLL1,UBA52
493	ADAMTS9,ADCY7,ALPK2,ASB3,CBR4,CLDN1,COL4A2,CSMD1,CYRIA,DIAPH3,DRD1,DUSP26,EGF,ENSG00000263551,EPHA6,ESYT2,FER1L6-AS2,FRMD3,FRY,GABRG2,GPIHBP1,HNRNPA1L3,LINC02881,NAV2,NDUFA5,NHSL1,NOL10,NPY2R,NRXN1,OGFOD1,PABPC3,PLA2G4A,PMAIP1,PRL,PSCA,RBFOX1,RGS12,RPH3A,SH3BP5,SIRPA,SOX11,TBRG4,TMEM230,TPP2,TRGC2,UBASH3B,VTI1A,ZIM2,ZNF398
494	ANAPC4,AUTS2,C4orf33,CDH4,CHRM2,CHTOP,CNTN5,CSMD1,CXCL12,DAP,DLC1,ENSG00000287550,ENSG00000288253,ENSG00000289710,ENSG00000293626,FBLN5,GRM7,GYPB,HERC4,HS1BP3,IGFN1,INHBA,KHDRBS3,MBL2,MGMT,MLPH,NEIL3,NR4A2,NTN1,OAS2,PLGLB1,POLR1E,PREX2,PTPRD,RAB11FIP2,RCHY1,SCLT1,SEMA6A,SEPSECS,SGCZ,SORCS3,STIM2,STMND1,TAS1R2,TBL1XR1,TFCP2L1,TMEM44,TRAPPC11,ZMIZ1
495	ABLIM2,ADAMTSL1,ADCY3,ALG11,AQP4,ARL6IP6,BRINP3,C16orf74,CAMK2D,CCDC126,CLEC12A,COL6A5,CTNND2,DTHD1,E2F3,ENSG00000233191,ENSG00000248261,ESRRG,FHIT,GLRX3,IL16,IPMK,LINC02814,LUZP2,MASTL,MCPH1,NDUFA9,NEDD4L,NOX3,NPAP1,NRXN1,PLA2G4A,PRDM9,RAB11FIP4,RAB12,RBFOX1,RGS5,SFT2D1,SHISA9,STK39,TARP,TEKTL1,TSN,VGLL3,XRCC4,ZMAT4
496	AMPD3,ARHGAP12,BCHE,BIN2,BMP6,BMP7,CAMK1G,CHST15,COX10,DUT,ENSG00000264490,FARS2,FAT4,FBXO11,FGF9,FYB1,GPCPD1,GSE1,GSN,HDAC9,IGHMBP2,IMPA1,KIAA1217,LGALS8,LRRC52,LUZP2,NDN,NKX6-1,NOAZFP,PADI4,PCP4L1,PDCD6IP,PDPN,PLGRKT,PMP22,PRDM9,PSMF1,RAB28,SDK1,SEL1L,SEMA5A,SEPHS1,SLITRK6,SPHKAP,SUCLG1,TCL6,THSD7A,TMC5,ZNF385D
497	ACTG1,ADGRF4,ADGRG6,AIRIM,ANKRD50,ARHGAP24,B3GALNT2,CAMSAP2,CC2D2A,CCKAR,CD83,CDC73,CDH8,CDK18,CES1,CNTNAP2,CORO2B,DDX1,DEFA5,DPP10,ENSG00000239920,ENSG00000273275,FGFR2,GALNT17,GPC5,HNRNPA1L3,LINC02600,MRPL23,MYCN,NEDD9,NPSR1,NUTM2D,PLB1,PLCXD3,RAI14,RHBDF2,RPH3A,SEPTIN9,SHANK2,SMIM12,SOX11,ST6GAL2,TG,TLE3,TMX3,TNFRSF21,TRPS1,WWOX,ZSWIM7
498	ADAM32,ALDH8A1,ARRB1,BTG1,CDH11,CDH13,CDH9,CITED4,COL28A1,DCUN1D4,DOK5,ELF1,ENSG00000227549,ENSG00000267547,ENSG00000271793,EPHB2,FERMT1,GABRG2,GALNT18,GSTA3,HDGFL1,HNMT,IRX2,KCNK2,KLF12,LSAMP,MYO3B,NAALADL2,NBAS,PGCKA1,PODXL,PTPRD,RCAN1,RFC3,SERHL2,SGK1,SNTG1,SNX9,SPIRE1,SPOCK3,STAT6,SULF2,TEKT3,TENM2,TMEM114,TNS3,TRPS1,ZFP36L2
499	ADRA1B,ALOX5,ARHGEF26,B3GALT5,C6orf118,CBR3-AS1,CD2AP,CNTN3,CNTN4,CNTNAP2,CPPED1,DAOA,DNAH5,E2F8,FCHO1,FOXO3,GALR1,GNAI1,ICAM2,IFTAP,IRF8,IRX1,KANSL1,KBTBD11-OT1,LINC01192,MBTPS1,MPPED1,PALM3,PCDH18,PDE1C,PLB1,PREX1,RYBP,SBNO2,SEMA3D,SEPTIN12,SLC22A3,SLC28A1,STMN2,SUCLA2,SYNPR,TCERG1L,TECRL,TGFBR2,THRAP3,VSTM2B,WDR47,ZNF516
500	ACVR2B,ADGRL3,ALCAM,ANK1,ANO5,ATP12A,CDCA7L,CRBN,CRMP1,DDIT4L,EDEM1,ERCC4,FAM234B,FAM98A,FOXA2,GALNT1,GRAMD1B,IRX4,ITGA6,JARID2,KCND3,KCNU1,KHDRBS3,KNG1,KRTAP19-8,MANEA,MEGF9,METTL4,MRPS28,MUC7,MX1,MYC,NCAM2,PDZD8,PTPRE,RNF144B,SDK1,SLC24A4,SLC39A11,SNTG1,SPCS3,SVEP1,TBC1D22A,TGFA,TNFRSF11B,UBE2I,UNC13C,WDR17,ZNF536
501	ADAM7,ADTRP,CCDC83,CD109,CHSY1,DIO3,DSCAM,ELAVL2,ENSG00000268173,ENSG00000287694,EOMES,EXOC3L2,FAM124B,FERD3L,FMN1,GFRA2,GRIN2A,HERC6,HES1,HS3ST3B1,ITGB8,KCNK9,LRFN5,MARK3,MCPH1-DT,MIR3667HG,MSR1,MYO16,NELL1,NPS,NPY,NSMCE2,NUDT12,OTOF,PABPC4L,PDE3A,PDGFD,PKD1L1,PREX2,RMDN2,SELPLG,SNX29,SPSB1,ST18,TRIM24,TSHR-AS1,UCMA,WASF3,WDR27
502	ACSBG2,AGA,ALDH8A1,ASIC2,BTBD3,CA5A,CBY1,CDH20,CRYBB1,CSMD1,DLX2,DNAH8,DPP10,ENSG00000249016,ENSG00000272297,FAM167A,FAT4,FBN2,FBXL7,GABBR2,GHR,HEMK2,HMBS,HS3ST3B1,ITGA6,KHDRBS3,KIF19,KRTAP11-1,LINC02021,MAGI2-AS3,MCPH1,NOX4,PCDH10,PCDH15,PCDH7,PDE1C,PLSCR4,PREX2,PRR20A,RHOBTB1,SELL,SH3TC1,SMARCA2,STK32B,TCL1A,TMEM182,TMEM207,TRARG1,ZFP28
503	ABLIM1,ADCY1,ADGRB3,AMY1C,ASIC2,ATP9A,C12orf50,CNTN5,CRISPLD2,DLGAP2,DYRK1A,EIF3F,ENSG00000206356,FAM98A,FBXO11,FBXO7,FZD2,HEPHL1,IFT122,IFT52,IQCJ,LPL,LRP2,LRRC4C,NCAM2,PPA1,PPIL2,RAB28,RAB31,RAB38,RBM46,RSU1,SDK1,SGCZ,SLC24A4,SLC9A9,SLCO1B1,SPIC,SPMIP2,SPRY2,TBC1D16,TENM3,THSD7A,TUSC1,TUSC3,UBOX5,WDR5,XAF1,ZNF600
504	ABTB2,ADCY10,ARHGEF38,C10orf90,CCDC92,CDH17,CEP350,DHRS4,DPP6,EDARADD,ENSG00000225582,ENSG00000264693,FBN2,FHIT,GALNTL6,GP2,GRIA1,HS1BP3,HS3ST1,KAT14,KLHL1,LINC01187,MCAT,MCF2L,NDUFAF5,NECTIN2,NOG,OCA2,OR11H1,PHLPP1,PRDM15,PRR16,PSG7,PTPRM,SCARF2,SCD5,SCFD1,SCG2,SFMBT2,SLITRK6,SMYD3,STX11,SYT1,TEX36,TGFBR1,TJP1,VAV1,ZNF519,ZNF722
505	ABCC8,ADAMTS5,AGA,ALDH1L1,ARAP2,C17orf67,CDH8,CDH9,CGNL1,CNOT2,COL23A1,CTNND2,CYP26B1,DAB1,DAPK1,DNAJB6,DPYSL4,DSEL,ENSG00000237862,FN1,GATM,GCNT2,GLI3,HS3ST1,KDM4C,KLC1,LDLRAD4,MAP3K21,MECOM,MT1E,NPR3,NUDT7,OR3A2,PALLD,PGR,PTPRD,RIMBP2,SAMSN1,SEL1L,SLC2A13,SOX14,SPTLC3,SYT4,TIMD4,TMEM132C,TYRP1,UGT2B15,USP25,VPS13C
506	ADGRL3,ARHGAP21,CAST,CH25H,CTNNA3,DAB2,DIPK1C,DOCK1,ELMO1,ENSG00000228467,ENSG00000230920,FANCD2,FGR,GALNT10,GALNT13,GALR1,GOLIM4,GPR155,GSE1,GTF3A,HMGB1,HTATIP2,IRF2BP2,IRX3,KCNG2,KCNT2,KIN,LARGE1,LINC00395,LRRC30,MAN1A2,MARCHF1,MBOAT1,MRPL39,MTPAP,NETO1,NSG2,PARVB,PEX5L,PKDCC,SEMA6D,SLC39A11,SLIT2,ST18,STXBP1,SYT4,TENM4,TLE4,TRAM1L1
507	ADAMTSL1,ADGRB3,ALLC,ARHGEF7,ATF7IP2,C1QL2,CDH11,CDH2,CDK5RAP2,CELF2,CTNND2,CXADR,CYLC2,DGKB,DGLUCY,DNTTIP2,ENPEP,ENSG00000260426,FCN1,GALNT14,GLI2,GLRA3,GTPBP8,HTT,IGLV2-18,JDP2,KCNJ16,KCNN2,LRRTM4,MCTP1,MIPEP,MSR1,OSER1-DT,PTGFR,S1PR1,SARAF,SERPINB8,SHANK2,SPAG16,STAC,SUCLG2,TBC1D1,TBC1D32,TCF4,TMEFF2,TNP1,UBAC2,WDR64,XXYLT1
508	ACOXL,ACVR1,ALDH7A1,APCDD1,BCR,CD83,CDK5RAP2,CENPE,CLDN23,CTNNA3,DMRTA1,DRAM2,ENSG00000269978,ENSG00000286221,FARS2,FAT4,GOT2,HS3ST1,IFTAP,ISX,KLHL25,LRP1B,LRRC72,MCFD2,MLLT3,MOB3C,MPI,NAMPT,NCALD,NDUFA4,NUF2,OPRK1,PABPC1,PAX7,PDYN,PID1,PLCB1,PLOD2,RXRA,SCCPDH,SCGB3A2,SDHAF3,SKA3,SLC10A2,STK17A,UBAC1,UBE2E2,XKR6
509	ACRV1,AJAP1,AP5M1,ARMH4,CDH9,CHRM2,CSMD1,DSCAM,ENSG00000248605,FADS2,GGTA1,GRM7,GYPC,HMHB1,IQCE,JPH2,KCNU1,KIAA0232,LINC01579,LINC02292,MYO16,NPHP4,NRP1,NTN1,PABPC4L,PCLO,PIEZO2,PITX2,PMM2,PPP2R2D,RAB2A,RAB4A,RERG,SERPINB11,SFXN1,SGCZ,SHISA9,SLC35F2,SRSF6,SV2C,TAFA5,TMPRSS15,VGLL3,VPREB3,WDR59,ZFPM2,ZMAT4,ZMIZ1
510	ARHGAP19,ARSB,CACNG5,CEBPZOS,CHORDC1,CMIP,CNR2,CPNE4,CSMD2,DDC,DSC3,ENSG00000289113,EPCAM,FAT1,FLYWCH1,GPRIN3,GRM5,IL1RL2,JAZF1,JUN,LINC02494,LINC03124,MCPH1,ME3,MYCN,MYOM2,NCKAP5,NUF2,OR10D3,OTOL1,PCNX2,PDCD6IP,PKNOX1,PMEPA1,POM121L12,PRDM9,PTPRU,RAP1A,RSL24D1,SERINC2,SLC2A9,SORCS2,SPRY2,SYNPR,TRAM1L1,TTC29,ZBTB43,ZNF468
511	ADARB2,ADGB,ANXA2,BEND4,CD320,CDH7,CDK20,CNTNAP2,COPA,CTXND1,DAOA,DGKB,DPP6,DUSP4,ELAVL2,ENSG00000254847,ENSG00000255428,ESR1,GALNT18,IL18R1,LPAR3,MINK1,MSH2,NR3C2,OR6K3,PAPSS2,PLCB1,PMAIP1,PPFIBP1,PRR16,RYK,SGCZ,SH3BP4,SLC4A3,SOCS6,SOHLH1,TOP3B,TPT1-AS1,TRAM1L1,TRAPPC11,TRPC6,UBA52,UGT2B4,UNC13C,VEZT,ZC3HAV1L,ZFP36L1,ZNF366
512	ADAMTS16,ADCY3,AGBL1,ARHGAP28,ARID2,CACNA1A,CCDC68,CDCA7L,CEP83,CHRM3,CLSTN2,COMMD10,DCAF4,DHCR7,EGLN1,ELAC2,ERCC6L2-AS1,FAT1,FBXO25,FNDC3B,GALM,GPC5,HACL2,LARGE1,LCORL,MCF2L,MFAP3L,NBAS,NUDT12,OR2B11,OTUD7A,PDCD6IP,PERP,PLXNA2,PNRC1,PRKAG2,RBFOX1,RFTN1,RIOK2,RPRM,SASH1,SCLY,SPP1,TACR3,TH,UGT2B4,ZFP64,ZNF30,ZNF521
513	AGMO,ANKRD30A,BICC1,BLOC1S6,C10orf90,CAMK1D,CCSER1,CIMIP1,CLCA4,CSMD1,CUL3,EMP2,FSTL4,GLI3,GSE1,GSTA4,KLF4,LAMC1,LRRTM4,MGLL,MYO1B,MYPN,NEDD4L,NRSN1,OLIG3,PDE10A,PDGFD,PFKP,PKDREJ,PLA2G4C,PLB1,PLPPR1,POM121L12,PRR16,QDPR,RAB11FIP4,RAPGEF5,RASSF8-AS1,RIDA,RTTN,SIRPB2,SNTB1,STMN2,SYF2,SYN3,THSD7A,ZFP1
514	ADRA2A,AK8,ATP2C2,CD247,CD36,CFAP61,CHL1,CHST3,CHST9,DBX1,DDI1,DOK5,ETV6,GPA33,GPAM,GRAMD2B,HAPSTR1,IGFBP3,IRS1,KCNJ2,KDM4B,KRTAP19-8,LIPG,LRRTM4,MCPH1-AS1,MSX1,MYO5B,NDN,NXPH1,PCLO,PKP2,PPP1R14C,RAB28,RARB,RSL24D1,SEMA3C,SEMA6A,SPRED2,STK32B,TBC1D4,TCERG1L,TENM3,TFG,TMEM45B,TRAPPC9,TRIML1,ZFPM1,ZNF280B
515	AQR,ARHGEF3,ATOSA,ATP6V1G1,BCL7B,CADM1,CARD8,CSMD1,CSMD3,DCDC2C,EXOC3L2,FAM135B,FSTL5,GMNC,GOLGA8M,GRIN2A,IL17F,ITPR2,KCNT2,KLF13,KRTAP11-1,LINC01018,LINC01980,LYRM4,MACROH2A1,MARCHF3,PCDH15,PIGK,PIP5K1C,PTPRD,RBFOX1,RNF216,SARDH,SDK1,SLC13A3,SLC35D1,SMARCA2,SOX5,SPIN1,SPSB4,STXBP6,TENM3,TMEM131L,TXN2,UGT2A3,ULK1,XAB2,ZNF577,ZNF716
516	ABCA5,AJAP1,ANO3,ATP1B3,CA5A,CDH12,CDH6,CDYL,CNTN5,CNTNAP5,COMP,CROCC,CYP1B1,DLK1,DPP6,ENSG00000253354,ENSG00000267706,FAM163A,GFRA2,GLI2,GPC6,GRIP1,LY96,MACC1-AS1,MED12L,MGMT,NDUFA12,PALLD,PCDH7,PCSK6,PDZRN4,POU5F1B,PRAMEF17,RBFOX1,RIBC2,RP9,SAMD5,SEMA3C,SIGLEC12,SLC6A20,TEK,TENM4,TREML4,TRIB2,TRPS1,UBXN11,XXYLT1,ZNF253
517	AGTPBP1,ANPEP,ATF2,BCAT1,BMP2,CDS2,CFAP184,CNOT4,CNTN5,CPNE2,DCC,DDC,DTWD2,ERI1,FBXO32,FGF1,FSCB,FSTL5,GMNC,GRM7,IGFBP7,KCNC2,KCNMA1,LIMS1,LINC02669,LRP1B,MBL2,MC4R,MGAT5,MICOS10,MTRR,MYO3A,NCS1,NLGN1,PTH2R,REG3G,RLBP1,ROR2,SEMA5A,SEMA6D,SOX9,STXBP5,TEK,TEX51,TM4SF4,TTC39B,TUT7,ZNF468,ZNF765
518	ADAMTS17,ADAMTS18,APBA2,BCL11B,CDC73,CEACAM1,COL5A1,CPEB4,CREB5,DAOA,ENSG00000233290,ENSG00000248774,ENSG00000255477,ENSG00000260377,ENSG00000266928,ENSG00000285218,FAM90A12,FAM98A,GRM7,GTF3C3,HIVEP1,IQCM,ITGA8,LMX1A,MAF,MROH6,MRPL39,NCAM2,NETO1,OMA1,OTX2,PARK7,PLXND1,PPIL2,PREX2,PTH2R,PTPRD,PYROXD2,SHANK1,SLC4A3,SPRY2,TLE3,TMEM114,TSPAN15,TYRP1,VRK1,WWOX,ZNF385D,ZNF519
519	ACO1,ARNT2,ASXL3,ATP8A2,BPNT2,C16orf95,CBLN4,CDCA7,CDH26,CSMD3,DSCAS,ENOX1,ENSG00000289710,FZD10,IL5RA,IPMK,KCNMA1,KCNQ5,KCTD15,KIF12,LINC00571,LRIG3,LRRTM4,MELK,MRPL39,MRPS35,NANOS1,NAV2,NTM,PEBP4,PGRMC2,PLPPR4,PRR18,PTCH1,RIT2,SNX16,SUGCT,TBC1D22A,TGFBR2,TMEM14B,TMEM50B,TRIB2,TSEN2,TXN2,UBC,WSCD1,XAB2,ZNF558,ZNF611
520	AGBL1,ARL4C,ARSB,ATP1B3,C6orf118,CDK17,CRMP1,CROCC,EGLN3,ELMO1,ERBB4,ETS2,FBXL7,FGFR2,FSHB,FUT9,HAO1,HAS2-AS1,IL1R1,ILKAP,JAG1,KCNE1,KCNE4,KIAA1671,LINC02846,MACIR,MAFB,MINAR1,MYT1L,NETO1,NFE2L3,PCDH18,PID1,POGK,PRDM2,PRR16,PSAT1,RASSF2,SCARB1,SGCG,SH3TC1,SLC9A9,SUCLG1,TLN2,TMEM38B,TTC33,UNC79,WWOX,WWTR1
521	ACVR2A,ADGRL3,AMBN,ANKRD13C,ATL3,CCDC82,CCDC85C,CD2AP,CDCA2,CDH11,CYP2S1,DLGAP1,DOCK5,DSEL,FER1L6-AS1,FJX1,GADD45A,GALNT15,GRHL1,IGLC3,IQGAP2,KDR,KMO,LARGE1,MAP3K1,MRPL15,MYCN,NCS1,NPVF,OLIG3,OSTN,PI15,PLA2G4A,PLCB1,PLEKHB2,PTPRD,PTPRT,RAB11B,RBFOX1,SBF2,SCGB2A1,SIPA1L2,SLAMF7,SLC4A3,SLC7A11,SOX4,SPATA31E1,TDP1,TPBG
522	ABCA8,ADCY8,AGA,ASAP1,CCDC3,CHN1,CLEC3A,CPPED1,CXADR,DOK5,ENSG00000237464,ENSG00000254861,ENSG00000286760,FAM181B,FAM53A,FHIT,FSTL5,GOLGA8B,GRIK2,H3Y1,HSPB8,IGSF21,IL12A,LCORL,LINC01315,ME3,METAP2,MGAT4C,NETO1,NTPCR,PAG1,PANX1,PARVA,PBX1,PHLPP1,PIEZO2,PIRT,PLOD2,PRLR,RAPGEF2,RELN,SAMD12,SGCG,SMIM21,TFB2M,TJP3,VMO1,WSCD1
523	ADGRL3,AGAP1,C18orf63,CASP9,CNTN4,COX7C,CTNNA3,DAD1,EDEM1,ENSG00000266369,ENSG00000285082,FARSB,GLRB,GLRX3,GOLPH3,GOT2,GRAMD2B,GRM7,H3Y1,HUNK,KHDRBS2,LILRA2,LRRC30,LRRC4C,LSAMP,MEIS2,MMP13,MTSS1,MYO7A,NDN,NTM,NXPE1,OXNAD1,POT1,PTER,RAB38,RABGGTB,RIMBP2,RPUSD4,SEC14L6,SPRY2,SSTR2,STEAP1B,TDP2,TENT4A,TMEM106B,TMPRSS15,WDR72
524	ADAMTS5,AGPAT4,AKR1C3,ANKRD10,CAMTA1,CEP15,CHD7,CNTN3,COL12A1,DNAH5,DSC3,ENSG00000237378,EPC1,ERCC4,FAT4,GLRX3,GLUD1,HS6ST1,IFTAP,IRX5,ITPR1,LBH,LINC02371,LINGO2,MAP2,MYCN,MYO16,NCAM2,NEDD4L,NSG2,PCDH18,PDZRN3,POM121L12,RALGPS2,RARB,RASGRP3,REG4,RIN2,RPL9,SLC26A7,SMARCA2,SNTG1,TET2,TRIM2,TWIST2,TXNL1,USP25,ZMAT4
525	ACTRT2,ADGRL2,ARAP1,ARAP2,ATP8A2,CCNB1IP1,CDRT8,COL11A1,COL4A1,COLQ,CSMD1,E2F6,ENSG00000288895,ESRRG,EVA1C,FAM135B,FER1L6,FLT3,GRIN3A,GRXCR2,HHIPL2,HS3ST2,IMPG1,INSIG1,KHDRBS3,LINC00662,LRFN5,NELL1,NHSL1,PARD3,PCDH7,PLD5,PLK5,POGK,PTGER3,PTPRR,RNF32,SH3GL2,SNX13,SORBS2,TENM4,TLN2,TMEM132B,TRPC6,TSPAN18,UGT2B4,ZFP42,ZMYM2,ZNF83
526	ABO,ACTR3C,ADAMTSL1,AQP4,ARHGEF26,BTC,CCDC112,CDC73,CGB2,CRTC3,DPP10,DPT,DPY19L1,ENSG00000289189,ESF1,FMN2,FOXG1,FRMD4B,FSTL5,FUT8,GNA14,GPC5,GPR78,HS6ST1,IL1B,KCNB2,KLHL6,LINC00640,LINC02185,LINC02613,MAN2A2,MDFI,NEDD1,PBX1,PCNX2,PFKP,PRR20A,RARRES2,RESF1,RPS24,SAXO5,SIRPA,SLC28A2-AS1,SLC6A15,SLC8A1,TLE3,TMTC2,UQCRFS1
527	ACADSB,ADAMTS12,AGBL4,BCL11A,BMP2,C2CD2,CCNI,CDC14C,CDH19,CDH7,COL4A2,CTNNA3,EN2,EPHA5,F13A1,FGF9,GADL1,HDAC2,IFT43,IGFBPL1,ILKAP,IVNS1ABP,KAT6A,KAZN,LAMP3,LGALS8,LPL,MYO10,PAMR1,PHACTR2,PLA2G5,QKI,RAD23B,RASGRF2,RFLNA,RHOB,RNASE9,ROBO2,RPAP3,SIRPA,SNTG2,STK10,TENM3,TMCO4,TMEM131,TSHR,TUSC1,ZNF202,ZNF215
528	BZW1,CCN3,CD5L,CDC73,CNTNAP4,CRYBB2,CYSLTR2,DSP,EML6,EXTL3,FAM204A,FARP1,GDNF-AS1,GP6-AS1,GRM8,GSDMC,GSTA3,HERPUD1,IMPG1,IRS2,KIF27,MAGI2,MBD5,MMP2,MUCL1,NEDD4L,NMRK1,PLA2G4A,PRKAG2,PRKCH,RUNX1T1,SHISA9,SLC1A6,SLC22A23,SLC6A15,SLC8A1,SOX9,TACR3,TMEM132D,TMEM44,TNS3,TPCN2,TRPA1,TRPV1,UGT2B28,VRK1,WWOX,ZNF536,ZNF85
529	AADAT,ADGRB3,AP1M1,ARSJ,AUTS2,C1D,CDH7,CNTN4,CTNNA2,CTSC,DDX18,DEFB130A,DGCR8,DIRAS2,EIF3H,ENSG00000287338,EYS,FAM110B,FAM98A,FANCL,FARP1,FGF14,GLI3,HMGB1,HMHB1,KCNK5,LRATD1,LTBP1,MMUT,MN1,MOB3B,NADSYN1,NEDD4L,PABPC4L,PTPRM,RASGRF1,RBFOX1,RBM19,RRP15,SCFD1,SLITRK3,SNRPN,SPMIP8,STT3A,TIAM2,TKT,TRIML1,TSPAN18,UPP1
530	ACSL3,ADAMTSL1,ALOX5,ANO4,AP3M2,ARHGAP22,ARRDC4,ATP23,BAIAP2L1,CAST,CHRM3,CSNK1G3,DLC1,EEPD1,ENSG00000285586,EPHA7,FAM90A12,FSTL5,GATA3,GHRHR,GOLGA6L10,GRID2,GSTM5,LINC00173,LIPA,LONP1,LRRC4C,LRRFIP1,LSG1,MOBP,MTHFD2L,MTUS2,NPAP1,PDGFC,POLI,PRKCQ,RBFOX1,RGS6,SH3BP4,SLC9A9,SNHG26,SPIN1,STIM2,TMEM135,TMEM9B,TPT1-AS1,TRIB1,VWF
531	ACKR3,ADAMTS16,ADGRD1,ARNT2-DT,AZIN1,C6orf118,C8orf48,CAST,DPP6,ELMO1,ENSG00000289710,FAM124B,FBXO28,FRK,FSHR,GADD45A,GATA3,GOLIM4,GPR78,GRIN2A,HCAR3,ITGA6,LINC02191,LINGO2,LRP1B,MBL2,MRPL3,MSC,NAP1L1,NRSN1,NTM,NTN1,NUP50,PATJ,PCDH18,PRCP,RFX7,RSL24D1,SLC7A2,SORCS3,SOX4,STK32B,TAFA5,TAGAP,TLE3,TRIB2,TRIL,VTCN1,ZNF783
532	ADAM12,ADGRL3,AMY1C,ANXA10,ASIC2,AUTS2,BIN1,BPIFA3,C9orf85,CDH12,CEP57,CHCHD3,CSMD1,DISC1,ENSG00000225563,EYS,GABPA,GPD2,IGFBP7,ITGA8,KCNIP4,KIAA1217,L3MBTL4,LAMA2,LINC01484,LRRC20,MCPH1,MN1,MYL12A,NDST4,PAK5,PTPRG,PTPRT,RARB,RGS7,RMND5A,SCUBE1,SEMA3C,SFMBT2,SLC18A1,SNAP91,SNCA,SOCS6,SPATA6,ST8SIA6-AS1,TECRL,TNIK,VPS41,ZNF28
533	ADAM29,AGA,ALPL,ANKRD62,APBB1IP,ASB13,B3GAT1,BOD1L1,CCDC73,CCN2,CDC73,CLYBL,DKK2,ENSG00000233974,FRMD4A,FTO,INAVA,IPMK,KDELR1,KIF26B,LIFR,LINC02934,LPCAT1,LUZP2,MARCHF1,MCTP1,MED12L,MLH3,MTUS2,MYO1E,NIN,PENK,PIP4K2A,PTPRD,PTPRM,RAB28,RBFOX1,RNF186,SH3BP4,SLC67A1,SLCO3A1,SMOC2,SOD3,THADA,THSD7A,TINAG,WDR1,ZNF616
534	ABCC6,ANO1,AOAH,ATP1B1,ATXN7L1,CAPN14,CAPN3,CHST10,CNDP2,CNTN3,COG2,COL1A2,CRYBB1,CRYBB2,CSGALNACT1,CST9,DPP6,EDNRA,ELOVL6,ERBB4,GPRIN3,GRM7,HACE1,IGSF22,IQSEC1,KCND2,LDLRAD4,LINC02268,LITAF,MYCBP2,NEIL3,NME7,NR2F2,PGM1,PLPPR1,PRKD1,PRR16,PSMA8,RBFOX1,RPUSD4,RSPO4,SERPINB8,SLC44A3,SLCO4A1,STIM2,TPT1,TSHZ2,WWOX,ZBED3
535	ADGRL3,ALCAM,ALLC,ASB1,AUTS2,CCR8,CELF2,CNTN4,CYLC2,CYRIA,DAB1,DOCK4,FAM135B,FBXO7,HS3ST1,IRF2,JARID2,KBTBD8,KCNT2,LHFPL6,LMNTD1,LRRC4C,MINDY4,MKI67,NAAA,NALF1,PBX1,PSG5,RCN1,RNF144B,RNF150,SDC1,SGCG,SLC10A2,SLC44A3,SLC9A9,SLITRK5,SMOC2,SNTB1,SNTG2,SOX11,TAFA2,TNRC6A,TPCN2,WSCD1,XPO5,ZNF236,ZNF320,ZNF670
536	ABCB5,ACO1,ACP3,ADGRL3,AGA,ANO2,ASIC2,BICD1,C4orf50,CA10,CCNG2,CNDP1,COBL,DDX18,DEFB130A,DMRT2,FAM168A,FAM98A,FANCD2,FGF14,GRM7,ICE1,IRGM,IRX3,KCNQ1,KDM4C,KLK10,LARGE1,LHPP,LIMCH1,LINC02388,LRRC3B,NSG2,NTMT2,PDE4B,PEBP4,PROK2,PRPSAP1,RNF144A,SGK1,SLC6A6,TANGO2,TENM2,TMEFF2,TNFSF13B,TRDN,UACA,UTP18,ZNF425
537	ACO1,ADGRE1,AGA,AKAP13,ALDH4A1,ANKRD55,AQR,ARGLU1,BCL6,BMP2,C1D,CACHD1,CASZ1,CCDC102B,CERS4,CNTNAP4,COL5A1,EDEM1,EDN1,GATA3,HS3ST1,IZUMO3,JRKL,KHDRBS3,LYST,MBL2,MGAT4C,MINAR1,MRPS6,NFIB,NOG,PDE10A,PDE1C,PLPPR5,PMP22,POTEC,RNMT,ROBO1,RWDD1,RXRA,SEC31A,SLC28A3,SMLR1,SOX11,SPAM1,TAFA5,TPD52L1,TRIML2,ZBBX
538	ADAMTSL3,ADGRD1,ANKRD27,ANKRD33B,ARHGEF28,ATP10A,CAPN13,CDH13,CELF2,CFAP45,CNTN5,DAO,DIRAS2,DPY19L1,EGFR,ENSG00000253557,ENSG00000289131,ETS1,FAM43A,GOLGA6L22,HS3ST3B1,HTR2A,IKZF2,KCTD8,LRRC32,LVRN,MARCO,MGAM,MYOCD,NCKAP5,NOS1,NRG1,OSTN,PCDH7,PHACTR1,POT1-AS1,PRDM11,PSAT1,RBFOX1,RFWD3,SKOR2,SOX11,TENM3,TMCO4,TNKS,VSTM5,ZMAT4,ZNF266,ZNF385D
539	AGMAT,AK4,ALG14,CACNA1D,CASP1,CCER1,CCL13,CDCA7L,CNTN3,CNTNAP2,CRIM1,CYP2F1,DNAH11,DNAH9,DUSP10,ELAVL2,ENSG00000285471,EVA1A,IFT122,IFTAP,IL2RB,KCNA4,LAMA2,LARGE1,LINC00320,LINGO2,LRP5,LRRK1,MARCHF10,MGLL,MT4,MUC20-OT1,NALF1,NCAM2,NFU1,NSUN7,PTPRD,RAB6B,REEP3,RTN4RL1,SAMD9,SCN10A,SGCZ,SLC27A2,TNFRSF1A,TRIM2,TTC7B,ZNF37A,ZNF385D
540	ABAT,AGBL1,ALCAM,ATP8A2,ATXN1,CAMKK2,CBLB,CCDC91,CLDN14,CRIM1,CRYBA4,CSNK2A3,DAAM2,DMAC1,ENSG00000270074,EYS,FHOD3,FUT2,HAPLN1,KATNAL1,LDB2,LINC01497,MELK,METTL4,NECTIN3,OLFM4,OTUD7A,PLOD2,PRR16,PXDC1,RNF32,RYBP,SDHAF3,SEMA6D,SHB,SIM2,SLC2A9,SLC37A3,TCTN3,TLE3,TMEM132C,TMEM14A,TP53I11,TSKU,TTC7A,XXYLT1,ZDHHC21,ZNF738
541	ABCA1,AGA,ANO3,APOL4,ASIC2,BRINP3,CACNB2,CDH7,CHODL,CUBN,DMPK,DOCK10,DSC3,EFCAB11,ENSG00000287560,FARS2,FAT4,GATA3,GLRA3,GPC5,HERC1,HNRNPUL1,ITIH5,JAK1,LINC01980,LINC02617,LMF1,LRRIQ3,MAP3K20,MCPH1,MIR3667HG,MRAP2,MT1HL1,MTPAP,NEUROD1,NPBWR1,PDZD2,RAB4A,RASA4B,REG3G,RPAP3,SCUBE2,SMC6,SORCS1,SOX4,TMEM135,UTS2B,ZNF286A
542	ADAMTS9-AS2,AGBL1,AMPH,ANKRD18A,ANKRD18B,ARHGAP21,ASB3,BMP10,CCDC169,CCZ1B,CD36,CLIP2,CNDP1,COG6,DMRTA1,DOCK4,ENSG00000288907,FSTL4,GALNT14,GLI3,GPR158,GSC,HAO2,INPP4B,MYLIP,NCLN,NEBL,NGEF,OR13F1,PCDH7,PDZRN3,PMAIP1,PPP2R2D,PRR16,QRSL1,RASGEF1B,RIMBP2,RPL39L,SCML4,SIPA1L2,SLC22A2,TMEM132B,USH2A,ZNF518B,ZNF521,ZNF536,ZNF717,ZW10
543	ADORA2B,AFDN,ALG1,BMAL1,BOD1L1,CCKAR,CDH9,CEP20,CLEC3A,COA7,COL4A1,CTSZ,EDDM3B,EGFR,ENSG00000287864,EPHA5,FTH1,FXYD2,GCNT1,HSPA2,JARID2,KCNK1,KIAA1217,KLF3-AS1,LGR6,NAALADL2,NCOR2,NOD2,OR4N2,PARVB,PCDH15,PCDH7,PIAS1,PRDM5,PRRX2,RAPGEF4,RFX2,SLC15A4,SLC6A11,SMOC2,SOX11,SPRY2,TAF1L,TBL1XR1,TBX3,TENM4,TMEM132B,TMPO,ZNF804B
544	ALDH16A1,ANKRD18A,ARHGAP25,BCAS1,C1orf52,C1orf94,CDH7,CLEC4E,CNTNAP2,CTNNA3,CTTNBP2,CYB5R3,CYP4F2,CYRIA,DMAC2,DOK6,ENSG00000286580,ENSG00000287364,FKTN,GATA3,GRIN2B,HAPSTR1,HEMK2,IFIH1,INSR,ITGB1,JARID2,KCNA6-AS1,LINC02018,LINC02522,LUZP2,MCPH1,MGAT5B,MMP28,OR5AN1,PFKFB3,PGS1,RHBG,RTL1,SLITRK1,TBX3,TENM2,TSPAN5,TTC7B,TUSC3,VASH1,WHRN,ZNF521,ZPLD1
545	ADAMTS18,AKAIN1,ARHGAP44,BRINP3,CDH2,CFHR1,CNTLN,CTNNA3,CYYR1,DIPK2A,DISC1,DLGAP2,DMRTA1,DYNLRB2,EEPD1,ENPP5,ENSG00000224091,ENSG00000272463,ENSG00000282278,EPS8L1,GATA3,GPR142,HMSD,IFT88,IGSF5,KCNA5,KRTDAP,LINC00681,LRRC4C,NET1,NRG2,OSBPL11,PAPOLA,PCDH18,PCDH9,RASGRP3,SLC28A3,SLC30A8,SNRPN,SNTG1,SPATA6L,SPHKAP,TEKT5,TG,THBS2-AS1,TK2,TMEM132C,TRIM5,WWOX
546	ABCA5,AEBP2,ALDH3A2,ATP1B3,CNTNAP5,CSMD3,DGUOK,DOK5,DPP10,ENSG00000259081,ENSG00000286123,ENSG00000287367,GPC6,HS3ST3A1,HTR1F,ICE1,IL23R,KCNJ6,KIF16B,LRRC3B,MCPH1,MIR3667HG,MSR1,MTCL1,MYBPC1,MYO3B,OLFM1,PCDH15,PCDH18,PIRT,PRKCQ,PSMG1,RAB6C,RBBP4,RBFOX1,RP1,SDK1,SERPINB8,SLC10A2,SLC14A1,SLC24A4,SOCS6,STT3B,SUCLG1,SUMF1,TICRR,UNC5A,XKR4,ZFP42
547	ACO1,ADAM7,APBB2,ATXN1,C12orf71,CERS4,CLEC1A,COL22A1,DAB1,DNAH5,DNAJC10,DSEL,DTHD1,DTNBP1,ENSG00000267939,ENSG00000289546,EXOC2,FZD10,GALC,ICE1,IMMP2L,INF2,KDM4B,KTN1,LCORL,LEKR1,LINC01099,LINC01503,LINC01863,LINC02432,LRFN2,MC2R,NAALADL2,NCAM2,NDUFA10,NRXN1,PIK3CD,PLEKHG7,PTPRD,RBFOX1,RORB,SH3BP4,SLC22A10,SLC9A2,SMOC2,SYT8,TGFBR2,TMEM26,ZDHHC21
548	ACTB,ADAMTS15,ADGRV1,ANKRD13C-DT,ANKRD27,AP2A2,BCR,BTF3-DT,C4orf33,CPSF4,CTSB,DTWD2,E2F7,ENDOG,ENSG00000285382,ESRRB,FAM98A,FBXO25,FER1L6,FOXO1,FSIP1,GOT2,GPR157,HIC1,HTR5A,KCNT2,KLF12,LAD1,LARGE1,LCLAT1,MACROD2,MED13L,MUC2,MYOF,NACC2,NFIB,PACRG,PDCD6IP,PGCKA1,RPE65,SDK2,SLC10A2,SLITRK5,ST6GAL2,SYT1,TMCC3,TTLL2,UNC13C,ZFAT
549	ABLIM1,ADGRL3,ANKRD10,ANO3,BMP6,CARD11,CDH10,CLDN5,COBL,COL11A1,CTNNA2,DGKB,EGLN3,ENSG00000237479,ENSG00000256029,FICD,GRIP1,H2BC9,IGFBP7,IMMP2L,IQSEC1,IRF2,KCNU1,LHFPL6,LINGO2,LPIN1,MAGI1,MSR1,NELL1,NOL4,NSMCE2,NSUN3,PDCD2,PDZRN3,PIK3R5,PLAGL1,POGK,RBFOX1,RGS21,RPL10L,RPS14,RXFP2,SLC35F3,SYT9-AS1,YPEL1,YTHDF3,ZFP42,ZNF385D
550	ADCY1,APCDD1,ARL8B,ASAP2,ASB3,ATMIN,CA10,CACNA1C,CASP3,CELF4,CHD9NB,CNTNAP2,CTNS,DCAF17,DDX56,DPF3,DPPA4,DSCAM,DSEL,DYNC2H1,EDIL3,EPHA7,EXOC2,FOXN3,GPC6,GRIK2,HEXB,KCNT2,LINC02245,MAF,MYO7A,MYOCD,NCAM2,NOS1,NPS,NPSR1,ODC1,PCNX2,PDCD1LG2,PID1,PLCB4,PRKCQ,PRKG1,SEMA5A,TCTN3,TENM2,TM2D1,TOGARAM2,TSEN54
551	ALK,ARHGEF35,ATP11A,BCHE,BEND7,CCDC85A,CELA2A,CLDN1,CSN3,DNAJB9,EDIL3,EEFSEC,ENSG00000225963,ENSG00000231863,FAM110A,FCRL1,GTSF1L,HNRNPA2B1,IQCM,ITGB3BP,KDSR,L3MBTL4,LINC00659,LYZL2,MAP3K4,MMP2,MRPL39,MYBL2,NCK2,NCOR2,OSTN,PDE8A,PLCB1,PRAMEF5,PRL,PSAT1,RPS6KA2,RYK,SLC36A1,SMPDL3A,TMEM132B,TUSC1,URB1,UTS2,VRK1,ZDHHC14,ZFYVE28,ZMIZ2,ZNF749
552	AADAC,ADAMTS19,ADGRB3,AKR1D1,ATF6,CACNA2D3,CCT8L2,CD163,CDC73,CEBPA,CLRN1,CPAMD8,CSMD1,DLL1,DSEL,FGF9,GGA2,GPD2,GSC,GZMH,HTR4,KCNS3,LAPTM5,LINC02505,MED10,MSR1,MUC4,MZT1,NELL1,OR11H12,PKNOX1,POM121L12,PPM1N,RAB38,RBFOX1,SAMD10,SDR16C5,SHISA9,SLC12A6,SLC7A7,SLITRK1,SOX11,SQOR,STAC,TSPAN15,TUBGCP3
553	ADARB2,AFTPH,AJAP1,ANTXR1,BRINP3,CAPZB,CD6,CDH6,CGNL1,CLN8,CNTNAP2,COTL1,CTH,DACH1,EPHA6,EVC2,FBXL17,FHIT,H6PD,IGSF21,IL6R,KATNAL1,KIF26B,LRIG3,MC2R,MCM10,MRPL23,NARS1,NUDT4,NYAP2,PCDH10,PDGFC,RWDD4,SAA2,SCARF2,SEL1L,SIRT5,SLC28A1,SLC4A7,SLC67A1,TBX5,THRSP,TLE3,TMEM131L,TRDN,VEGFA,XKR4,ZDHHC13,ZFP42
554	A4GALT,ADAM29,ADGRB3,ARHGAP42,ATXN3,C1orf94,CCDC9,CCR3,CDH11,CERKL,CSMD1,CSRNP3,CTNND2,DCP2,DYNC2H1,DYNLRB2,ELAC2,ENSG00000289710,FAM43A,FBXO2,FGF12,FGG,FRG2C,FSTL5,GATA3,GRIK2,ICE1,KCNJ2,KDELR1,KIF26B,LUZP2,MTCL1,MTUS2,NLRP2,OSBPL1A,PCDH7,PLEKHG1,PRKG1,PRKN,PTPRK,SACK1B,SEMA3D,SGCE,SLC25A48,SMARCA2,SUMF1,TEAD1,TMEM170B
555	ACADVL,ALLC,ANKRD30A,AP3B1,ATP1B1,BRINP3,CACUL1,CARD11,CCZ1B,COL4A4,DNAH5,FBXL2,FLI1,GFOD1,GOT2,IL12A,JRK,KCNE4,KIF2B,LCE6A,LRATD1,MCPH1,METTL21A,NKAIN2,NR2F2,NR4A2,NUFIP1,OPRM1,PEPD,PGM2,PLAAT1,POR,PPP1R3B-DT,PRR20A,RNF150,RYR3,SDK1,SLCO1A2,SOX5,SP140,TAFA5,TAPT1-AS1,TBX18,TECRL,TIAM2,TMTC2,TNC,TPK1,TRAPPC9
556	ADAMTS3,ADCY8,AJAP1,BTBD3,C1orf167,CDH4,COL6A3,COMMD10,CRYBB2,CST2,CST6,CYP4A11,DPY19L3-DT,ENSG00000251049,GABRG3,GALNTL6,GDAP1,KATNAL1,KDM4C,LINC00433,LINC00964,MAB21L3,MDN1,MTHFS,MYC,MYO1D,MYO5B,MYOM2,NPAS1,NPAS2,OPCML,OTOR,PCDH9,PDHA2,PTPRD,PTPRO,SLCO1B1,SLITRK6,ST6GAL2,TEX35,THSD7A,TMX3,TNP1,TRAM1L1,TSNAX-DISC1,UGGT2,UGT2A3,XAF1,ZNF525
557	ABCB5,ABTB3,ACVR2A,APBB2,APCDD1,CACNA1A,CD96,CNTN5,CPNE4,CYSLTR2,DDC,DPP6,ELN,EPHX2,EYS,FHOD3,FXYD5,GLI2,GRID2,HS3ST1,ID4,LINC03051,LPCAT1,MACC1,MAPRE2,MED13L,MKLN1,MTHFR,MTHFS,PABPC4L,PDE7B,PIEZO2,POTEM,PRDM9,PSAP,RARB,RBFOX1,RGS2,RHOB,ROS1,SPATA31C1,STRIT1,TACSTD2,TSHZ1,UBE3A,UMODL1,VWC2,ZNF558,ZNF71
558	ADAMTS12,AGBL1,AP1S3,BIN1,BMP4,CA10,CCDC148,CCDC50,CHRM3,CNTN5,CNTNAP5,CRADD,CRISPLD2,DLG2,FBXO33,FSHR,GUCY1A2,IQCM,JCAD,KCTD16,KNG1,LONRF1,LRRC71,MC2R,MYH14,NEIL3,NOL10,NPIPA8,OLFM3,PDE4B,PITRM1,PRKG1,PTER,PZP,RAB12,RAB17,RASA1,RYR3,SGCZ,SLC17A6,SLC39A11,SMARCB1,SPRY2,TCL1B,TLL1,TRAPPC4,ZNF765
559	ADAM19,ADTRP,AMY1C,C6orf118,CACNA1A,CDH2,CDH9,CDKAL1,CPPED1,CRIM1,DTX1,DUSP26,EDEM1,ENSG00000229618,EYA2,FAM135B,GALNT17,GAPDH,GRIA1,GRIN3A,HIVEP2,HTR1E,IL1RAP,ISX,MITF,MORC1,MTUS2,NCAM2,NELL1,NFIB,NPFFR2,PTPRD,PXDC1,RBFOX1,RPL21,SLIT2,SNTN,SNX16,SUGCT,TAFA2,TMEM212,TNFRSF8,TRAV14DV4,TSN,TTC4,WWC1,XXYLT1,ZNF670
560	ACOXL,ACYP2,AIPL1,ARL4A,ASIC2,BORA,C1orf174,CACNB2,CCL2,CDH12,CNBD1,DCLRE1C,EDEM1,FOXF1,GATA3,GRIA2,ISX,LHX3,LINC02283,LMO7,LRRC1,LSG1,MAP2,MFHAS1,MINAR1,MMP2-AS1,MYCT1,NCKAP5,NR2F2,PCDH7,PDE5A,PDE6A,PLCB1,PSD3,PTPN1,RAB28,RAET1L,RGPD4,SERPINB8,SLC1A3,SLC7A8,SLITRK1,SNHG29,TIPRL,TOMM7,TPK1,TUBB2A,USPL1,ZNF385A
561	ABCC4,ACTA1,ANKRD33B,ASB3,ATP10A,BSPH1,CALCA,CDH9,CDRT4,CNTN5,CYFIP2,DIPK2A,DSC1,EFNB2,ENSG00000288895,ENSG00000289710,FCRL6,FSCB,GADL1,GATA3,GGTLC1,GLIS3,GLRB,GPR45,HAO1,JARID2,LINC02981,LINC03016,LRPAP1,MRPS22,MYO1D,NDN,PODXL,PPFIA1,PREX1,SFXN1,SMARCA2,SRL,SRSF6,ST6GALNAC3,STT3B,TBCA,TENT4B,TFAP2B,TGFBR2,TMPRSS15,TRDN,TTF2,UPP1
562	ACVR2A,ADGRL3,ADRA1A,AGAP1,AOAH,APOL6,AQP1,C1orf21,CCDC102B,CDH2,CTCFL,DNAH9,DNASE1,DPP6,DSCAM,ECI2,EPHA6,FAM181B,FOXC1,GIPR,GPC5,GRM7,HAND2,HYDIN,KCNJ16,KSR2,LINC00662,LUZP2,MAB21L3,MAF,MIR646HG,NCOA3,PRR23E,PTH2R,PTPRS,RALYL,RESF1,RGS7,RP1L1,SLC35F3,SRSF8,STK35,STON1-GTF2A1L,TAFA2,TFAP2A,UGT2B10,UQCRFS1,ZDHHC21
563	ADA2,ADAM29,ADGRE5,C16orf95,C6orf118,CACNA1A,CCNE1,CHL1,CLSTN2,CRIM1,CTNNA2,DLC1,DLG2,DLGAP1,ENSG00000226197,ENSG00000242136,EPHB2,FBLN2,GALNTL6,GOLGA8B,HUNK,ITPA,KAT14,KAZN,LIMCH1,LINC02826,LINC03000,MRPS6,MTCL1,NOL4,NRXN1,OSTF1,OTOGL,PRODH,RPL10L,SCD5,SERPINB11,SLITRK1,SPINK5,SUCLG1,TENT5A,TESMIN,TOX2,TTC32,TTYH3,UGT2B15,VGLL2,WNT4,XKR4
564	ADAM29,ADAMTS16,ADARB2,ADGRL3,CDC42BPA,CPM,CSMD1,DAZL,ENC1,ENSG00000257429,ENSG00000257524,ENSG00000287126,FAM98A,FRG2C,FSTL5,GABRA1,GAN,GRB10,GRIK2,KBTBD11,KCNK2,LCP2,LINC02041,MINAR1,MTUS1,MYH10,NAALAD2,NOX3,NUDT4,PCDH10,PCSK2,PRKCA,PRKN,RAP2B,RETNLB,RFPL4B,RGS4,RRAGC,SETBP1,SFRP2,SHC2,SLITRK5,SSBP3,TAFA5,TANC1,TICAM1,TPD52,UBE2E2,ZP4
565	ALDH1A2,AMY1C,ANKRD13A,APBA2,ARRDC5,CAMK2D,CLDN8,DAPK1,DGKG,DMAC2,DSEL,EDIL3,EFCAB2,EFR3A,EMILIN2,ENTREP2,EPHA4,FAM184B,FAM43A,FLRT2,FOXF1,GOLGA7B,GRHL2,GRP,GTF3C3,IFTAP,INTS10,KIF16B,KLK13,LINC01821,MCF2L,MLLT1,MRI1,NDST4,NTRK3,OSBPL10,PCDH15,PCDH7,PIK3CB,PRICKLE1,RASD2,RRBP1,SALL4,SEMA3C,SFRP2,SNAP91,SPRY1,TGFB3,ZNF30
566	ADAMTS12,ADGRD1,ADGRF1,ALCAM,ARHGAP24,BMP4,C7orf33,CDC73,CEP112,CIITA,CIROZ,CLIC5,CRIM1,DPH6,EN2-DT,ETV6,EYA1,FAM81B,FANCF,FSTL5,HECW2,INTS10,IQSEC1,KATNIP,LUZP2,MOXD1,NAV3,PCDH18,PGS1,PI3,PPARGC1A,PRDM1,PRMT6,PTGER3,PTK2,PXDNL,RASGEF1B,RASGRF1,REPS1,RO60,SLC39A8,TBL1XR1,TERF2IP,TKT,TMPRSS15,TMX3,TPCN2,ZFAT,ZNF804B
567	ABTB2,BTBD16,CCDC28A-AS1,CDH9,CFC1B,CNTN5,CRBN,CYRIA,DRD2,ENAH,ENSG00000285572,EPHB1,ESRRG,FAT1,G3BP1,GPR26,IGFBP7,INTU,IPO5,IYD,KLF12,LINC01874,MALRD1,MIPOL1,NCAM2,NMU,NTM,OSBPL5,PAMR1,PHLDA1,PLIN2,POLI,PTPRD,QDPR,RALYL,RASGEF1B,SACS,SEMA6A,SEZ6L,SGCD,SPP2,SUDS3,SYNE1,TBC1D1,TEC,TLR3,VANGL1,ZDHHC14,ZXDC
568	AFAP1,ASCL2,CACNA1C,CD83,CDH4,CNTN6,COL6A5,CYLC2,DPP6,ENSG00000256195,FAM135B,FGF12,FOXCUT,FOXP1,GATA5,GPC5,GRID2,IARS1,IRX6,KCNJ16,KIF26B,LINC01492,LSM7,MB21D2,MDGA2,MGST3,MOBP,MYO16,NUAK1,NXPH1,OGDH,P3H2,PABPC3,PAPSS1,PPP2R3C,RANBP3L,RBPMS,RNF6,SFMBT2,SH3PXD2A,SLC16A9,STIM2,STOML3,TMTC4,TOX3,UBE2E3,UNC13C,VSTM2B-DT
569	ADAMTS16,ADAMTS17,ADRA1A,ASCC2,ATF7IP2,CDH9,CSMD1,CWH43,CYP4F3,DNMT3A,DSCAML1,EGLN3,ETV1,FGF20,FGF9,FHIT,FLRT2,GALR1,GMNC,GPAM,GYPB,IL1RAP,LIG1,LINC00458,LINC01208,LINC01874,LINC02772,MGAT5B,MIR99AHG,MNDA,NFASC,NRXN3,NSG2,NUDT4,PCDH7,PCSK2,PIP5K1B,PLA2G2A,PRDM6,PRKG1,SLC18A1,SLC2A7,SMAD6,STAB2,SULF2,SUN1,TEX55,TMEM220,VIT
570	ADCY2,ALKAL2,ARHGEF10L,ARHGEF26,BRCA2,C8orf34,CACNA1A,COBL,CSMD3,CTNNA2,CUX1,ENSG00000253821,FAM98A,GALNT17,GATB,HS3ST1,KLF14,LINGO2,LUZP2,MAFF,MAPK8,MCAT,MCPH1,MICAL3,NT5E,OTOP1,PALD1,PLEKHG7,POLR1D,REST,RFX8,ROBO1,SEC63,SH3PXD2B,SIRPA,SLC26A5,SNX18,SPRY2,SV2C,SYTL3,TBC1D22A,TBC1D22A-AS1,TBX3,THSD7A,TSNARE1,USP29,XPNPEP1,XYLT1
571	ADGRB3,ANO3,BACH2,CNTN5,COL27A1,CRIM1,CSMD2,CYP11B1,DKK2,DOK6,DPP6,EEFSEC,ENSG00000286975,ENSG00000287996,EPHA5,FBLN2,FLRT2,FRMD4A,GALNT13,GATA3,GPR139,GTF2IRD2,GTF3C1,IFT20,IL4R,LRFN5-DT,LRP1B,MACROD2,NCAM2,PHLDB2,PLA2G4A,PRKN,RALGPS2,RBFOX1,RETN,RGMA,SCFD1,SEL1L,SLC30A8,SMIM3,SYT9,TCERG1L,TENM3,TM9SF2,TSPAN9,WDR11,WWOX,ZFP42,ZNF627
572	ADAMTS7,ADARB2,ASB5,BLOC1S4,BSND,BTBD3,C4orf33,C5orf15,CACNA2D1,CCNG2,CDCA7,CDH13,CHRM3-AS2,CTNNA3,DSC3,ENC1,ENDOG,ENSG00000271949,ENSG00000273550,ENSG00000287117,EPHA6,FAT3,HCRTR2,HLCS,IGFBP7,INSC,LINC00667,LINC01749,LPL,MALRD1,MARCHF4,MRTFB,NDC80,NDUFB5,NKAIN2,NRSN1,PDS5A,PRKN,RBFOX1,RBPMS,RFC3,RIOK2,SCFD1,SLC30A9,ST3GAL1,TMEM37,VANGL1,VAV3,WHRN
573	ACVR2A,AGR3,ANKRD30A,ANO2,ATP1B3,CACNA1H,CD44,CDH11,CDH12,CDH9,CEACAM19,DAOA,DLC1,DLGAP1,DOK6,DTHD1,ENSG00000204850,ENTREP2,EPHA7,ESRRB,EVC2,FGF9,GLI2,GOLGA8M,HEMK2,LINC03021,LRFN2,MRPL42,NOVA1,PAQR6,PCDH7,PKDCC,POM121L12,PPP1R14C,RBM19,RNF150,RNF44,SAMD3,SGK1,SLC39A8,SPINK7,SV2C,TBX20,TOP3B,TOX,UQCRFS1,VAPA,XNDC1N,ZNF722
574	AP2A2,APLF,ARHGEF39,ARRDC4,ATPSCKMT,C2CD2L,CBLB,CGNL1,CLEC2B,CNBD1,CNTN4,COX7C,ENSG00000215156,ENSG00000265542,EXT2,FCAR,HEMK2,IQGAP2,IRX4,ITGA11,KLF6,LINC00210,LINC02055,LINGO2,LYPD6B,MACC1-OT1,MAT2B,MEIS2,MGMT,MN1,NAALADL2,NALCN,NCAM2,NKAIN3,NPIPA7,NSG1,OSBPL3,PCDH7,PTPDC1,PWRN1,SDC1,SGCZ,SLC12A7,SLC39A8,SLC8A2,STK11,TENM4,ZNF385D,ZSWIM7
575	ACVR2A,ARAP2,ARSI,ATP10B,C1QTNF9,C2CD2,CAMK1D,CCDC92,CELF2,CNTN5,CNTNAP2,COL12A1,CRTC3,DLC1,EDIL3,ENPP3,ENSG00000239920,ENSG00000249706,ENSG00000270020,EVA1A,FLRT2,FSTL5,HEMK2,IRX4,JARID2,MAFB,METTL16,MYMX,NAMPT,OLFM1,ORC5,PDE10A,PFDN4,PGLYRP4,PITRM1,PLD5,PRKCQ,PRKG1,RASSF8-AS1,SCRN3,SEL1L,SEMA3C,SLC25A21,SPATA13,TMEM100,TMEM114,TRIM67,YWHAQ,ZNF492
576	AATK,ADGRL3,AMPH,C1orf174,CBR4-DT,CCDC85C,CDH13,DSTN,ENSG00000233633,ENSG00000287578,EPHB1,FNDC1,FOXG1,FRY,FSHR,GRM7,H3-3A,HS6ST1,IFTAP,ITPRID2,LDB2,MARCKS,MCTP2,MGAM,MRPL23,MSX1,NARS2,NCOA3,NDUFA4,NEK7,NFKBIZ,OPRM1,RAB20,RGMA,RIMS1,RMI2,RNASET2,SEMA3D,SMARCA2,SMOC2,SPOCK3,ST8SIA2,THEM4,TMED3,TMEM132E,UGT2B7,USP25,XYLT2,ZNF521
577	ACCSL,ACTR3,CBLN2,CDH12,CDH2,CEMIP2,CTNNA3,CXADR,DUSP4,ELAC1,ENSG00000188897,ENSG00000237378,ENSG00000289439,EZR,GAS7,GPC5,GRIN2A,IPO8,IZUMO3,KCTD16,KLHL29,LINC02325,LYRM2,MAT2B,MSI2,MYL2,PADI4,PALLD,PCDH7,PDZD2,PKDCC,PRPF31,RBFOX1,RREB1,RTL1,SEMA3D,SERP2,SIAH3,SLC30A9,SLC35F3,STEAP1B,SVEP1,TFAP2A,TMEM114,TRAV4,TTC7B,TUSC3,ZNF169,ZNF385D
578	ADGRL3,ALDH7A1,BEND4,BNIP3L,CCNG1,CDH4,CDYL,COL23A1,DGKB,DOCK1,EHF,ENSG00000267383,ERICH1,FAM241A,FGF14,FREM2,GABRA1,GLRA3,GSG1L,HS6ST1,IFTAP,IRX1,KMT2E,LINC01139,LMBRD1,LRRIQ3,MAML3,MAP3K7,NALCN,NR2F1,OLFM3,PDE4B,PRKG1,PRRX1,PWRN4,RGMA,RNASE9,SDR39U1,SEL1L2,SLC45A1,SMIM21,TBX5,TMEM64,TMTC1,TWIST2,UNC5B,YBX3
579	ADCY9,AMPH,ART5,AVPR1A,BNIP1,CALN1,CHRDL2,DPP10,FANCM,FBN2,FERMT1,FLRT2,FMNL2,FSTL5,FUT9,GOT2,GRM7,HKDC1,IL20,ISX,KCTD12,KLF3,MAVS,MEX3C,MGAT4C,NAF1,NCAM2,NOL9,NRIP1,NTRK2,PYHIN1,RAB28,RGS17,SCARB1,SERPINA11,SGCG,SLC16A7,SNAP25,SNTG1,SOX11,ST8SIA4,SV2C,TBX19,TNFRSF13B,TNNI1,TNS3,WSCD1,ZNF85
580	ALCAM,AMPH,ANGPTL6,APBA2,ATOH1,CCND1,CDK1,CLPTM1L,DDX18,EFCAB6,ENSG00000284686,ENSG00000288109,FAM20A,FARS2,FGF1,FLVCR1,FRRS1L,GRASLND,GTF3C5,HAS2,HMX1,INTU,KHDRBS3,KNG1,LINC03072,LPP,MAFB,MARCHF1,MGME1,MINAR1,MUC19,NTRK3,OR8A1,OTUD1,PABPC4L,PCM1,PLPP4,PSD3,PSMA6,RYR2,SALL4,SERPINE2,TMEM170B,TMTC2,TNFSF13B,VWF,ZBTB18,ZNF845
581	ABI1,ADARB2,ARHGEF10L,ATP9B,CSMD2,DENND10,DLC1,ENSG00000237529,ENSG00000248752,ENSG00000287136,EXOC2,FGFR1,FOXC2-AS1,GOLGA8A,HDDC2,HTT,KCNH5,KDM4B,LCE3E,LRRIQ3,LUZP2,MAGI2,MSR1,MYLK4,NALCN,NRXN1,NXPH2,OCA2,OTOR,PARP4,PCDH15,PCSK5,PGS1,PLPP2,PNPLA3,PTPRD,PTPRM,PTPRT,SGCZ,SLC25A24,ST3GAL1,STARD13,STARD3NL,STX8,TBX3,TENM3,UBE3D,VSTM2A,ZNF695
582	ADCY8,AK3,AMTN,ANKRD30B,ANKRD33B,ARG1,BBS2,CDKAL1,CPLX2,DSCAM,DTWD2,ELAVL2,ENSG00000268797,ENSG00000276093,ENSG00000286893,FGF2,FRMD4A,FRMD6,GALNTL6,GUCY1A1,IQSEC1,LINC00662,MARCKS,MROH7-TTC4,MS4A4A,MTSS1,NAALADL2,NRSN1,NRXN3,NSUN2,OCA2,OPRM1,OSGIN1,PID1,PPFIBP1,PTBP2,PTPRU,SORCS1,SPADH,SPHKAP,STAB2,SYT15B,TBL1XR1,TENM4,TMEM45A,XPNPEP1,ZCCHC14,ZNF385D,ZNF804B
583	AP3S2,APOLD1,ARHGAP22,ATP8A2,ATXN1,CDC14C,CDH23,CSMD1,DCDC2C,EFNA5,ENSG00000235007,ERI1,GCFC2,GOPC,IADEN,INTS9,JAKMIP2,LINC01800,MACROD2,MGMT,MMP27,NDN,NEGR1,NOS1AP,NUF2,OXSM,PARD6B,PDZD2,PITRM1,PSMA8,QKI,RAD23B,RASGEF1B,RBPMS,RIPOR2,RNASEH2B,RWDD3,SAMSN1,SGCD,SLC10A2,ST18,SYNE3,TAFA5,TEX51,TMEM268,TRPC6,UBASH3A,UBASH3B,VWDE
584	ADAMTS16,ADGRL3,ARHGEF35,ARPC2,ASIC5,BATF,CATSPERE,CDC73,CDIN1,CRYZ,DDHD1,DMBT1,DSP,EDNRB,ENSG00000289193,ERCC4,FLT3,FLYWCH2,GATA3,GPR158,IFNE,IRAG2,ITSN1,KIAA1217,KLHL1,LIMK1,LINC02350,LMO3,LY86,MAPT,MRPS18C,MSR1,NBAS,NMT1,NPAP1,RIPK4,SLC12A8,SLC24A2,SMAP1,SOX4,STK39,SUN1,TENM4,TENT4A,TULP3,USP44,WDR72,ZDHHC2,ZFAT
585	ACTR3,ADGRL2,ATP1B1,BCL2L13,C16orf82,CCDC110,CCDC159,CCDC179,CLDN5,CNTNAP2,CPXM1,CYB5R1,EIPR1,ENSG00000272297,ENSG00000279668,EPHA7,FBLN2,FBXO15,FRMD4A,GALNT18,GJA1,GRIP1,KDM4C,KLF6,LBH,LINC03072,MACROD2,MEOX2,MMP27,MYH13,NAALADL2,PCDH18,PGM1,PIWIL3,PRMT3,PRMT6,PTER,PTPRG,RGS6,SESN1,SIM1,SOCS6,SPRY1,SYNE3,TPT1-AS1,TSNARE1,UBXN2B,WSCD2,WWOX
586	ADGRL3,BCL11B,BRWD1,C12orf75,CACNG4,COP1,CRIM1,CTNNA3,CWC22,ELMO1,ENSG00000254706,ENSG00000271843,ENSG00000285838,ENSG00000288775,FAM117A,FHIT,FZD10,GDNF,KCNA5,KCNK3,KCNT2,LSAMP,MED13L,METTL4,MIR2052HG,MRPL23,MSR1,OR8S1,PLB1,PLCB1,PLXDC2,PNMA2,PTH2R,PTPRT,RASGRP3,RBFOX1,SCG2,SGCZ,SLC22A3,SLC8A1,SMIM31,SPIN1,TAFA2,TEKT3,TMX3,TRIB2,UTP18,VEGFC,WNT5B
587	ACER3,AMY1C,ANKRD7,ATP5F1A,BOD1,CDH18,CFAP96,CGNL1,CRMP1,CTNNA3,DDC,DIPK2A,DMBT1,EEF1E1,ELAVL2,ENSG00000286787,FAM107B,FAM174B,FAM221A,FARS2,GBA3,HS6ST1,LINC01504,LINC02018,LPIN2,LRRC4B,LRRC4C,MED13L,MSR1,NCMAP,NUB1,PCDH20,PIK3C3,PRKN,PSAT1,RP1L1,SAMM50,SLIT3,SNX13,SPCS3,SRBD1,ST8SIA4,TAS2R16,TBX18,TRG-AS1,VPREB3,WDR49,ZFP42
588	ANKRD30BL,APBB2,ARHGAP28,ARSJ,ASB13,ATP6V1C1,BOLA1,BRINP1,C5orf58,CAMK1G,CD3D,CDH6,CECR2,CFAP61,CRYBA4,DNA2,DOK5,ETS2,ETV6,FRY,FUT8,GNAZ,GOLM1,GRHL3-AS1,GRM7,KCNE4,KCNIP4,KLK4,KRTAP11-1,MAILR,MAN1C1,MAT2B,MEGF10,PDE10A,POFUT2,PRKG1,ROBO2,RTN4R,SDC3,SFRP1,SGCZ,TAFA2,TMEFF2,TMEM196,TMEM270,TMEM64,TSPAN9,UNC5CL,VSTM2B
589	ADAM12,ANTXR1,ARID1B,ARL4C,BMP2,CEP112,CHRNA2,CLIP4,CLYBL,CSMD1,CTNNA3,CWF19L2,EFNB2,ELMO1,ENSG00000244706,FAM163B,FMN2,FUT8,GAS1,GPC6,GRIK4,HPF1P1,KCNJ14,MB21D2,MORN5,MRPL54,NDRG2,NEIL3,NKAIN3,NLGN1,NRSN1,OAS3,PCDH18,PLA2G4A,POTEJ,POU1F1,PPARGC1A,PPM1K,PRKCA,RMI2,RNF213,SGO2,SH3TC1,SLC43A2,SLC7A1,ST8SIA5,THBS2,TRANK1,WWOX
590	ADAM7,ADGRA3,AGFG1,AMBN,ATXN1,BFSP2,CARD18,CELF2,CHST2,CLIP2,COL4A2,DEPDC1,DIPK2A,DMRTA1,EDEM1,FAT3,FSTL5,GALNT18,GLRB,HS3ST3A1,IQGAP2,KANK4,KIF16B,LINC00343,LINC02449,LINC02614,LINGO2,LRIG1,MEIG1,MYLK4,NAE1,NDST4,NDUFAF1,NLGN1,NOCT,OAS1,PLXNA4,PPP2R5E,PTPRD,RAB4A,SFRP2,SH2D6,SIX3,SLC10A2,SNHG18,TAFA1,TBX20,TMEM230,TRDN
591	ADCY8,AKR1C3,ANK2,APELA,ATP11B,BCL11B,BTBD10,CDH6,CDKN2A,CHD2,CIBAR2,CLVS1,CNTN6,COPRS,CPN1,EYA4,FGF14,FGF20,GALR1,GM2A,IMPA2,IPO8,IRAK1BP1,KCNT2,KLHL9,MRPL18,MRPL42,MSR1,MYO16,MYO5B,NFATC2,PCED1B,PGBD4,POLD2,QRSL1,RAD51AP2,RHOU,RNASEL,SCGB3A1,SHQ1,SIGLECL1,SLC10A2,TAF8,TMEM132D,TNFAIP8,TOX3,TRPC4,TTC29,ZPLD1
592	ADAMTS14,ADGRD1,AGA,AQP4,ARID1B,ATP6V1E1,ATP9A,BCLAF1,CA10,CMTM8,CPPED1,DLGAP1,DOK6,EDIL3,ELAC2,ENSG00000251339,GALR1,GLB1,GPC5,IGSF11,JAML,JARID2,KCNB2,KDM4C,LINC03067,LPP,LRATD1,LRRK2,MBTPS1,MYCBPAP,NDUFA10,NELL2,NPAP1,PGS1,PIRT,PLCL2,QKI,RPS6KA2,RYR3,SDHAF3,SLC30A1,SLITRK6,SPATA20,TECTB,TLE3,TLE4,TNC,VIPR2,ZMYND8
593	ADCY1,AKR1C3,AOAH,AUTS2,BARD1,BMPR1B,C16orf82,CAMK4,CHML,CRYZ,CYP19A1,DNAJB6,ENPP1,ESRRG,FH,GPR42,HACE1,HERC2,HMGB1P1,HSP90AA1,IQCM,MCPH1,MGMT,MPP7,NAALADL2,NCAM2,NINJ1,NINJ2-AS1,OTOP3,PLEKHM3,POU2F3,PREX1,PRKCB,PRR35,RBFOX1,RCAN3,SESN3,SIGLEC12,SLC39A11,SNTG1,SPATA31C2,STUM,TMEM235,TNFRSF8,VLDLR,WSCD1,ZMYND8,ZNF195
594	ACIN1,ADAMTS17,ADCY8,AJAP1,BOD1L1,CADM1,CBLB,CDC73,CDH5,CHST11,CNTNAP4,COL13A1,COL4A1,CPXM2,CWC22,DDX11,ENSG00000232234,H6PD,HEATR5B,HSPA12A,IDO2,LINC02445,LRRC4C,MGLL,MTHFS,MYT1L,NAALADL2,NAMPT,NEK10,NKX1-2,NRG1,NYAP2,ORC5,PER2,PHACTR4,PIWIL2,PLXNA4,RAB6C,RWDD2B,SEMA3C,SI,SPRY2,SSTR4,STK17A,TLR1,TPM4,TRIM5,TRPS1,WNT7A
595	ACKR3,ALDH1L1,BRINP3,C12orf43,C16orf82,C16orf96,CACNA1S,CACNA2D1,CCDC179,CELF2,CENPS,CNTN6,CRMP1,CSMD1,ENSG00000283674,ETV1,FSTL5,GPC5,IPO8,KCNMB2,KLHL1,LINC02814,LRATD1,MEF2A,METTL4,NBN,NMT1,PAPPA2,PCDH7,PDX1,PROK2,QRSL1,RNF145,RNF6,RPAP3,RSPH14,SAMD4A,SHH,SI,SMYD3,SPHKAP,SPIN1,STEAP1B,TBX3,TPSAB1,TRPC6,UST,VAPA,XAF1
596	ADGB,APOBEC3B,ARMC12,AUTS2,BCL11A,CAPN1,CDH13,CGNL1,CLVS2,CNTN5,CTDP1,DCDC2,DTNBP1,ELP1,EN1,ENSG00000225218,ENSG00000285471,EYS,FAM181B,FANCA,FAT1,FSHR,HACE1,LUZP2,MS4A6A,MYO5A,MYO9B,NAALADL2,NCAM2,NOVA1,OR4E1,PLEKHA8,PM20D1-AS1,RGS7,SCGB2B2,SLC28A3,SLN,SNRPB2,SORCS2,TBL1XR1,TIAM1,TLL1,TMCC3,TMEM132C,TNRC6C,TPD52L1,TRIB1,USP25,VPS13C
597	ACTL8,AHR,ALDH1B1,ANO3,BSDC1,C7orf33,CACNA2D3,CARTPT,CDH6,COBL,CPAMD8,CXXC4,DDHD2,DGKB,DHCR24,DPP10,ERCC4,EVA1A,FAM220A,FAM98A,GP2,HS6ST1,JARID2,KCNMA1,LCN9,MED13L,MRPL21,MRPL39,MYO16,MYO3B,NCAM2,NEDD9,NID2,PCDH9,PDE10A,PLAC8,PNPLA3,PPFIA4,PRRX2,PSG5,PTPRR,PXDNL,SERP1,SLC12A8,SYNDIG1,TIPIN,TMTC1,UNC5D,YJU2B
598	ATAD3B,ATE1,CACNA1S,CATSPERE,CCZ1B,CD80,CNTN5,CREB5,EPN3,ETS1,FGD4,FOXI3,FSTL5,GALNTL6,HS3ST3A1,IGSF21,ITPR1,KAZN,KCNT2,LINC00662,LZTS1,MAML3,MED13L,MTMR10,MYO16,NALF1,NPS,NRXN1,OLFML2B,PCGF5,POU2AF2,PRDM5,PRMT6,RAB11FIP2,RIPOR2,RTN4,SCFD2,SLCO5A1,SORCS1,SRSF12,SSTR4,ST6GAL2,STIM2,TNPO1,UGT2B15,UGT2B4,VAPA,WWOX
599	ADGRL3,ANKEF1,BRINP1,CBLN2,CCDC179,CCND2,CES1,CTNNA2,DCLRE1C,DSEL,EDEM1,ENTPD5,EPDR1,FOXB2,FSTL5,GABBR2,GAS5,GRM8,GSE1,IQCN,ITIH2,KLHL1,LINC01239,LRATD2,METTL4,MMP14,MPHOSPH6,NBAS,NDUFA4,NEDD4,NT5E,OPCML,PDP1,PRELP,RNASE3,SCLY,SDHAF3,SH2D4A,SIM1,SLC26A3,SNTG2,SOX11,TACR3,UNC5D,VGLL4,VRK3,WARS1,XXYLT1,ZNF888
600	ACAD8,AMPH,AMY1C,ANKS6,ARL4A,ATP10B,AVPR1A,BRINP3,C8orf90,CCR2,CDH11,CDH13,CNR1,CNTN4,CST7,ELAC2,ENSG00000233735,FMN2,FNDC1,FOXN3,FTO,GSE1,HAPSTR1,ISOC1,JAG1,L3MBTL4,LHPP,LINC01315,LRRN1,LSAMP,MAD1L1,MYT1L,NCAM1,NOX3,NPY,PMP22,RBM23,RIN2,RNASET2,RNF182,SORCS1,SOX9,SYNE2,TACC2,TCERG1,TM2D1,UGT2B15,WDR41
601	ADAMTS20,ADCY1,AGPAT3,AKR1E2,ALCAM,AMY1C,ARNT2,CANT1,CCDC102B,CD9,CELF2,DYNLRB2,EMCN,EMID1,ENSG00000253321,FOXK1,FRMD4B,GALNT14,GALNT17,GHRL,GLI2,GNAT3,GREM2,GSDMC,HSDL2,HUNK,ITGB6,KCNG1,KDM4C,LMF1,LZTS1,MEG8,MRPS6,MRTFB,MYOM2,NEDD1,NPHP4,NSG2,PALM2AKAP2,PMP22,RWDD3,RYBP,RYR2,STEAP1B,STK32C,TBC1D32,UNC13C,XYLT1,YES1
602	ADAMTSL1,ADGRL3,CCT8,CDH10,CIDECP1,CNTN6,CPNE3,CTSO,CYLC2,DEUP1,DGKI,DISP3,EDIL3,ENSG00000226409,ENSG00000227718,ENSG00000288973,FBLN5,GRP,GRXCR1,IQCM,KCNIP4,KSR1,LHFPL6,LINC00667,LSAMP,MGAT5,NCALD,PI16,PLXNA2,RBFOX1,REG3G,RHOBTB2,RNASE6,SAMHD1,SHISA9,SLC4A7,SNX29,SNX9,SPRY2,SRSF6,TEX101,THSD7B,THUMPD2,TLN2,TMEM230,TPO,WDR64,WFDC3
603	ABRACL,ACTR3,ADAMTS17,AJAP1,ALX1,ANXA10,CC2D2A,CCDC59,CCL1,CEP44,CLIC5,DCC,DNAH11,DSC3,DYNC2H1,ESR1,EYS,FAM98A,FHIT,FLRT2,GRM3,HDDC2,HEXB,HNRNPH1,ICE1,IGFBP7,KLHL1,LINC01927,LINC02147,LRATD1,LRFN5,MACROD2,MATK,MEOX1,MSR1,MTCL1,NAALADL2,OTUD7A,PARP12,PCDH7,POTEC,RGS6,RPL3,RPL38,STPG2,TOX2,WDR64,WRAP73,ZBTB8A
604	AADAT,ADGRD1,ANKH,B3GALT1,C8orf34,CDC37L1,CEP112,CLDN24,CRBN,CSMD1,ELMO1,FAM98A,FAR2,FARS2,FGF9,FMN2,FRMD1,GAREM1,GPR12,GRIN2A,HEMK2,HES1,HMGCS2,KCNK10,LINC01839,LINC02147,LINGO2,LZTS1,NCAM2,OLFM4,OPRM1,OR51V1,PIK3C3,PPIE,PRR20G,PRR5,PSG7,PYROXD1,SCGB3A2,SH3PXD2A,SIM2,SLC39A10,SNCAIP,SYF2,SYN3,TECRL,TMPRSS11D,TRPC4,ZNF697
605	AASDH,ABCC4,AFAP1,ANGPT1,CBLB,CBY2,CCDC3,CCDC66,CDH23,CEP152,CRLF1,CST1,CTXND1,DENND5B,DGKB,DNAH5,ENSG00000285669,FGF12,FNDC3B,GMDS-DT,GRHL2,HELT,HS3ST4,HTATIP2,ISG20,LZTS1,MAT2B,MCPH1,MKI67,MYCN,NCAM2,NEO1,PCDH15,PKIA,POU3F1,PRICKLE2,PTPRU,PYROXD1,RAB17,RFX3,SNTB1,SYNDIG1L,TBX3,TLL1,TMEM132C,TNFSF18,TUB,VWC2,ZNF334
606	ACTR3,ADGRD1,ADRA1A,ARHGAP27,BCL11B,C8orf34,CAND1,CDH9,CLEC3A,COL15A1,CXCL12,DDX60L,DLGAP1,FBLN2,GALNT13,GALNT18,GPD1L,GPM6A,GRK4,HMX1,HS3ST2,IL16,IRX4,KCNE1,KHDRBS2,KIF2B,KLF12,LINC01495,LRP1B,LUZP2,MACROD2,MATN2,MBL2,METAP2,NALF1,NPAP1,NPAS3,OLFM3,PCDH9,PP2D1,PRKN,PTPRM,RAI14,SLC35A5,STAM,SWT1,SYN3,TSPAN18
607	ACO1,ACOX3,CCDC107,CNOT7,CSMD1,CST3,DNAJC5B,EEA1,ENOX1,ENSG00000235726,ENSG00000241449,GAS1,HECW1,HS3ST1,HTATIP2,IBTK,IMMP2L,IRAG1,IRS2,JAG1,KIF26B,LINC00559,LINC03000,LTBP4,LZTS1,MPRIP,MYO3A,NCAM2,NDUFA4,NPAS2,OPCML,PAPPA,PCDH7,PHC2,PTPN13,PTPRD,PUM1,RASEF,SNX19,STOX2,TENM4,TMEM132C,TTC39B,TYRP1,ZC3H7A,ZHX2,ZMIZ1
608	ADAMTS2,ADGRB3,ADIPOR2,ALK,ASIC2,BAHCC1,BCR,CIROZ,COG6,CORO7,CSMD1,CTH,CTNND2,ENDOD1,ENPP6,ENSG00000273167,EYS,F3,FAM174A,FRMD1,GADD45A,GALNT18,GPC5,GRM7,ID4,IRAG2,KBTBD11-OT1,LRP12,MANEA,MARCHF11,MMP27,OTULINL,PABPC3,PARD3,PDSS2,PHF24,PLPP3,RNF216P1,RPGRIP1L,RPRM,SLCO4C1,STIM2,THSD4,TLL1,UBE3A,WDR1,WLS,XXYLT1,ZNF385D
609	ABHD4,ALDH4A1,ANKMY1,ANXA13,BRDT,CCND3,CCPG1,CPN2,CSMD1,DAZL,DGKB,DOK6,ELOVL6,ENPP6,ENSG00000235152,ENSG00000289628,FRG2C,GATA3,GOLGA6L6,HMGN3,HS3ST4,IL1RAP,IRX2,KIF4B,KLF14,KLF4,LCORL,LINC02517,LPAR1,LRRC4C,MGAT5,NALF1,NWD2,PADI2,PDE1C,PLD5,POPDC3,POT1-AS1,PRKG1,SLC35D3,SNX18,SYT10,TGFB2,TYRP1,UNC13C,UTRN,VGLL3,ZNF160
610	ADRA2A,ASPH,C8orf34,CCDC42,CCT3,CDH9,CTNND2,CYLC2,ENSG00000263655,ETS2,ETV6,GMNC,GRIFIN,GRIK4,GRM5,IFT88,KLF14,LDHA,LINGO2,MYO10,NAV2,NCAM2,NDRG1,PARVB,PLA2G4A,PM20D1,PRR20E,PXYLP1,RBMS3,RNASEH2B,RNF145,RPL21,SERHL2,SHISA9,SNRNP35,SSBP2,SYNDIG1,SYNGR1,TMEM132C,TNFAIP3,TNP1,TPK1,TRIB2,TRIM33,ZNF516,ZNF521,ZNF761,ZNF804B
611	ADRA2C,AKR1D1,ANGEL1,ANO3,BASP1,C19orf12,CAMK1D,CHN2,CSMD3,DLGAP2,DNAJC13,DSCAML1,DTL,DUSP10,ENSG00000266106,ENSG00000273448,ENSG00000284686,FAT1,FLRT2,GADL1,GPC6,IL20RA,KLRC1,LINC02268,LSAMP,MPP7,NUP43,PCSK2,PDSS1,PEPD,PTPRD,PXDN,RASSF9,RBPMS,SAMD4A,SARS1,SEMA6A,SLC1A3,SLC6A11,TOX3,TRIB1,TTC27,UNCX,USP12,WDR64,WWOX,ZNF596
612	AP1S3,APBB2,ARHGAP21,BBS2,CARD11,CCDC88A,CLIC4,DGKI,DOK5,DRD1,ECI2,EGFLAM,ENSG00000206356,ENSG00000286580,EVL,FLRT2,GOLGA8B,HHAT,KCNMA1,KLF4,KLF6,KLRG2,LGALS9,LINC02506,MACROD2,MCF2L2,MMP16,MTRR,MUC20-OT1,NET1,OSBPL10,PCBP3,PLCB1,PTPRD,PTPRM,SCNN1B,SLC39A8,SNX16,SNX31,STX8,SULF2,TLCD4,TMEM260,TMPRSS15,UCN3,VRK3,ZNF519,ZNF85
613	ABHD17C,ACAN,ACVR2B,ARHGAP21,ARID1B,CDH13,CHD7,CLNS1A,CPVL,CYP4F12,DROSHA,ENSG00000258881,ENSG00000287364,FAM110B,FAM135B,FNDC3B,FOXA2,GPC6,HIVEP3,IGFBP7,ITIH5,LARP7,LINC02772,MDGA1,METTL4,MFGE8,NOL8,OLFM1,PCDH15,PCDH18,PDZRN3,PPP2CB,PTPN1,RGMA,RHCG,RNF6,SCML4,SLC7A8,SMIM30,SPRED2,STOX2,STX8,TBX20,TRIM44,TTLL11,UNC13C,WNT3A,ZBED5,ZNF846
614	ADAMTS16,ADGRL2,AGA,AGBL1,BCL11B,CACNA1D,CBLN4,CCND2,CD163L1,CNTNAP5,COMMD6,CSMD1,CXCL5,ENSG00000205959,ETS1,FAM135B,FAT4,FRY,GFRA2,GPR26,HS3ST4,IGSF21,KAT14,KAZN,LRATD2,LRRC3B,MINDY4B,MMP26,MPC2,MRGPRF,MSI2,MUC22,MUC7,PSMB9,RFC3,RP1L1,RPTOR,SDC3,SEPTIN5,SLC7A8,STARD13,SULF2,SYNJ2,TAFA4,TIAM2,TUSC1,UBE3C,UNC5D,WWOX
615	APOLTP,BAMBI,BAZ1A,CAPN9,CDH11,CDH8,CNR1,CNTN5,COL4A2,CXCL3-AS1,DDX60L,DNAJC10,DSC1,DTNBP1,DUSP18,ENSG00000250971,ENSG00000254447,ENSG00000267149,ENSG00000270321,ENSG00000271947,FABP6,FHL2,FSCB,GDNF,GOLIM4,HEMK2,HKDC1,KCTD9,KLLN,LINC01252,LINC02055,LORICRIN,LOXL2,LRGUK,LRIG2,LRRC27,MAGI2,MEG8,MTSS1,NCAM2,NELL1,PROX1,SH2D4A,SLCO5A1,SULF2,TCERG1L,TSPAN5,WNT11,XYLT1
616	ACAD8,ACTR3B,AJAP1,ALDH1A1,ANG,ATP11A,BANF2,C1GALT1,CAST,CKAP4,CNTN4,ENPEP,ENSG00000255983,ENSG00000258526,ENSG00000285684,ERBB4,EYS,FAM20C,FAM90A15,FOXF1,GPR158,GREM2,HNRNPA1L3,HS6ST3,ID2,LRRC7,LSG1,MAP2K4,MAP9,MCF2L2,MFHAS1,NDN,NDST4,OR3A2,PCDH18,PDIA5,PDZRN3,PIEZO2,PLOD2,PTPRD,PTPRO,QSOX2,RP1,SCGB1A1,SHISA6,SMOC2,STON1-GTF2A1L,TMEM178B,USP31
617	ACADSB,ACOD1,AGBL1,APBA2,C2CD2,CABS1,CPEB2,CPVL-AS2,CRIM1,DIRAS2,DNAH5,DPH6,DSP-AS1,ENSG00000272825,ENSG00000283563,FKBP1C,HDHD5,HERC4,HULC,LDLRAD4,LINC01163,LRFN5,MACC1,MRPL51,MTPN,MTSS1,MYO18B,NCKAP5,NDUFA4,NEBL,NLGN1,PAMR1,PARD3,PCDH7,PIP5K1C,RHBDF2,SDC2,SLC12A8,SLC37A3,SLITRK1,SOCS6,SOX4,SULF2,SYCP2L,TAGAP,TCERG1L,TRIM9,TSHZ2,TWIST2
618	AGPAT4,ANO3,BCL11B,BORCS5,C4orf50,CAPS,CCDC102B,CELF2,CNTN6,COG6,DUSP4,ECHDC3,ENSG00000287225,EPHA7,GGTLC2,GLRX3,GXYLT1,H3-5,KRTAP19-8,LCORL,LGALS8,LHX5,LINC01320,LINC02150,LINC03125,MTPN,MTUS2,NEDD1,NEK10,NOS1,NOX3,OTX2,PLSCR4,PRKD1,PRLH,PTCH1,PTGER4,RERG,RHCG,SGIP1,SLC39A10,SORCS2,STRIT1,SULT1C2,TIAM1,TMEM106B,TPM2,VRK1,ZNF232
619	AJAP1,ALDH3A1,ARAP2,BACH1,CADM1,CAPRIN2,CERS3-AS1,CHORDC1,EIPR1,EN1,ENSG00000257398,ENSG00000263618,ENTREP2,EPB41L4A,FCRL5,FTMT,GALR1,GATA3,GPR139,GRIA2,IGFBP3,JRKL,KHDRBS2,MCTP1,NALF1,NAMPT,PDIA6,PIAS1,PLCB4,PPFIA4,PPP2R2A,PRAG1,PSG6,QPCT,RBM26,RBMS3,RNASE3,SDHAF3,SFMBT2,SLC10A2,SLC9A9,SYN3,TCERG1L,TMEM178B,TMX3,TRAM1L1,TRIM5,TTK,ZNF385D
620	ACTRT2,ADCY5,APCDD1,API5,ATP8B2,BTG1,CAMKK2,CAST,CCBE1,CDH2,CLIP2,CSMD1,CST8,CTSD,CTSO,DMTN,ENSG00000287001,EPHA7,ERAP1,FBLL1,FSTL5,HNRNPH1,IL34,IPMK,IRX1,KAZN,KCNG1,MCTP2,MN1,NAT2,NCOR2,NLRP5,OR3A2,PGM1,PRR16,PRR20A,SGPL1,SLITRK1,SOWAHB,SOX17,SRGAP3,TTC39B,UNC5B,USP22,VIM-AS1,WNT2B,XKR4,ZHX2,ZNF281
621	ACO1,ALDH1L2,ARHGAP12,ARHGAP40,ATP1B1,BNIP5,C14orf132,CCDC112,CDS2,CEACAM19,CEP112,CNIH3,CNKSR3,CNTNAP2,CPM,CTSL,DMRT2,DNAH5,ELOVL5,EN1,EPB41L4A,ERICH1,FAS,FBXO15,GATA6,GPRC5A,GPSM2,GRIK4,MBL2,MRGPRG,NEUROG3,PCDH7,PLA2G4A,PRCP,PREP,PRMT6,RAB28,RNF32,ROBO2,SCN7A,SEMA6A,SLCO2A1,SLITRK5,SOX4,TLE4,TRIM5,TTC7B,ZFAT
622	ABCC1,ADCY2,ARHGAP28,ARRB2,ASIC2,B3GAT2,BANF2,CACNA2D3,CDH9,CEACAM20,CHRM2,CNTN6,COTL1,CSMD1,CSMD3,DPP6,ELP2,ENDOG,EPHA4,FAM3B,FAM98A,FEZ2,FMN1,FREM1,GLUL,HS3ST4,LDLRAD3,LEMD1,LRRC49,MANBA,MN1,NPAS3,PABPC1L,PAG1,PCDH20,POLR2J2,PREX2,PRKAG2,RWDD3,SLC39A10,SLITRK6,SPRED2,SRGAP3,TLE4,TULP4,VWC2,ZFAT,ZMAT4
623	ALG1L2,ATP9B,B4GALT1,BNC2,C16orf95,CFAP144,CLPTM1L,CYP26A1,DAP,DLGAP1,ENSG00000259060,FOXO1,FSTL4,GALNT18,HRH1,IGFBP7,IRF8,IRS2,ISOC1,ISX,KHDRBS3,LINC00222,MAGI2,MIR122HG,MRPS22,NAALADL2,NAV3,NCAM2,NFATC2,NUBP1,PCDH7,PDGFD,PLXDC2,PSAT1,RARB,RASL11A,RGS1,ROBO2,SLC35B3,SLC36A1,SLC4A3,SORCS2,SPDYE1,SPON1,TNKS2,TP63,URB2,VSTM2A,YWHAQ
624	ADAMTS3,ADGRL4,AVP,CBLN2,CBLN4,CDH11,CDH13,CENPF,CEP55,CNTN4,COLGALT2,DCC,EBAG9,ENSG00000267462,EYS,F13A1,FAT1,GATA3,HAO1,HHAT,IRF8,LAMB4,LINC02251,LINC03018,LITAF,LRP12,MSX1,MUC12-AS1,NAF1,NPFFR2,OLFM4,PDE6H,PDGFC,PLPPR5,PLXDC2,RHOU,SEPTIN9,SERINC5,SERPINB8,SERTAD4,SGCZ,SLC10A2,SLC1A1,SLC36A1,TBC1D1,TMEM183A,VEGFC,XCL2
625	ADAMTS12,ADCY2,BMP2,CACNA2D3,CNGA1,CPNE5,DACH1,ELP5,ERC2,ERO1B,EXOC3L4,EYS,FAM98A,FARS2,FSTL5,GALR1,GJA1,GNAS,GRK7,GUCY1A2,IGFBP7,ISOC1,KCNQ1,LAMA2,MCF2L2,MDGA2,MMP26,MOXD1,MRPS9,MYDGF,NBPF3,NEUROG3,NOVA1,OSBPL5,PCDH20,PFKP,PMM2,PTPRM,RASL11A,SCLT1,STK10,SUCLG1,TLN2,TMEFF2,TRG-AS1,TSPAN9,VAV1,XIRP1,ZNF804B
626	ABCB5,ACIN1,AGAP1,APLF,ATOSB,BRINP3,C6orf132,CACNA1E,CDH6,CDKAL1,CITED2,COPS8,DHTKD1,DLD,DYRK2,ENSG00000288302,EXOC5,GLT1D1,GOLGA5,GPC5,GTF2F2,IGFBP7,IL26,IRX1,IZUMO3,KATNAL1,LIG4,LINC00578,LUZP2,MAP3K7,MBL2,MYBPC1,MZT2B,NCAM2,NDUFA4,NEBL,NREP,PFKP,RBFOX1,RGPD3,RPRM,SERPINB11,SLC1A1,STK39,TIAM1,TMEM108,TYRP1,UST,WDFY3
627	ACSL1,ADGRL4,ATP11A,BANF2,BCCIP,BPNT2,BTG3,CCDC136,CDH19,CLCNKB,CNTNAP5,CRELD2,CRYBG3,CSGALNACT1,DMAC1,DPP10,ENSG00000237320,ENSG00000261468,FSTL5,HGF,KAT14,KIF26B,LMCD1,MAVS,NAMPT,NETO1,NLRP11,NPHP4,NRIP1,OR10G2,OR5AN1,PHACTR1,PITX1,PLB1,PRKCA,PRKG2,PTH2R,PTPRD,RELN,ROBO2,SLC34A2,SMAD6,SMOC2,TESMIN,TRPM8,TTK,UBC,ZBBX,ZFPM2
628	ADRA1B,ANTXR2,ASB3,ATP2B4,ATP8A2,BTBD3,CACNA2D4,CDH9,CHORDC1,CNTN5,DSCAM,EDNRB,ENSG00000237378,ENSG00000260711,FIBCD1,FMNL2,FSCB,GRIP1,GRM8,HACE1,HNF1B,HS3ST4,LINC01257,LINC02884,MBIP,MRPS27,MSH2,NKAIN2,OR5AU1,PCDH15,PLSCR2,PNPLA3,PPARG,PRR5,PTER,RBFOX1,RDM1,SALL3,SGCZ,SMARCA2,SNX13,SRGAP3,STON2,TAFA5,TNK2,TPM4,ZBBX,ZFP64
629	ABLIM2,AFDN,AKR1B1,ALCAM,AUTS2,CAMTA1,CBS,CBX2,CNOT7,CSMD1,CYRIB,EPHX2,ERCC4,EXT2,FBN2,FERMT1,FTO,GRM7,IRAK1BP1,LINC00377,NCKAP5,NEDD1,NINJ2,NKX6-1,NXPH1,OR4D6,OTOL1,PALMD,PCSK5,PVALEF,RAB28,RBFOX1,RGMA,RYR3,SEL1L,SGCZ,SLC10A2,SLC16A7,SLIT3,SMIM21,SNTG1,SPRY2,TECRL,TMCC3,ULK1,WDR72,ZNF100,ZNF236
630	ADAMTS2,AGBL1,AMY1C,APBA2,ARAP2,BCL11A,BIN1,CADPS,CAVIN4,CCND1,CDH12,CDH18,DLG5,DLGAP2,DOCK10,DOK6,ECHDC3,ENSG00000237378,ENSG00000258773,ENSG00000289577,FCRL5,GALNT17,GMNC,GRM7,HSPB3,IZUMO1,KIT,MAF,MCPH1,NCAM2,OTUB2,PCDH7,PKD1L2,PLOD2,POLI,RAC2,SALL3,SH3TC1,SLC24A2,SLITRK1,SSR1,TENM2,TIMM13,WLS,ZFP42,ZNF91,ZSWIM2
631	ANTXR2,ARRDC4,ARSJ,BCL11B,CBLN2,CDH18,CDK5RAP2,CNTN5,COBL,CSMD2,DCLK2,EFNB2,ENSG00000197991,ENSG00000259363,FAM89A,FKBP15,GABRG3,GALNTL5,HIPK2,HNMT,IL17F,KDR,LRRC28,LY86,MACROD2,MAGOHB,NDST3,NSMCE4A,ODAD1,OR4K3,PDE5A,PLCG2,PLXNC1,POM121L12,POT1,QRFPR,RGS6,RPL10L,SERPINB7,SHANK2,SLC44A3,TEKT1,TNIK,TSPAN15,UBC,UCMA,VWC2,ZBTB20,ZNF765
632	BMP2,CCL13,CDH13,CDK1,COX18,CTNS,CYTL1,DGKD,DHX15,DLGAP1,DOK2,ENOX1,ENSG00000283563,EPHA5,FAT3,FCRL5,GCH1,GSTO1,IFT57,IRX1,IRX6,KRTAP5-6,LAPTM4B,LIMK2,LINC00937,MB21D2,MGAT5,MIR122HG,MTMR9,NAGK,NOVA1,OR51V1,PLEKHA5,PYDC2-AS1,RNASEH2B,RND3,SH3GL2,SHISA6,SLC1A2,SLC38A6,SLITRK6,SMIM38,SRGAP3,STX11,UBASH3A,VPREB1,VWC2,XIRP2,XRCC2
633	A4GNT,ADCY3,ADRA1B,C6orf118,C8orf34,CARD8,CDON,CHST3,CHST8,CLRN3,CSMD3,CTNND2,DSCAM,EMC1,EPHA4,FARS2,FLT3,FSTL5,GADL1,GOLGA8N,IRX1,KCNIP1,LINC02562,LRRFIP2,LRRK1,MED27,MGAT5B,NAV2,NINJ2,NLRP12,P3H2,PDIA5,PFKP,POM121L12,PRR16,PSG5,RCHY1,SCLY,SCPEP1,SLC6A6,SMARCA2,SVIL,TAFA2,TEAD4,TENM3,THBS4,THSD7B,TPK1,VGLL3
634	ACER3,ADGRL2,ANKS1B,APOL1,ATF7IP,C2CD4B,CAMK1D,CAPRIN2,CD36,CEP128,CNTNAP4,CRYAA,CRYBG1,CSNK1A1L,DLG2,DPH6,FBXO15,FOXF2,FOXI2,FSTL5,GATA3,KCNC2,LINC01824,LMCD1,LRFN5,LRRC74A,MYO16,NBEA,NDUFA10,NFIA,NFKB1-AS1,NTNG1,OPTC,PAK5,PRR5L,RSPO4,SCARB1,SLIT2,SNX31,STAU2,SUB1,SUCLA2,TBL1XR1,TENM3,TIAM1,TXNDC8,ZDHHC14,ZNF479,ZP4
635	AGBL1,ANKRD33B,ARAP2,ARHGEF26,ARL4A,BDP1,CACNA1A,CAMK2D,CBLN4,CHMP2B,CHRM3,COX7C,DIPK2A,ENPEP,ENSG00000243305,ENSG00000283563,ESRRG,EYS,FAT4,FRMD4A,HS3ST1,HS3ST4,KCNJ2,KCNT2,KLHL1,LINC00877,LINC03051,LRRC3B,ME2,MNX1,MREG,MYCN,NOVA1,OTOL1,PCNX1,PMM2,PTCHD3,RBFOX1,REG3A,RGMA,RNF6,SH2D4A,SLC13A4,SLC35D4,SMOC2,SPAG9,STAC,WWOX,ZHX2
636	ADAMTS9,ANXA1,ARRDC4,AUTS2,BANF2,BOC,BPNT2,C10orf90,CATSPERE,CDH11,CPXM2,CRIM1,CTSB,CTSC,DISC1,DRD3,DSCAM,EMP2,ENSG00000274253,ENSG00000287922,FANCF,FRG2C,GPATCH2L,GPR20,IL1RAP,IRX2,KIAA1217,MCTP2,MDGA2,MIF,MPP7,NEGR1,OGFRL1,OLFM4,PGM1,PRKN,SDHAF4,SERPINA11,SLC24A2,SNX29,TEAD1,TENM4,THBS2,TMTC2,TUSC1,URB2,WDR41,WNT7B
637	ADRB2,AEBP2,AGBL1,ALCAM,AMY1C,ANXA10,ARHGEF10L,ATOSB,BCR,BMP2,BTG1,CECR2,CITED4,CLEC4D,CPT1A,CSMD3,CXADR,ENSG00000197462,EPHB1,ESR1,FAM135B,GABRG2,GAP43,GJD2,GRM7,KIF13B,LINC02691,LINC02889,MACROD2-AS1,MSR1,MYO18B,NYAP2,PCDH15,PLA2G4A,PROX1,PRPF4,QKI,RECK,RPH3A,SEPTIN9,SRD5A1,TAS2R1,TENM4,TMEM132E,TMEM72,TPP2,TRPC3,ZFAT,ZNF716
638	ADAMTS1,ANKRD50,ARL14EP,ARV1,B4GALT5,C1GALT1,CALB1,CALCB,CBLN4,CCDC148,CMC2,COG6,COL25A1,COPS8,CXADR,DPP6,EXOC2,EYS,FAT3,GADL1,HSBP1,IGFBP7,ITPR1,KLF10,KRT74,LIM2-AS1,LINGO2,LRATD2,MRPL23,MYZAP,NADSYN1,NCAM2,NPAS3,OR3A2,PLA2G4A,PLCH1,PXDN,RBFOX1,RIMS1,SETD3,SHISA9,SIK1,SLC17A6,ST6GAL1,TBX21,THSD4,TMEM132B,ZBTB20,ZFAT
639	ANKRD28,ARHGAP24,ATP10A,BABAM1,BICC1,CASS4,CCDC15,CDH12,CNTNAP2,COMMD10,CPNE4,CRYBB1,DDX10,ENSG00000286625,EPB41L3,FPGT,GALNTL6,GLRX3,GOLGA8B,GRIK2,HHAT,IFNA13,IFTAP,KHDRBS3,LINC02262,LRATD2,LUZP2,MAGI2-AS3,MCPH1,NAALADL2,NXNL2,PCDH7,PCSK5,POLG,PSMG1,PTPN7,SLITRK5,SLITRK6,SOD2,SORCS2,TAS2R4,TENM4,TMEM165,TMPRSS15,TOX,XXYLT1,ZNF195
640	AJAP1,AMY1C,BAZ2B,BRINP3,CDH4,CHRM3,CIMIP3,CLYBL,COL21A1,CORO2A,CTIF,CXCL1,EFCAB3,EN1,ENSG00000259363,ENSG00000265995,ENSG00000285958,EPHA7,FAT1,FKBP1C,GRM7,HDAC2-AS2,HERPUD2,HIP1,IGFBP7,IZUMO3,KANK1,KIAA1217,MCF2L2,MED30,MUC22,MYH13,NTM,OPRD1,PAPPA,PITRM1,PRMT8,PRTFDC1,PTPRT,PYDC2,SNX29,SOX1,STAM,TENM4,TIAM1,TMCC3,TNFAIP8L1,WNT7B,ZNF280A
641	ANO5,ANXA3,C10orf62,CCDC179,CDPF1,CLEC3A,CSMD1,CTNNA2,CYTH4,DCDC2C,DDX18,DIRAS2,DNAJC27,EIF2A,ENSG00000281655,ENSG00000286625,FARP1,FLRT2,GOLGA6L4,HAPSTR1,IQSEC1,IRX5,KATNAL1,KCNA2,KCNIP4,LRRTM4,MLN,MVB12B,MYC,NDST4,PCDH9,PLCB1,PLEKHA5,POM121L12,RANBP2,RASGRP3,RBFOX1,RHOT1,SFRP4,SGCE,SGCZ,SMARCA2,TARID,TLE2,TRPC4,UBASH3B,UFM1,WFS1,ZC3H11B
642	AGA,CA8,CDC73,CDH4,DDX60L,DOK5,EDEM1,ENC1,ENSG00000285082,FSTL5,FZD8,GCC2,GLI3,HMGB1,IGFBP3,IGFBP7,INHBA,KCNIP4,KCNT2,KCTD12,KMT2C,MARCHF1,MDFIC,MDM1,MVB12B,NABP1,NEDD4,OTOGL,PARP2,PLCG2,POM121,PTPRD,RAB31,SAMD12,SNAP29,SNX5,SOX5,TAFA2,THSD7B,TMC5,TMEM268,WAC,WIPI2,WWOX,ZMAT4
643	AADAC,ADCY2,APBB2,ARRDC4,BMP2,BRINP1,BTBD7,BTG3,CALN1,CDH4,CRX,DLGAP1-AS2,EGFLAM,ELP3,ENSG00000254687,FAM47E,GPATCH4,GPR158,HAND2,HISLA,IQCM,KCNJ15,KLHL1,LINC02606,LONRF1,LYZL1,MDGA2,MGAT5,MSR1,MTHFS,NCAM2,NUP35,OSBPL1A,PAWR,PIK3C3,POM121L12,RASGEF1B,RBM43,RGS2,SALL4,SERPINH1,SGCZ,SLCO1B1,TDRD15,TENM3,THOP1,TMPRSS15,UGT2B7,WDR59
644	ARHGAP22,CDH7,CNTN5,COL22A1,DHX15,DUSP10,ELF1,ENSG00000235419,ENSG00000289520,FAT3,FBXO32,FGFR2,GPC5,GPD2,HACD4,HSPB3,KRT10-AS1,MKI67,MYL2,NCALD,NFIB,NUDT12,OSBPL10,PCDH10,PCDH18,PKNOX2,POLR2M,PTPRD,PUM3,PYDC2,RUNX2,RXRA,SEMA3C,TAFA5,TBC1D1,TFAP2B,THSD7B,TMEM114,TMEM132B,TMEM132C,TSPAN18,TTC12,USO1,USP25,VWA5A,ZFPM2,ZMAT4,ZNF385D,ZNF516
645	ABCC4,ADAMTSL1,ANGPT2,ANKS1B,ARL16,ASB5,ASS1,ASTN2,BEND4,BRD1,CACNA1H,CBX4,CNTNAP2,CRP,DAPK1,DSC2,EEPD1,ENSG00000230435,ENSG00000285040,ENSG00000287251,ENSG00000288711,FMN2,GALNTL6,HSDL2-AS1,IGFBP7,IGHMBP2,KCNC1,KCNJ6,KIFC3,LGALS9,LUZP2,LZTS1,MED13L,MTUS2,NPAP1,PCDH7,PDE1C,PITRM1,PTPRT,SGCZ,SMIM31,SNCAIP,SOX1,SPAG6,STK17B,TLE2,TLE4,ZNRF1
646	ABCA1,ACADM,AMPH,ANK2,BCL11B,BCL2L13,CCDC85A,CCR2,CLYBL,CRPPA,CSMD3,DGKB,DPPA4,ENSG00000228361,H3-5,IRX1,KCNIP4,KCNJ4,KHDRBS3,KLF6,LUZP2,MRPL39,MYCBP2,MYO16,MYOCD,NFIB,NSG2,NUDT12,OR1L8,POSTN,PPFIA2,RAD18,RBFOX1,RGMB,RGS5,SAMD12,SMARCA2,SNTG2,SPRY2,SYT14,TIAM1,TJP1,TNP1,TOX2,VSTM2B,WWOX,ZFAT
647	ACP5,ARNT2,ASB3,B3GLCT,BOD1L1,C6orf118,CDH18,CEACAM16,CELF2,CPEB2,DIPK1C,DOCK9,EEF2KMT,EFNA5,ENSG00000248356,EPHA5,FRAS1,FSCB,GCSH,HERC2,HS3ST3B1,IGFBP7,KTN1,LRP1B,LTBP1,MALRD1,NCAM2,NTMT1,NTN4,OSGEP,PAPOLA,PAXBP1-AS1,PCDH7,PDZRN3,PIK3C3,PKDCC,PLEKHH1,RGS3,RIT2,RPS28,SALL3,SASH1,SDK1,SLITRK6,SUSD5,TMEM179,UNC13C,UQCRFS1
648	AATK,ANGPT1,CA10,CADPS,CD36,CDH8,CHKA,CNDP2,CNTNAP2,CPA5,CTNNA3,DOP1B,ENSG00000230492,FARP1,FCRL3,GALNT17,GPC5,GRM7,GRXCR1,HEMK2,KAZN,KCNS3,KCTD16,KLF11,LINC02286,LINC02614,MLLT3,MSRB2,NELL1,NR5A2,NXPH1,OR51E2,PRKCQ,PRMT6,QPCT,RBFOX1,RORA,S1PR3,SLCO4C1,SMARCA2,SPATA18,TFAP2B,TMEM131L,TMEM132D,UBE2E1,UGT2A1,UNC5C,VN1R2,YWHAQ
649	ABR,ADRA1A,AJAP1,ALX4,ANKRD30BL,ARHGAP20,BANP,C19orf12,CACNA1C,CARD11,CDC14C,CDCA7L,CDH18,CDH7,COL16A1,CPZ,DLGAP1,DMGDH,DPH6,DPPA4,DYRK1A,EYS,GAD2,KCNIP1-OT1,LUZP2,MAP3K2-DT,MBD5,MCAT,NKAIN2,NRSN1,PCED1B,PLXDC1,POMP,PTGFR,RBFOX1,RFC2,SCN2A,SLC10A2,SLC16A12,SPINK5,TBC1D31,TENM3,TNIP3,TXNL1,USP15,XKR5,ZNF438
650	ASIC2,ATPSCKMT,BECN2,CAPZA2,CDH11,CFAP77,CLEC11A,CNTN5,CSMD1,CST6,CYP46A1,DDX59,DISP3,ENSG00000237378,ENSG00000271239,ENSG00000287799,FAM124B,FHDC1,FSTL5,GALNT17,GALR1,HTR1B,IPO8,KIAA0825,LINC02364,LINC02851,MGAT5,MRPS9,MYL12A,NCR1,NTMT1,OLFM4,PDE1C,PSD3,RAI14,RRP8,SEMA3C,SERPINB8,SNTB1,SP140,SUCLA2,TENM3,TNFSF13B,TRAV14DV4,TTLL1-AS1,WDR72,WWC2-AS2,YIPF1
651	ALOX5,ANK1,ANO5,BARD1,CDC73,CDH4,CFAP54,CSMD1,CUL3,DAZL,DNTTIP2,DPP10,EDN2,FARP1,FGF12,FGF18,FHIT,GNAI1,HNRNPH1,IFTAP,JARID2,KCNQ3,KIAA1671,LINC00667,LINC00941,LINC02175,LUZP2,MACROD2,MAP3K1,MEST,MTHFS,NCAM2,NOCT,ORMDL1,PLD5,PRDM5,PSMG4,RGS7,RNF217,RPS6KA1,RXYLT1,SNAP47,STMN4,TBX3,TCTN3,TRAPPC9,TRIML1,ZNF202
652	ABTB3,AGBL1,ATP8B4,AUTS2,AVPR1A,BRD7,C15orf40,CBLN2,CCDC174,CDH13,CDH18,CLSTN2,DIPK1C,DKK3,DLG2,ENSG00000214719,ENSG00000256654,FAH,FAM245A,FAT4,FBN3,GALNT10,GPR158,IGFBP7,KDM4C,KLF7,KNG1,MCPH1,MGAT4C,MSR1,MYO16,NAALADL2,NCALD,OSTN,PDP1,PODXL,PRDM16,PRMT8,RNF32-DT,RWDD3,SARDH,SIRPA,SORCS1,SPATA17,SYT4,VSTM2B-DT,WDR36,ZDHHC14,ZFAT
653	ADIPOQ,ALDH8A1,APCDD1L,BRWD1,CCDC73,CORO2B,CRMP1,DPH6,DPP6,DYNC1I1,FAM181A,FAM241B,FBN2,GADD45A,IRF5,KIAA2013,KIF26B,KRAS,LYSMD4,MAGEF1,MAT2B,MCPH1,MEOX2,NUAK1,P3H2,PACRG,PLA2G4A,PPIG,PRCP,RBFOX1,RIC1,SCIN,SDK2,SGK1,SGSM2,SLC12A8,SLC16A8,SLC8A1,SPCS3,SPRY2,TENM3,THADA,TMEM106B,UBN1,UCHL1,UGT2B4,VWC2L,WDR11
654	ABCA6,ACSL1,CDH13,CLEC10A,COL15A1,CSMD1,CXADR,CYB5A,DAD1,DDX60L,ENSG00000271741,ENSG00000283384,FAM107B,FAM76A,FOSL2,GALC,GRIA1,HRH1,KAZN,KDM4C,KLHL5,LINC00320,LINC01338,LINC02371,LRRTM4,LY96,MEIS1,MYO1B,NAALADL2,NCKAP5,OR10T2,OR1B1,PARD3,PCDH10,PLXNA2,PRELP,RAB3IL1,RBFOX1,RNF217,SLX4IP,SPRY2,TFAP2A,THAP3,TLN2,TMCO5A,TUNAR,UBXN6
655	AGTR1,AMY1C,ARHGAP42,C5orf46,CA10,CARMIL1,CCDC88C,CDH18,CDH9,CHST9,CNTN6,CTNNA2,CYLC2,DCDC2C,ENSG00000261610,ENSG00000286206,F13A1,FAM135B,FLNB,GIPC1,GRAMD4,IGHMBP2,ITPR1,KCNF1,LINC00654,LINC00937,LINC02312,LINGO2,LRRC32,NFRKB,NUBPL,OR2K2,PCLO,PMS1,PRELID2,PTPRO,RBFOX1,RFX3,RTL1,SCN2A,SGCZ,SLC24A4,SPNS3,SUCLG2,TBC1D1,TBX15,TENM4,TMX1,TRIM24
656	ADARB2,AEBP2,ANO5,ARSB,BECN2,BPIFB1,CNTNAP2,COBL,CRYBB3,CSMD1,CTNNA3,DLC1,DPP10,ENSG00000227017,ENSG00000287097,HTR1B,IGF1R,JADE1,KCNIP4,KCNK10,LRP1B,LZTS1,MARK4,MEDAG,MMD2,MRM1,MSX2,MTUS2,NPAS1,NPHP4,NTM,PARD3B,PCDH10,PLCB1,POP4,RELN,SLC66A2,SNX13,ST6GALNAC3,STAM,STAT4,TBC1D22A,TBX20,TRIM21,TRPS1,VGLL4,VIM-AS1,WAC,XYLB
657	APCS,ATP6V1H,ATPSCKMT,CC2D2A,CDC42BPA,CENPC,CNTNAP2,ENSG00000226454,ENSG00000275465,ENSG00000286839,EPHA5,EXT2,FGF9,HACE1,HAPSTR1,KCNS3,LINC03062,LRP1B,LZTS1,MDGA2,MED13L,MNX1,MTCL1,MTSS1,MYO1E,NAF1,NAV3,NECTIN3,OPRK1,PCDH15,PDGFD,PRKCA,PTBP2,R3HDML,RAB31,RBM23,SMIM8,SPAG16,SPOCK1,SS18,SV2C,TAFA5,TENM4,TMEM132D,TRAM1L1,UNC13C,ZBTB10,ZNF761
658	ADGRA3,AGA,ANXA2,ATP2B2,ATXN7L3B,BABAM2,BMP2,CMPK2,CPEB4,CRBN,CTNNA2,CYRIA,DLAT,DMRT2,ENSG00000206356,ENSG00000236212,ENSG00000259732,FAR2,FAT4,FGF12,GLIS3,HIVEP1,HLA-DOA,IGF1R,IRX1,JAG1,KDM4C,LRFN2,MARK2,NAT2,NDUFA4,NOVA1,PCDH15,PCDH7,PCLO,PHF2,PLA2G6,PPM1H,RAB12,RIMBP2,SERPINB8,SHISA9,SLC24A2,TMEM132D,TMPRSS15,VSTM1,WIPF1,WWOX
659	ADCYAP1,ADIPOQ,ATP2B4,AUTS2,C3orf49,CDH12,CYP24A1,DACH1,DIPK2A,DPP10,FBN3,FGF12,FHIT,GAS7,GPR37,GRAMD1B,HDDC2,HMX1,JARID2,KLHL1,LIFR,MED13L,MRPL36,MYO1D,NCAM2,OR10P1,PCDH7,PIK3AP1,PML,PPP2CB,PRB2,PRDM2,PTPRK,RORA,RP1,SALL3,SLC25A21,SLC7A1,STAC,STARD6,SUCLG1,TCL1A,TFAP2A,TIAM2,TMEM217,TMPRSS11E,TMTC1,USP25,WDR88
660	ADD2,ANKMY1,ARL4A,ATPSCKMT,BCL11B,C1D,CDH7,CDH9,CDYL2,CELF4,CLSTN2,CYP1B1,GABRG2,HDAC4,HSPB3,IFTAP,IGFBP7,KCNIP4,LINC01606,LRP1B,LSAMP,MAGI2,MCPH1,NAV2,NCAM2,PCDH10-DT,PCSK1,PCYT1A,PDE10A,PDE1C,PDX1,POM121L12,PROX1,PRTN3,RPS9,SDK2,SIM2,SLC15A4,SLC36A2,SLITRK5,SPTLC3,TBC1D22A,TMEM131L,TPK1,VPS8,XKR3,XRN1,ZFP64
661	ADAM19,ADGRB3,ADGRL3,ADSS2,ANKRD55,ASTN2,ATP10A,BBS9,C6,CBR4,CDH4,CLEC6A,CSMD2,DGKH,ELAVL2,ELP3,ENSG00000229425,ENSG00000267731,EPCAM,FRMD4A,GRP,KLF6,KRTAP19-8,LINC00339,LPIN1,MKX,MRPS22,MTRR,MYO18B,PDZD2,PFKP,PIGC,PLA2G4A,PLEKHG1,RAI14,RNLS,RYR2,SEMA6D,SLC6A1,SNRPN,SOCS6,SPATA17,SYPL2,TFAP2B,TRIM29,TSPAN8,TTC39B,TTC9C,ZNF169
662	ARAP2,ASB18,ATP10B,BANP,BATF3,CADM1,CBLN4,CD163L1,CDC27,CDH9,CHD1,CLDN8,CSMD1,CYP4F11,DENND5B,DGKI,EIF3F,ELAVL2,ENSG00000283563,ENSG00000287531,ENSG00000288537,FMOD,FPR2,GALNT18,GRIA1,IRX1,IRX5,LINC02453,NALF1,NCKAP5,OAT,OXTR,PCDH7,PDE6C,PGCKA1,PGLYRP3,PRKAG2,PRR20A,PSMA6,RBFOX1,SGIP1,SIPA1L2,SRP14,TMEM44,TSHZ3,UBASH3B,WDR73,ZFHX3
663	ADGRL3,AKR1E2,ANGPT4,ATP10B,C14orf132,CCDC85C,CEP104,CLCN1,CUX1,CXCL13,ENSG00000286873,ERLEC1,FMN1,GABRG3,GPR26,GRIN3A,GRIP1,HNF1B,KCNH7,LRATD1,LY86,MGAM,MSR1,MYBPC1,NACC2,NECTIN1,PAX3,PEX26,POU2AF3,PRKG1,RAP1A,RFX7,RGPD4,SDK1,SLC2A14,SMIM12,STEAP3,TBC1D22A,TENM3,TNFRSF21,TRPM2,USP38,VAPA,XRCC5,ZFAT,ZNF277,ZNF32,ZNF333,ZNF484
664	ACCS,AGAP1-IT1,AMIGO2,APOL4,APPL2,ARHGEF10,CACHD1,CD200,COTL1,COX7C,CYLC2,EGFR,ENSG00000250971,EPHA8,FOXD1,GDPD1,GMNC,GPRIN3,GRB10,GSC,GSE1,HS3ST1,HS3ST3B1,IFT88,LINC01270,MCTP2,MED10,OPRPN,PARD3,PROSER2,PRR16,RBFOX1,RCAN1,RPS24,RUNX1,RYBP,SEMA4B,SEPTIN9,SETBP1,SFRP2,SLC19A2,SLC22A3,SPTA1,TAFA1,TENM2,TG,TSN,TXNDC16,XDH
665	ALG8,AP2M1,ARHGAP21,ATXN1,C2CD2,CCER1,CDC14C,CDC42EP3,CDH12,CDH2,CDH6,CSMD1,DLGAP2,FGF1,FRY,GALNT17,GGTLC2,GRIK2,GRM7,GTSF1L,KCNB1,KCNS3,LIPA,LRIG1,MYO10,NCOA2,NDUFA10,NELL1,ODAM,PCDH15,PDX1,POU5F1B,PPFIA1,PSMC4,RASD2,RNF122,RORA,SORBS2,SPACA7,TBC1D2,TECRL,TMEM106B,TRIP10,TTC3,TUBGCP3,XKR4,ZC3H11B,ZFP42,ZNF365
666	ADARB2,CALN1,CAMK1D,CCSER1,CEP20,CFDP1,CNTN5,COL19A1,COX20,CREG1,CTSB,CYYR1,DLK1,DPP6,DSEL,ENSG00000251488,FAT4,FHIT,GOLIM4,GORAB,GPC5,GPRIN3,IRX1,KHDRBS3,KIF16B,LINC02884,LYZL1,NRXN1,OXGR1,PDHA2,POM121L12,PPP1R26,PTPRU,RAB31,RALGPS2,RARB,SLC26A8,SLC28A3,SLC32A1,SLC38A9,TLE4,TMEM131L,ULK4,UNC13C,USP25,WSB1,WWOX,ZNF723
667	ACBD5,AJAP1,AKAP10,ALG5,ANAPC1,ANXA2,ATP8B1,BMP6,CMPK2,CRYBA4,CRYBB2,DAPK1,DGKB,DPP10,EPB41L3,FAM124B,FRAS1,GLS,GPR26,GRB10,HACE1,INTS10,KCNS3,KCTD15,KLK5,LINC00331,LINC00877,LINC02223,LRRTM4,MALRD1,MASTL,MCTP2,MTIF3,NALF1,NAT1,NBEA,NDUFA8,NME8,NPAP1,NUDT12,RBFOX1,ROBO2,SAMD12,SLC6A5,SMIM21,TENM3,TGIF1,UNC13C,ZFP36L2
668	AADAT,ADGRB3,CACNA1E,CACNA1S,CHD1,CLEC2D,CLN8,CNTN4,COPRS,CYTOR,DLC1,DOCK1,EBF2,EGR2,ELF5,ENSG00000228944,FHIT,GPC5,GRM7,HRH2,HSP90B1,KCTD1,KIT,KLF12,LINC01535,LRRC4C,LRRTM4,LUZP2,MRPL19,MSC,NXNL2,PACC1,PCDH15,PDZD2,RUVBL2,SCFD1,SOX2,SVIL,TBC1D4,TLE4,TMEM132D,TMTC1,TRMT9B,WDR62,XXYLT1,ZNF697,ZSCAN5C
669	ACTR5,ADAMTSL3,ARAP2,ARHGAP44,BICD1,CAPZB,CCN2,CD36,CDH9,CHST11,CREBRF,CYRIA,DOCK4,DPP6,ENSG00000289395,FNDC7,GLRX3,GMDS,GNAI1,GRIP2,LILRB5,LINC01785,LINC02284,LRRC30,LTBP1,MSRB3,NAALADL2,NLGN1,NRXN3,NTRAS,OPRM1,PLOD2,POTEB2,PPFIBP1,PPP2R2D,PRAME,PRDM9,PRR27,RAB6C,RGS20,RTL1,RUNX1T1,SEMA6A,SERPINE2,SPHKAP,STARD13,TPCN1,TRPM3,ZPLD1
670	ADCY8,ARHGEF18,B3GAT2,C1orf94,CACNA1S,CCDC66,CHORDC1,CPQ,CRTC3,DDX18,DSCAM,E2F7,ENSG00000224091,EPHA5,ESRRB,FNDC3B,GALNT13,GPC5,GRM7,IFTAP,IGFBP7,KLHL29,METTL4,NAMPT,NBEA,NRG1,NWD2,PABPC4L,PARM1,PCDH18,PCSK2,POGLUT3,PUM3,RBFOX1,RIMS1,RP1,RPS6KA2,SCUBE1,SGSM1,SLCO3A1,SLIT2,SMIM31,TACR3,TENM4,TMTC1,ZFP28,ZNF407
671	AMY1C,ATG7,ATPSCKMT,CBLN2,CDH18,CNTNAP5,DDX27,DLG2,DPYD,DTX2,ENSG00000262304,ENSG00000287996,FAM124B,GALNT14,GATA3,GFRA3,GRIK2,HECW2,KCNQ1,LRATD2,LRRC4C,LRRC7,MCPH1,NALCN,NCAM1,NGF,NMUR2,NUAK1,PCDH10,PIEZO1,PLD5,PLOD2,PRKG1,PTGER3,PTPRD,SAP18,SEPTIN9,SERPINB8,SLC24A3,SLC6A15,SMOC2,SV2B,TENM3,TMC7,TRAM1L1,TWIST2,USP10,WRN,ZNF438
672	ACTR3C,AKR1E2,ALS2,ARHGAP28,ARHGEF28,ATP10A,CACNA1C,CADPS,CDC73,CEMIP,CFAP46,CGNL1,CTNNA2,DGKB,DLC1,EFNB2,ENDOD1,FPR2,GIPC1,GRIK2,HMHB1,KCTD8,KLHL6,KLRB1,LYPLAL1,MKI67,MLST8,NFIB,OAS2,PCDH7,PCDH9,PIK3C3,PLAGL1,PODXL,POMZP3,PPFIBP2,PRKCE,PRRC2B,PTPRT,RAPGEF2,SAXO5,SNX31,STPG2,TAFA1,TBC1D4,TDRP,TRPM3,TSPAN15,ZPLD1
673	AP1S3,APC,BANP,BMP7,CACNA1C,CCDC85A,CELF2,DBX1,DDHD1,DDX1,ENTPD3-AS1,EPHA5,EPHA7,ERAP1,FOXN3,FRMPD2,FURIN,GNG2,GRIA1,GRM7,HMSD,IRS2,KIF6,LINGO2,LMNB1,LRRC74A,NPBWR1,NRXN1,NSG2,NTM,OBSL1,PRELID2,PRMT6,PTPRU,PXDC1,RAB27A,SEMA6D,SH2D4A,SLC45A2,TAAR9,TACC2,TLE2,TLR2,TMEM45B,TUBA3C,UBC,WNT7B,ZNF608
674	ADAT1,ADPRM,AGA,CCL11,CPA3,CSMD1,DLEU7,DNM3,DSE,ENSG00000255367,ENSG00000260337,ENSG00000261147,FHIT,FSHB,GABRG1,GCLC,JRKL,LHPP,LINC00944,LINC02272,LINGO2,LOX,LRIG2,MYLK4,MYO1E,NAALADL2,NDUFA4,PCTP,PDE7B,PDGFRA,PFKFB3,PKD1L2,POM121L12,PRMT8,PRUNE2,SLC51A,SRBD1,SULF2,SYNPR,TFRC,TLL1,TMEM132C,TPMT,TRAM2-AS1,TRIML1,VWC2,ZBTB41,ZNF492
675	ABHD2,ADRA1A,ASRGL1,AVL9,C2CD2L,CD96,CHST11,COL6A5,COX7C,CPE,CSMD1,CTNNA2,DLK1,DPPA4,EEF2KMT,ENSG00000284686,EYA4,FLT1,GABRG2,GPR139,GPRIN3,KCNMA1,LINC01192,LINGO2,LRRC32,MB21D2,MGAM,MYO16,MYOCD,NFATC2,POT1,PRCP,PSD3,RERGL,RGMA,SAYSD1,SEMA5A,SGK1,SIX2,SLC28A3,SMAD5,TEKTL1,TNFRSF21,TSN,VPS13D,WNT11,ZNF487,ZNF496,ZWINT
676	ADARB2,ADGRE1,AKAP1,ARHGAP24,ATP6V0D2,ATP6V0E2,BAIAP2,C16orf82,CACNA1C,CACNA2D3,CNTN5,CYLC2,DRD1,DSC3,EEF1E1,ENSG00000249706,ENSG00000251567,ENSG00000257797,EPB41L4A,GCFC2,GLI3,GSC,HPGD,HS3ST1,IMPG1,KRT80,LARGE1,LEPR,LINC00645,LINC02217,LRFN2,LRRC4C,MGAT5,MYL12A,PCDH15,PCDH7,PLAUR,PMEPA1,RBFOX1,REPS1,RORB,SARDH,SLC8A1,SPMIP3,SYK,TG,TRAPPC12,TSHR-AS1
677	ACTR3B,ADGRL3,ADRA1B,AJAP1,ARHGAP22,ARL5A,ATP8A1,ATP9B,CDCP1,CDH9,COBL,CSMD3,DNER,ENSG00000285218,ENSG00000289710,ETS2,FAM222A,FAM98A,GALNT6,GTF2I,IL1RN,KCNMB2,L3MBTL3,LCP2,MKX,MREG,MSR1,MUC20-OT1,MYLK4,OPTC,OR5AU1,PLSCR5,POM121L12,PRKAR1B,RIOK1,RLN1,RPS29,RSPO3,SEMA3A,SI,SLC10A2,SLC35B3,SV2B,TAFA5,TIAM1,TRIB2,TRPM5,WDR1,ZNF620
678	ABCA13,ARID1B,ARSJ,BEST1,CACNG5,CNTN5,CYBA,DCDC2C,DNAH5,DSC1,DUSP4,EDEM1,EFR3A,ETF1P2,FGF12,GFRA2,GPC6,GRIA1,IGFBP7,IRX1,KCNU1,KMO,LINC01301,LRP1B,NAF1,NDFIP2,NEK7,NPY5R,NSG2,PCDH15,PID1,PLAAT3,PLEKHM3,PRKG1,RESF1,RET,RPL10L,SLC25A24,SORCS2,SPTLC3,TENM3,TMEM132C,TMEM192,TPO,TTLL1,VTCN1,WDR59,WRN
679	ACO1,AIM2,ASB3,BRINP1,CAMK1D,CCDC174,CDC73,CHL1,CHRM3,CLEC6A,COBL,DCLRE1A,DPP6,ENSG00000261625,ENTREP2,EVX1,FBXO32,FSD1L,FSHB,GALNT14,GALNT2,HBB,HS3ST1,IRX2,ITGA11,JARID2,LHX2,LINC02109,NALF1,NFIB,PAM,PCDH10-DT,PIEZO2,PINX1,PRDM16,RBFOX1,RORA,SLC16A9,SLC7A8,SPCS3,SYNDIG1,TENM4,TNFRSF19,TRA2B,TRPS1,TTLL7,UBASH3B,WFS1,ZNF195
680	ABLIM1,ADCY2,ADGRE1,ARHGEF10L,ASIC2,C1orf174,CARS2,CBLN2,CCDC91,CDC14A,CDH9,CENPQ,CLCC1,CMBL,CPT1A,DLK1,DYSF,E2F3,EML1,ENSG00000287694,FBLN2,FBN3,FSTL5,GPX8,GRIK2,HERC2,HIPK2,HS3ST3B1,KIAA1549,KIF12,LATS2,MAFB,NCKAP5,NDUFC1,NPY2R,PCDH20,PDGFC,PDIA4,PIP5K1B,RTL6,SHH,SLIT3,ST6GAL1,TRIP12,TSPAN18,UNC13C,WWOX,ZNF519
681	ACO1,AHR,ALPK2,BMP2,CAMK2B,CBLB,CELF2,CIROZ,CLASP1-AS1,CNTN4,CYP24A1,DEFB1,DNMT3L,FAM135B,FAM181B,FASLG,GABRG3,GLI2,GRIA2,HLA-DQB2,HSBP1,IRF8,ISX,ITGBL1,KHDRBS3,LCORL,LMNTD1,LRRC4C,MARCHF1,MGMT,MICAL3,MVB12B,PLPPR5,POGK,PXDC1,RBFOX1,RBP1,RERE,RORB,SGCG,SLCO4C1,SMARCA2,SNX29,TG,TMPRSS15,VAV1,WNT5A,ZFHX3,ZNF626
682	AMY1C,ANO4,APBB2,ASRGL1,CALN1,CDC42EP3,CDH10,CDH13,CHRM3,CIBAR2,COL25A1,DLC1,EBF1,ENSG00000287126,ENSG00000287892,FBLN1,GEMIN7-AS1,IGFBP7,ITGA8,KBTBD11,KCNA5,KCNH7,KCNJ12,KCNK17,KLF12,LARGE1,LRRC4C,MC3R,MYO3B,MYO5C,NKAIN1,NLGN1,OAT,PCDH10,PELI2,POM121L12,PSD3,PTPRD,PUM3,RP1,RSL24D1,SDK2,SNRNP70,TBX3,TCTN3,TGM6,THRB,WNT7B,YIF1B
683	AKAP12,AMOTL1,ANKRD33B,ARID1B,BTBD16,CACNA2D3,ENSG00000231713,FASLG,FGFR1,FHIT,FSTL5,GABRG1,GLIS3,GPC5,GPR42,GRXCR1,HAUS1,HMGB1,HS3ST5,KLF12,KLHDC4,LEPR,LRP1B,MACROD2-AS1,MRTFB,MYBPC2,MYC,NAT16,NCKAP5,NRCAM,NTF3,PARP11,PCDH18,PCDH20,PCSK2,PTH2R,RBFOX1,RSPO4,SCML4,SIAH3,SMURF2,SORCS1,TARBP1,TMEM130,TNS3,USP48,XYLT1,ZNF761
684	ACTL8,ADGRE2,ANK3,ASIC2,CDH4,CDIN1,CPSF6,CRTAP,CYLC2,ENSG00000277210,ERC1,FAM174B,HTR4,ICA1,KIAA1217,KLF6,LBH,LINC02367,LPIN1,LRIG3,MAN2C1,METTL4,MPDZ,MYO1E,NCR2,PARP11,PATJ,PCBD1,RAB31,RASGEF1B,RASGRF1,ROBO1,SEPSECS,SERPINB8,SERTAD2,SLC37A3,SLC39A12,SMPD4,SPTLC3,SSPN,TBC1D22A,TENM3,TLL1,TMEM132B,TTC1,WDR59,YY1,ZFAT,ZNF331
685	ACADVL,ADAMTS12,ADH1C,AGAP1,AGBL1,BMS1,CD84,CDH11,CLCC1,CLCN6,DCC,ENSG00000286818,EPHA2,EPHA5,EPHA6,GABRG2,GALR1,GPC5,GSTO1,HDAC9,HSD17B2,IGFBP7,IGFN1,LINC01867,LRIG1,MAN2B2,MREG,NALCN,NCAM1,NPY,OLIG2,PAH,PCDH7,PMM2,POLR1F,PRKCE,PRR16,RAI14,RAPGEF2,SCARA3,SLC17A1,SLC22A23,SLC34A2,SLC7A4,SPART,THRB,TMX3,TRAV19,UBE2E1
686	CALHM6,CCDC171,CCL21,CD8B2,CDC73,CDH13,CENPC,CPE,DHDH,DPP6,ELP3,EPHA4,FBXO15,GALNT18,GFOD1,GPR158,IMMP2L,ITGA8,KCNN2,KDM4C,LINC01839,LRRC27,MAB21L3,MAK,MRPS18C,MTCL1,NADSYN1,NAT2,NCALD,NCAM2,NT5C3B,PCNX2,PDE3A,PKP4,POU3F3,PPP3CA,RAD51AP2,RBFOX1,RFC3,RGS6,RXFP2,SLC2A1,SNTG1,SOD3,TNR,TRAF3,VWC2L,WDR11,ZFAND5
687	ALCAM,ANK2,CD1D,CDH11,CDH9,COBL,DCC,DIPK2A,DISC1FP1,EPHA5,ETS1,FOXF1,GOT1,HBP1,IGFBP3,LRRC4C,MBIP,NDRG2,NKAIN3,NLRC5,NRXN1,NSUN7,OPCML,PALLD,PARVB,PDSS1,PDZD2,PHACTR3,PKNOX1,PRAMEF6,PRKCB,PROM1,PSD3,PTGER3,QKI,RASA1,RASGEF1B,RASSF8-AS1,RMDN2,RPA3,RYR3,SLC7A2,TENM4,TLE1,TMTC1,TPRA1,TYRP1,XIRP2,ZPLD1
688	ANKS1B,ATP2C2,BPHL,C12orf75,CDH18,CNR1,COBL,CSF3R,CSMD1,DIAPH3,DSCAM,EMCN,EPHA6,FAM98A,FAT4,FGF12,HAO1,HS3ST2,INPP4B,IRF8,LINC00559,MECOM,MESD,MTHFS,MYO10,OXT,PEX26,PPIG,RALYL,RBFOX1,RBPMS,RGS17,RNASE9,RPTOR,SGCZ,SLC22A23,SLIT3,SORCS1,SOX11,SPTLC3,SSC5D,ST8SIA2,STK32B,TMPRSS15,TRPA1,UNC13C,WASHC5,WDR17,ZSWIM2
689	ATF7IP2,ATG7,C10orf90,C1QTNF9,C4orf50,CCDC179,CDC123,CDH4,CFAP61,CHRM3,CNTN4,COL18A1,CTNNA2,DCP1B,DDX6,DHX35,DMRT2,DSC3,DYNC2H1,ENPP1,ENSG00000282278,EYS,FAM216B,FAM90A1,FAM90A26,FLRT2,GALNTL6,GRIN3A,IGFBP7,INKILN,LCE1C,LPIN2,LRFN5,LRP2,LUZP2,LYZL4,LZTS1,MYO3A,OTUD7A,PARAIL,PPP1R3A,RARB,RPL15,SLC22A23,TIAM1,TMEFF2,TNFRSF11A,ZNF708,ZPBP
690	ABHD4,ADARB2,AKAP13,ANO1,BCL11A,C8orf89,CHST15,CNTN4,CNTNAP2,COL14A1,COL4A1,CRPPA,CRTAC1,DDX6,DPP6,DPYS,EDARADD,ENSG00000233974,ENSG00000268533,ENSG00000283563,ENSG00000288738,EPSTI1,FARSB,FLII,FOXI2,GOLPH3,HDDC2,KCNT2,LILRB5,LINC02680,MC4R,PACRG,PARD3,PKDCC,RBFOX1,RBMS3,RIOK2,SLC25A3,SPATA20,SPP2,TG,TMEM132D,TYRP1,ULBP3,XRCC3,ZNF217,ZNF618,ZNF98,ZWINT
691	AGMO,CDH12,CDH13,CDH6,CHODL,COMMD6,CPS1,CST5,EIF2B5,ENSG00000231533,EPHA4,FAM181B,FHIT,FNDC3A,GNA14,GTF3C6,HS3ST2,ISX,ITGA11,KIFC3,KL,LCORL,LINC00467,LIPG,MBOAT1,MYC,NAALADL2,NELL2,NXPH1,OGFRL1,OLIG2,PCDH17,PRKN,PRMT6,PTBP2,RAPGEF2,RBFOX1,RWDD4,SLC12A7,SLC35B3,SLC35F3,SMAD6,SRP54,TESPA1,TPST2,TUSC3,ZFYVE28,ZNF385D,ZNF804A
692	ART5,BCL2L14,CBLB,CCDC179,CDC73,CDH9,CLSTN2,CLVS1,CSMD3,DAB1,DDX55,DSEL,EHHADH,ESRRB,EYS,FAT4,GFOD1,GLIS1,HAS2,HS3ST3A1,ID2,ITGA8,KDM4B,LINC00640,MGAT4C,MTRR,NALF1,NETO1,NKX6-1,P2RX5,PCDH7,PEBP4,PIK3CG,POLI,PPP1R26,PRMT6,PRR5L,RAB27B,RNASET2,S1PR1,SLC44A3,SULT2A1,TTC7B,TTLL5,WDR7,WIPI2,ZNF385D,ZNF722
693	CACUL1,CARD14,CARD8,CEP104,COX16,CYP4F12,DMRT2,FLRT3,GALNT13,GALR1,GIGYF2,GRID2,IGFBP3,INPP4B,KCNIP1,KCNS3,LARGE1,MARCHF11,METTL4,MLPH,NCK2,NCR2,NT5DC3,NTF3,OTOP1,PAFAH1B1,PCSK5,PLAT,PRKN,PSAT1,PTPRD,PWWP3A,RAPGEF5,RNASET2,RP1,SCARA5,SLC17A8,SNTG2,SOCAR,SOX11,SPOCK3,TEX29,TULP2,TYRP1,UBA52,VSTM2B,WWOX,ZNF608,ZNFX1
694	ACP3,ACSL3,ADCYAP1,ALCAM,ASGR2,BORA,CCDC85C,CDH13,CDH8,COPS8-DT,CRIM1,CSRP3,DCDC2C,DOCK10,EBF4,EN2,ENSG00000286402,FAT1,FGF14,GALNT17,GOLGA6L6,KIAA1217,LIMCH1,LINC02995,LINGO2,LYPLAL1,MICAL2,NXT1,NYAP2,PHLDA1,PLCB1,PTPRT,RFX3,RGS7,RNF144A,RNF144B,RRM2,SASH1,SH3YL1,SLC10A2,SOX4,THBS2,TMPRSS9,TRPC6,TUBB4A,WDR72,WWOX,ZNF91
695	ACVR2B,ADARB2,ADGRL3,ADRA1B,AFAP1,ANKS6,ANXA2,ARL4C,ATP11A,B4GALT6,CA10,CARS2,CDH2,CGNL1,CLBA1,CPS1,CSMD1,CTAGE1,EFNA1,ENSG00000225889,ENSG00000235152,ETFB,FAT4,FHIT,FTMT,GABRA5,GGTLC2,GLDN,IFNGR1,IRF2BP2,KLHL38,LMX1A,LSAMP,MALRD1,NBAS,NCAM2,NETO1,NRXN1,OLFM4,OPRK1,PDE5A,PTPRD,RASGRF2,RBFOX1,RPL32,SP140,VANGL1,WDR72
696	ADCY9,AFTPH,ANO5,APBA2,ART5,BOD1L1,C13orf42,CCDC68,CCRL2,CDC5L,CHCHD5,CLCN1,EIF2B2,ENSG00000286436,FAM110B,FHAD1,FHIT,GABRB3,GPC6,IRX4,ISX,LARP7,LINC01307,MFHAS1,NAP1L1,NECTIN1,NWD2,OPN3,POU3F1,PTPRD,QKI,RBFOX1,RPS24,RUNX1,SGCZ,SHISA9,SLC35F4,SNTB1,SPDYE21,SYNPR,TAFA5,TWIST2,UNC5D,USP15,WDR64,YTHDF1,ZNF880
697	ABTB3,ADGRL3,AGA,ATP10B,ATP11A,ATXN1,CBLC,CDH18,CDH7,COL28A1,COPS8-DT,COX11,CUX1,DENND3-AS1,DNAI2,ENSG00000260257,ENSG00000287775,FAM135B,FAT1,GUCY1A1,HERPUD2,IFTAP,LGALS8,LINC02580,MAP1LC3C,MARCHF1,MARCKS,NELL1,NPFFR2,NPTN,OR3A2,OTOG,PCDH7,PDE1C,PRNP,PSPH,RFX8,ROBO2,RTN4RL1,SCFD2,SGK1,SHISA6,TAFA2,TAFA5,TECRL,TIAL1,TMPRSS6,TXLNB,ZWINT
698	ADAMTSL1,APOBEC3H,ASB3,ASIC2,CA6,CARD11,CCDC27,CDKAL1,CLK4,CPXM1,DCT,DLC1,FLRT2,GLIS3,HDAC4,HEG1,HELZ,HFM1,KCNAB2,LDHA,LINC01891,LINC02347,LITAF,LUZP2,MAGI2,MLYCD,ONECUT1,OSBPL6,PCDH7,PKN1,PLEKHA5,PPFIA2,RAB28,RGS17,RTL6,SCML4,SEMA3A,SGIP1,SH3BP2,SLCO1B3,SNHG29,SNX19,SPHKAP,SYNE3,TMPRSS15,TRAPPC12,UBXN10,UGT8,ZCCHC7
699	ADCY8,ADH5,AP2A2,ASTN2,BRINP3,CCDC3,CCL15,CTNNA3,CXADR,CYLC2,DHPS,DLK1,DMRTA1,ENSG00000273259,ENSG00000287550,ETV1,FREM1,GALNT13,GMDS-DT,HS3ST4,KCNIP4,LCORL,LHFPL6,LMX1B,LYNX1,MIR3147HG,MKI67,MPPE1,NAA60,NDN,NELL1,NGFR,NPHP4,PCDH10-DT,PIWIL1,PJA2,POMT1,PPP3CA,PREX1,QRSL1,RBFOX1,RYR2,SLC10A2,SLC39A11,SLC39A3,SLITRK6,TF,TOM1L2,WIPI2
700	ACO1,ADGRE1,ANO5,ARHGEF10L,BRD3,CACNA2D3,CCDC54,CMIP,CTNND2,ELAC2,ENSG00000233974,ENSG00000287255,ENSG00000288973,EPG5,EYS,FBH1,FGF20,GABBR2,GPAT3,GPC5,HMGB1,HTR5A,INPP5A,LDAF1,LINC00989,LPP,MGMT,NCAM2,OLFM4,OR6J1,PABPC1,PLSCR5,RAB28,RAB5A,RCHY1,REEP3,RPS29,SEMA5A,STEAP1B,STOX2,SYNPR,TLE4,TLR10,TMEM132C,UNC13C,WRAP73,ZNF232
701	AAK1,ABCC1,ABR,AFAP1L2,ANO5,ARL16,B4GALT1,C8orf34,CDCA7,CDH8,CDH9,CDKAL1,CEP104,CLDN8,CORIN,CXCL12,ENSG00000231811,ENSG00000267649,ERBB4,FANCF,GSAP,KL,LINC02232,MED13L,MEX3C,MTUS2,NAV2,NCAM2,NEGR1,NELL1,NPR3,OLFM3,PACRGL,PCDH7,PLPPR4,POLR1D,PPARGC1A,PROK2,RBM20,SLC35G4,SPATA31E1,STIM2,TMEM114,TMX3,TNFRSF13B,TNS3,TP53INP1,VPS35L
702	ABCC1,ABRACL,AKR1C3,ALCAM,ATP6V0E2-AS1,C1QTNF7,CCDC146,CCSER1,CDC42BPA,ENDOD1,ENSG00000258989,ENSG00000283205,ENSG00000287130,FAT3,FBLN1,FGF12,GMDS,GNAI1,HS6ST1,KCND2,LDAF1,LINC00472,LINC02089,LINC02343,LINC03171,LRATD2,MAP2K4,MCPH1,MROH2A,NOX3,OLFM3,PCDH15,PRDM16,PSAPL1,RDH14,REG3G,RHOU,RORA,SGCD,SIAH3,SLC7A13,SLITRK6,SMLR1,SULF2,SYT10,TEKT5,UGT2A2,ZNF486,ZNF558
703	ABCC4,BARX2,C16orf82,CABS1,CDC73,CDHR3,CNTNAP2,COL4A4,CRISPLD2,CSNK1A1,DDX11,DENND3,ELP3,ENSG00000286221,ERC1,ESRRB,FAM50B,GAREM1,H2AZ2,HLA-DRB5,IGFBPL1,KAZN,LINC01060,LINC01447,LPAR1,LPIN1,LRMDA,LRRTM4,LSAMP,LTF,MC4R,MTHFD1L,NHSL1,PLD5,PLIN3,PPP1R1C,PYDC2,QKI,RBM28,RELN,SEC14L1,SERTM1,SETBP1,SORCS2,SUGP2,TACC1,TPCN2,TTLL7,ZNF385D
704	ADAMTS20,ALPK2,ANKRD18A,ANKRD55,ATOSA,CAV3,CNTN3,COG6,CYP27C1,DYNC1H1,FAM181A,FGF12,GMPR,GRK3,HAO2,HS3ST1,IFTAP,IQGAP2,KIF4B,KRTAP21-3,LINC01442,LRFN5,MPHOSPH6,MRPL46,NPAP1,NRROS,NXPH2,PCSK2,PDE6H,PPP2R2A,PRR16,PSMG3,RBFOX1,RBFOX3,RSPH3,RYR2,SEMA6A,SLC8A1,ST6GAL2,STARD13,SUMF1,SUSD2,TLK1,WDR1,ZIC1,ZNF331,ZNF521,ZNF804A,ZWINT
705	ADAM12,ADGRL3,ADRB1,BRD7,C16orf82,CDH7,CDH8,CDKN2AIP,CHORDC1,CLDN14,COL4A2,CRYBB2,DOCK5,DPPA2,ENSG00000273167,ETS2,FIGN,FNDC1,GDE1,IFNGR1,ITGA6,IYD,KCNK2,KCNQ3,KDM4C,LINC02506,LRATD1,LRFN5,LRP1B,LRRTM4,MTG2,MYOCD,NAF1,NOVA1,NPHP4,PABPC1,PSAT1,PTPRD,RAB4A,RP1,SERINC5,SFRP1,SLITRK6,TBC1D2,TMEM217,TNR,TRIB2,VTA1,ZIC4
706	AADAT,ADAMTS18,ARC,CCBE1,CCDC178,CDH18,CDH7,CDKAL1,CHST8,DIPK2A,DNAH5,DNAJB9,EDIL3,EIF2B5,EYS,FAM169A,FBLN1,GALNTL6,GYPC,HTR3D,LINC02284,LINC02515,LINC02660,LINGO2,MCPH1,MYO19,NALF1,NETO1,OPA1,OPCML,OR4K17,PANX1,PCDH9,PCP4,PPP1R15B,PRR16,PSTPIP2,RHOU,RTN4IP1,RTP1,SGCD,SLC24A3,SLC4A4,SMYD3,SOX1,SULF2,TEX36,ZBTB7C,ZSWIM2
707	ABCB5,AKR1D1,AMER2,CCDC30,CD83,CHRM3,CXADR,DMAC1,ENSG00000197462,ENSG00000289439,FAM135B,FANCM,FGF9,FHIT,GATA3,GCNT1,GOLGA8B,GRIN2A,GRM7,HOXB9,HS3ST3A1,IFTAP,IGDCC3,IMMP2L,KHDRBS3,KRTAP5-11,LBX1,MEI4,NAV2,NAV3,NSG2,NUP35,NWD2,OLFM2,OLIG2,PMP22,PRELID2,PTPRD,SEC13,SERPINE2,SERTM1,SIRT5,SMARCA2,SPMAP2L,SRD5A3,SUCLG1,UBASH3B,UBE2D3,ZNF761
708	AFG2B,AGA,AKR1E2,BEND3,C4orf33,CACNA1A,CADPS,CAPN13,CBLN4,CCT6A,CDH7,CDK6,CPPED1,CYB5A,CYLC2,DPPA4,EPHA4,FOXB1,GABRG3,GAS7,INTU,ISX,MEX3C,MTUS1,NPAS2,OR10G3,PIEZO2,PIK3C3,PIK3CG,PLXNA2,POLR1D,PRMT6,PTPRN2,RFC3,RPS29,RTP3,SMARCA2,SOX11,STEAP3,TAFA2,TAFA5,TBC1D1,TEK,TIAM1,TMEM65,TPST2,WDR47,ZMIZ1
709	ARL4A,C1QTNF7,CACUL1,CBLB,CDH4,CDK5RAP2,COL27A1,DACT2,DPP6,ELAVL2,ENSG00000278740,ENSG00000285557,ERI1,EXOC2,FAM50B,FOXG1,FUCA1,GPC5,GRB10,HSD17B3,HTR5A,KCNQ5,KLHL1,LMO7,LUZP2,MALRD1,MGAT5,MRPL39,NAALADL2,NEIL3,NTM,OLIG3,OR11H6,PALM2AKAP2,PCDH18,PDGFRA,PTN,RBFOX1,RYR2,SERPINB8,SPINK2,SRD5A3,SV2B,TAS2R60,TLE4,U2AF1L4,UCA1,ZNF385D,ZNF514
710	ABR,ADGRB3,AFF3,ANO5,APBB1IP,BLID,BRINP1,CCDC60,CCND2,CD9,CRELD1,CRNDE,DDIT4L,DMAC1,DUSP26,ENSG00000287939,EVX1,FOXG1,FRMD4A,FYCO1,GHRHR,IL12B,IQCN,KIRREL3,LIG4,LPL,LRATD2,LRRC27,MYO16,NCAM2,NPTX2,NTM,OR52M1,PALM,PINLYP,PPP2R1A,PTPRM,RBMS3,ROBO1,RUFY4,SFXN5,SH3BGRL2,SLC16A13,TCF3,THSD4,TRBJ2-4,TSPAN15,XPNPEP1,ZNF217
711	AGA,ALDH9A1,AMPD3,ARL14EPL,BAALC,BOD1L1,CARD18,CCDC6,CDH6,CNTLN,CPN2,CSMD1,DKK1,DPP10,ENSG00000287864,ERC2,FNDC3B,FOXL3,FSTL5,GALNT17,GCC2,KRT73-AS1,LSAMP,MARK1,MATN1,MRPL39,NACC2,PARD3,POM121L12,PSAT1,RAET1L,RASSF3,RBMS2,SGCD,SI,SLC12A3,SOCS6,SPNS2,SPOCK3,STIM2,SYNE1,TGM3,THSD7A,TMEM38B,TMPRSS13,TRAM1L1,UNC13C,ZBTB42,ZNF578
712	AGXT2,ATP10A,AVPR1A,BAMBI,BPNT2,C6orf15,CCL24,CCND2,CDH18,CDNF,CNTNAP5,COL6A3,DLGAP1,DNMT3B,EDEM1,ETV6,FAM66C,GALNT10,GLT1D1,INTS9,KLF12,LRPPRC,LSAMP,MACROD2,MAGI2-AS3,MLF2,MRPL17,NADSYN1,NCAM1,NDRG1,PCP4,PI4KA,PPA2,PPIL2,RAB10,RALYL,REG1B,SAMD12,SLCO1B1,SNTG1,SULF1,SV2B,SYNE3,TECTB,TENM3,TNFSF15,TRIM36,VEGFC,ZNF83
713	ACO1,ADAM20,ADAMTS5,ANTXR1,AOC1,ARRDC4,BCKDHB,C6orf118,CABS1,CARS2,CEP131,CNOT10,CRIM1,CUL3,CYP2U1-AS1,DBI,DNAH5,EDEM1,ENPEP,ENSG00000232985,FBN2,FER1L6,FOXK1,GCNT4,GRM7,GUSBP1,HTRA3,LDB2,LDLRAD4,LINC02885,MGAT5,MSR1,MYOCD,NAALADL2,NRXN1,NTPCR,PCDH7,PCSK2,PGS1,PROSER1,PTCHD4,PXDN,RAP1A,RP1,SLC25A21,TENM3,TMEM200C,UBL4B,ZDHHC14
714	ACCSL,ACVR2A,ADARB2,ANXA4,ARNT2,BCHE,BNC2,C16orf82,CA6,COL21A1,COX7C,CSMD1,DGCR2,ELAVL2,EMX2,EPHA4,EPS8L1,FBXO8,FOXI1,GRIA2,GSAP,HBZ,IGSF21,IRX1,KCNN2,KRTAP5-11,LRRC4C,LUZP2,MED13L,OPRK1,OSTM1,PCDH15,PID1,PIK3CG,PLA2G4A,PLXNC1,POLR1D,PTPRN2,RAB17,RBFOX1,SEL1L,SFRP1,SLC10A2,SLITRK5,SOX5,STARD4,TMX3,TPD52L1,UBE2D3
715	ALCAM,API5,ASB1,CCL20,CCL26,CD93,CDC42EP1,CDH2,CDKN3,CRIM1,DMRTA1,DNAH5,DPPA4,EDEM1,ERICH1,ESRRB,EYS,FGD6,FOXF1,GMPR,GPATCH2L,GPC6,GREB1,H3Y1,LGR5,LIG1,MAGI2,MPPE1,NCR1,NTRK2,PABPC1,POM121L12,RHOT1,RNF144B,ROBO3,SLC24A4,SLC7A8,SOD2,ST6GAL1,SUCLG1,TCERG1L,TENM4,TMEM114,TMEM131L,TMEM171,XCL2,ZNF521,ZNF70,ZWINT
716	AJAP1,AMOTL2,AQP4,ARAP2,CNTNAP2,CSMD1,CTIF,CYP4F8,DIRAS2,DLG2,ENSG00000258803,ENSG00000276517,ENSG00000288015,FOXG1,GUCA1B,ID2-AS1,JAK2,JARID2,KDM4C,LRFN5,LUZP2,MBL2,MUC13,NDUFA4,NEGR1,NOVA1,NRXN1,OLFM4,OLIG2,PCED1B,PCNX2,PDE5A,RAMP3,RBFOX1,RGS7,RNF144B,SCYGR4,SFI1,SFXN1,SLC24A3,SLC39A10,SLCO1C1,SOX11,SULT2A1,TBX3,UGT2B15,WDR11,XPO4
717	AGXT2,AHCYL2,AMY1C,C10orf120,CACNA1A,CERK,CHAF1A,CNTNAP5,COL4A3,CTNNB1,CUEDC1,DNAJC5B,ELFN1,FHAD1,FHIT,FSCB,GASK1B,GLI2,ITGA6,KLF12,LDLRAP1,LINC02363,LRP1B,LRRC3B,NALF1,NDST4,NETO1,NOVA1,PABPC4L,PALMD,PARM1,PCDH7,PRL,RAB34,RBFOX1,RIPOR3,RPS24,SEL1L,SHH,SLC41A2,SMIM12,SPDYE21,ST18,SUMF1,TBC1D1,TMEM130,ZNF326,ZNF467,ZNRF4
718	ABCA10,ADGRL3,BTBD9,CDON,CNTNAP5,CSMD3,DDC,ENSG00000237378,ERGIC1,ESR1,FAM66C,FAT3,FOXA2,FRG2C,FRMD4A,GALNT13,GOLGA8M,GRIK2,GSC,HMGA2,HS3ST3B1,KAZN,KIAA1217,KSR2,LINC02018,LMO7,LRATD1,MAP1B,MTHFD1,MTHFD1L,NFIC,NTN4,OLFM4,PCSK5,PRKCE,RBFOX3,SEC22A,SLC9A9,SORCS3,SUCLG1,TBXT,TM2D3,TMEM132C,TMPRSS15,TSPAN11,TSPAN17,WDR1,YWHAH
719	ADARB2,ADGRL3,AMPD3,ANKRD34C,APOLD1,ARL4A,BCL11B,CAMK1D,CCDC148,CCDC171,CDH17,CDH6,CDH9,CFAP69,CSMD2,ECI2,ELAC2,ENSG00000285082,ENSG00000289533,ERO1A,EYS,FGFR2,FLRT2,GCSIR,GGACT,GRM7,GRXCR1,IMPA2-AS1,IQSEC1,KCNF1,KSR2,LINC02772,LYVE1,MYO3A,OLFM1,PCDH9,POLRMT,PTGFR,ROBO2,SORCS1,SPOCK3,TAFA3,TBC1D31,TGFBR2,TMEM114,UBL3,VPS53,WDSUB1,ZWINT
720	ACKR1,ANKH,ARL9,CACNA1C,CHN2,CTTN,DISC1,EDNRB,EFNB2,EGLN3,EIF4E,ETV1,FAT1,FCRL1,FCRL3,FLT3,GLRX3,HPF1P1,KLF3,LARP1,LCMT1,LINC01192,LRRC4C,LYPD5,MGAT4C,MRPL52,MYO18B,NAALADL2,PGCKA1,PLPP4,PTER,PTPRG,PWRN2,QRSL1,RELN,RETREG1,RHOU,RIMBP2,RNF144A,SGIP1,SMARCA4,SOCS6,SPPL2B,SPRY2,SRSF6,TCIM,TMEM130,VAT1L,ZC3H11B
721	AEBP2,AKR1C1,ANTXR1,BMS1,CACNA1E,CACNB2,CASC2,CDH8,DSEL,ERCC6L2,ETV1,EXT1,EYS,FUT3,GALNT17,GAS7,GLRA3,GOLGA8B,HACL1,KAZN,LIPG,LRFN2,MAGI2,MEIS2,MYLK,NCOA3,NETO1,NWD2,PCDH10,PDC-AS1,PHACTR1,PTPRD,PTPRN2,RPS6KA2,SLC26A9,SLC8A1,SMARCB1,SOX2,ST3GAL1,ST6GAL2,SYNE3,TENM3,THADA,TUT7,WAC,WNT7B,XPNPEP1,ZFP42,ZHX2
722	AGR3,ANKRD50,ARRDC4,AVEN,BMP2,CA10,CAPRIN2,CBLN2,CCDC74A,CDC5L,CDH22,CDK17,CEP85L,CLPTM1,ENSG00000233290,ENSG00000246225,EPHA5,EPS8L1,ERBB4,FAM174B,FANCF,FRMD4B,HAND2,ICE1,IGFBP3,IL17D,IRX6,LINC02018,LMNTD1,LRRTM4,METTL4,MRPL39,MYOM1,MYT1L,NKX3-1,NTN1,PPP2R2A,PRL,RAB11FIP2,RARB,ROCK2,SAMSN1,SEMA4D,SH3BP4,SLC24A3,TNFRSF11A,UBE2D3,VSTM2B,ZFP42
723	ADCY8,ADGRL3,CAMK1D,CHRAC1,CNTN5,DISC1,ENSG00000237378,ENSG00000259164,ENSG00000288711,EPCAM,EYS,FHIT,GLRX3,GMDS-DT,HHIPL2,IL21R,KCNIP1,KIF26B,LINC01088,LINC03125,LRATD2,LRIG1,MGMT,MN1,MYO1B,OSER1,OTOL1,PABPC4L,PAXBP1,PLD5,PNPLA3,PRKD1,PTPRN2,RFX2,RNLS,ROBO1,SLC39A11,SOX4,SRGAP2,STAC,SYN3,TENM3,TOM1L1,TRIML1,UQCRFS1,UTRN,WDR72,WNT7A
724	AGR2,ASAH1,BLK,CA10,CBLB,CERS6,CHLSN-AS1,CHRM3,CMAS,CPXM2,CSMD1,CWC22,CYLC2,DDX10,DNAJC8,ENSG00000285471,EYS,FREM2,FSTL5,GATA3,GPR20,GRM7,IDO2,KLF4,L3MBTL4,LARS2,LDB2,LRRC38,MEI4,MYO16-AS1,NAV2,OSTF1,PDE4B,POLI,PPP3CC,PRKG1,RDX,SGCZ,SLC17A6,SLC25A26,SLCO3A1,SLITRK6,SYNDIG1,TLE4,TLK1,UFM1,WDHD1,ZNF600
725	ACTR3,ADGRF4,APBA2,ARHGEF3,BCAT1,C1orf220,CALN1,CD83,CIDEA,CNTN4,CYP2A13,DAB1,DAOA,DKK1,DLGAP1,EIF2B5,ENSG00000235431,EXTL3,FAM124B,FHIT,GCDH,GFRA2,GIPC1,GLYATL1-AS1,GNG12,GPR158,GRM7,KAZN,LINC01980,LTBR,MAGI2,MYO10,NAALADL2,PCDH18,PCDH7,PSD3,RBFOX1,SDK1,SFMBT2,SIGLEC1,SLC47A1,SST,TAF1B,TENM3,THRB,TMEM131L,VSTM2B,WNK1,WWP1
726	ACVR2B,ADAM12,ADGRB3,ATP8A2,BPNT2,C16orf82,C1QTNF9B,C8orf34,CCZ1,CDH11,CLMP,CNTN6,CSMD1,CSMD3,CTNND2,DACT1,DDX18,DUSP4,EPHA5,FGGY,FRAT1,GNG4,GP2,HACE1,HEMK2,HNF1B,HS3ST3A1,IQSEC1,KCNMB2,LIMD1,MKLN1,MUC22,NAALADL2,NRXN3,OLFM1,PARP15,PDCD4,PDLIM7,PJA2,PRKCE,RNF220,ROR2,RXRA,SNX19,STK32B,TMC2,TMEM174,ZFAT,ZNF804A
727	AGXT2,ANKRD9,ATP5F1C,CA6,CAMK4,CARD11,CDC73,CDH19,DGKG,DHCR24,DHRS3,ENSG00000282278,ENSG00000288821,FAM181A,GFER,HIF3A,ICAM1,IKBKE,ISX,KCNG1,KIAA1217,LCT,MCPH1-DT,MDGA2,MMP26,MYOM3,NEU4,NOTCH3,PIK3C3,PLA2G4A,PLCB1,RDX,RNF17,RPRD1B,RPS6KA2,SASH1,SCGB2A2,SHISA6,SRRM4,TBC1D22A,TET2,TMOD2,TNS3,TOX,TRIB1,XXYLT1,ZNF385D,ZNF579,ZNF706
728	ADARB2,ADARB2-AS1,ADGRL3,ARID1B,BARX2,CADPS,CD8B2,CDC42EP3,CYP46A1,CYRIA,DIRAS2,DPYSL4,EDN1,ENSG00000236075,ENSG00000285733,FGF1,FHIT,FRMD4B,FSTL4,GOT2,GRXCR1,HTR5A,ITGB8,LMO2,LRMDA,MED13L,MTPN,NCAM2,NLRP4,NRSN1,NT5C1B,PCDH18,PLD5,PRRC2B,RAPGEF4,SCIN,SLC25A21,SLCO3A1,SUMF1,TARBP1,TCERG1L,TLL2,TMC7,TRERF1,TRHDE,UBE3A,VRK1,ZNF354A
729	ABCC6,ADAMTS8,ADGRL4,ANXA3,APPL2,BICD1,C12orf75,CALN1,CELF2,CKB,CRACR2A,CTNNA3,ENSG00000261090,EYA2,GRIK4,GSTT4,KIF26B,LRATD1,LRRN1,LYN,MROH7-TTC4,MSR1,NR2F1,NXPH1,OLA1,PCDH7,PLXNA4,POLR2M,PPP2R2C,PRR23E,PTPRD,RAPGEF2,RASGEF1B,RSL24D1,SGCD,SHH,SI,SLC45A1,SLC8A1,SOX11,SPTLC3,SUSD3,TRDN,WWOX,ZNF28,ZNF462,ZNF608,ZSCAN20
730	CMPK1,CYP2A13,DCLK1,DDX11,DDX60L,DEFA5,DPP10,DYRK1A,E2F6,ENSG00000253335,ENSG00000289503,GABRB2,GTSCR1,HTR1B,IGFBP3,IL19,IPO8,KCNA5,KCND2,KCNT2,LINC00310,LINC00667,LINC02073,LRFN5,MCUR1,MEF2A,MFSD6L,MIR3681HG,MTHFD1L,NAP1L1,NCAM2,NR2F2,NRG1,NXPE4,PAG1,PDE5A,PDIA6,POR,RBMS3,RGPD4,RPN1,SLC35B3,SMYD3,SOCS6,TBC1D22A,TTLL2,ZNF195,ZNF536
731	ADGRL4,ALDH8A1,APCDD1,ARRDC4,ATXN1,BANK1,BARD1,CADPS,CDH18,CFAP418,CNTNAP5,COLEC11,CPVL,CYP2U1-AS1,CYP46A1,CYP4F12,DPP6,DPYSL2,EDEM1,ENDOU,ENSG00000286625,FBXL17,FCHO1,FEZ2,FSTL4,GJA1,GOSR2,HPS1,ITGB1,KIFC3,LCLAT1,LINC00885,MAPT,MIR646HG,MUC19,NAALADL2,NPSR1,NTRK3,OTOR,PDZRN3,PIK3CA,SBSPON,SLC12A7,SLC30A8,SPOCK3,TMEM260,TPST2,TRIB2,TTLL2
732	ADAM33,AJAP1,ARHGAP42,ARHGAP44,ATP9B,BASP1,BMP6,C6orf163,CELA3A,CLIP4,CSMD1,CTNNA2,DIAPH3,EIF5,ENSG00000268683,ENSG00000289710,GRIN2B,IER3,IMMP2L,ITPRIPL2,LINC02860,LRRFIP2,LUZP2,MALRD1,MPDZ,MRPL39,MYOM2,NKAIN2,NPR3,OTOR,PABPC4L,PCSK5,PLAAT1,RASAL1,RBBP6,RPL10L,SLITRK6,SLX9,SORCS1,SOX5,SUCLG2,TBX21,TENM2,TLE3,TPCN1,TSNARE1,UNC13C
733	ABTB3,ASB1,ATPSCKMT,BRD1,BRINP1,BTN3A1,CDH11,CECR2,CHST8,CNTNAP2,COL9A1,CSMD1,ENSG00000249926,FAT2,FOXG1,FUT9,GPC6,GRIN2A,HLCS,HS3ST1,HSPBP1,ITGB2,KDM4B,LHFPL6,LRFN2,LYZL4,MAP3K7,MYO16,NEU4,NFIB,OBSL1,PABPC4L,PCDH18,PCDH7,PFKFB3,POFUT3,PTPRN2,S100A6,SCAF8,SIGLEC12,SLC35F3,SPTBN1,TBCE,TRIM36,UNC13C,ZDHHC11,ZNF217
734	ADGRB3,ALPK2,ARHGAP22,ASAH2,BCO1,CACNA2D1,CAMK2D,CBLN2,CDH7,CEMIP,CNTN4,CNTN5,CSMD3,CTSC,CYLC2,EDEM1,EFR3A,ENOX1,ENSG00000285888,FMN2,FOXG1,GABRG2,GFRA2,H6PD,KIAA0513,KNG1,LRATD2,MBNL2,METTL16,MGAT5B,OLFM2,PBX1,PRKG1,PTPRR,RYR2,S100A6,SGK1,SH2D6,SLC41A3,TECTB,TMEM132C,TRAV8-1,TUBA3C,UGT2B7,VPS26B,XRCC2,YPEL2,ZBBX,ZNF217
735	ABCC1,ADARB2,ANXA2,BHLHE22,C12orf75,C1QTNF1,CBLN4,CDH19,CTSO,DNAH5,DNTT,ENAM,ENSG00000283321,ENSG00000283563,FAM90A27P,FHIT,FSCB,GGT5,GRID2,HHAT,LRATD1,LRP1B,LRRIQ3,LRRTM4,MECR,NANOGP8,NR2F2,NUP98,PCDH15,PDE5A,PDE9A,POC5,RGS20,RIBC2,RORB,RRAGC,SDK1,SLC10A2,SLC46A3,SURF6,TBC1D3L,TENM3,TGFB2,TLR3,TMEM132B,TMEM132D,TRAF1,ZNF528
736	AGXT2,ALCAM,ANO5,ATG5,BMP4,BTBD3,CAMKK1,CBX7,CCDC85A,CDH12,CIMIP4,CNTN5,CRACR2A,CSN2,CYP26A1,DHTKD1,EPHA5,ERO1B,FAM110B,FGF9,FOXL1,FRRS1,GADD45G,IGFBP3,IGFBP7,KCNU1,KIR2DL3,LRRIQ3,MALRD1,MAP3K21,MEGF11,MSI2,NAMPT,NCAM1,NR2F2,PAK5,PRKG1,PRKN,RFTN1,RGS10,RPS14,RWDD2B,SH3BP4,TAFA5,TBX5,TGFBR3,TRAM1L1
737	AK3,ARHGEF26,ARRDC4,BTBD3,CBLN2,CCDC3,CHORDC1,CPZ,CREB5,CSMD1,DCC,DNAJC13,DPP6,DSCAM,EIF3M,ENSG00000272297,EPHA4,FAM204A,GALNT13,GALNTL6,GLT1D1,INHBB,JCAD,KCNT2,KCTD8,KLHL1,LINC01018,LMO7,LSAMP,MACC1,MARK4,MGAT4C,NDST4,OSTM1,PABPC4L,PCDH9,PDGFD,PLCB1,PYDC2,RAB12,SIRPA,SLCO1B1,STK38L,STX18-AS1,SYT10,TNP1,ZFAT,ZMIZ1
738	AARD,ADGRL2,ADHFE1,ALK,ARNT2,C6orf118,CADM1,CDH22,CHST9,COL4A3,COPRS,CRIM1,DHX37,ENSG00000286625,FHIT,FMN1,HSD3B1,IYD,JCAD,KCNQ5,KLHL25,KTN1,LINC00908,LINC00958,LINC02549,LINC02884,MYCN,NFIL3,NRXN3,OLFM1,PCDH7,PFKP,PKNOX1,POGK,PRKCQ-AS1,RAI14,SDK1,SEL1L,SGCZ,SLC24A2,SLC2A9,SSTR4,STK38L,TASP1,TRAM1L1,TUSC1,TUSC3,VWC2,ZNF462
739	ACSL3,AGPAT5,ASTN2,CCDC74B,CCDC85C,CCL23,CPLX4,CPNE4,DLGAP1,DNAH5,ENSG00000272361,ENSG00000287451,FAT4,FHIT,FTMT,GRIN2A,GRIN3A,HDDC2,IGSF9B,IL17RC,ILDR1,KIF26A,LINC02284,LINGO2,LRRC4C,MACROD2,MAPK10,MLLT3,NAP1L4,NRSN1,NXPH1,OPCML,PBX1,PIRAT1,PRDM5,PTPRZ1,RAB38,SAMD12,SCAMP3,SHISA9,SLC6A18,SVEP1,TDRD15,TENM3,TENM4,UGCG,UMAD1,WNT5A,ZNF816-ZNF321P
740	ADGRL3,AEBP2,ANO4,C14orf119,C4orf33,CAMTA1,CCDC124,CCER1,CD5L,CDC14C,CDH6,CFAP418,COL11A1,CPS1,CSMD1,EPHA6,FRAS1,GADL1,GJB6,GRIN2A,GSK3B,HEMK2,HMX3,IPMK,LARGE1,LINC00930,LINC01091,LINC01508,LSAMP,MGAT5,MTUS2,NRXN1,NTNG2,NUDT12,PAX7,PTH2R,RNF32,SEM1,SEMA5A,SOX9,SPATA17,SV2B,TBX3,TENM4,TNFRSF19,TRPM1,UMAD1,UNC5CL,XRCC2
741	ADAMTS8,ADGRB3,ADGRD1,ADIPOR2,ANTXR2,APBB1IP,BRINP3,CCT8L2,CCZ1B,CDH18,CHRNA9,CNTN4,CNTNAP4,CRYBB2,DEFA5,FAM201A,FAT3,GLIS3,IGFBP7,IGFL4,JAK2,KHDRBS3,LSAMP,NALCN,NEDD4,NOP53,NR5A2,PCSK2,PKD1L1,PYDC2,RERG,SAMSN1,SEC61A1,SERP2,SLC15A1,SLC16A9,SLC38A11,SLC8A1,SNX29,SOX11,SPRING1,SYNDIG1,TENM3,TMEM215,ZFAT,ZNF516,ZNF608,ZNF670
742	ADGRB3,AKR1E2,ANO5,AUTS2,BCR,CCR2,CDH9,CLEC19A,CNBD1,CPPED1,CPVL-AS2,CSMD1,DSCAM,ENSG00000230333,ENSG00000267699,EVC,FHAD1,GABRA4,ICE1,KCNE4,KCNJ2,KIAA1217,L3MBTL4,LINC03125,LRRC4C,LUZP2,METTL3,MRGPRX2,MRPS6,NAV3,NDN,NDST3,NPY,NXPH1,PCDH7,PCED1B,PITRM1,PJA2,POGK,PPFIBP1,PTGS2,RASGEF1B,SUCLG1,TLK1,TNKS,TOMM7,YTHDF3
743	ABCA1,ACSL1,AKAP1,ASB1,B4GALT5,BMPER,CDON,CFAP299,CHRM3,CLASRP,CNTN4,CPNE4,DUSP18,ENSG00000253445,ENSG00000254186,ENSG00000282278,ENSG00000283228,FAM50B,HNRNPLL,KCNQ5,L3MBTL4,MSX2,MTRR,NCS1,NFIA,NFKBIA,NRTN,PAQR5,PCDH17,PCDH7,PEX11G,PTPRN2,RAB6B,SERPINA4,SLC25A48,SLC9A9,SMAD3,SMIM7,SNHG27,SOX17,SYNDIG1,TENM3,TLL1,TMEM100,TRIM69,TXN2,UNC5B,UPF2,ZFAT
744	ACADVL,ACBD4,ALKAL2,AQP9,ARAP2,ARPP21,C4orf33,CAB39,CNTNAP5,COL23A1,COL5A3,CSMD3,DPP10,ENSG00000266369,EPM2A,ERGIC1,FAM90A27P,FOXD1,GALNT13,GALNT17,GNPTG,GRIK1,GSG1L,IRX6,JPH3,KALRN,KLF6,LARGE1,LSMEM1,METAP1,MPDZ,MRPL39,MSX2,NPR3,PARM1,PCSK5,PDPN,PLIN2,RNF8,SEMA4B,SHANK2,SKOR2,SNX31,SOCS6,SPINK4,THSD7A,TPK1,UNC13C,ZWINT
745	AMY1C,ARHGEF35-AS1,BHLHE40-AS1,C5,CC2D2A,CCDC179,CD44,CDH10,CDH4,CEBPG,CFAP298-TCP10L,CNTN4,CNTNAP2,DCD,DZANK1,EEF1AKMT2,EFNA5,ENSG00000203593,ENSG00000286010,ERICH1,ETAA1,ETV1,FSTL5,GDNF,GRIK2,H1-3,HMHB1,ITGA8,KDM4B,LINC01622,LZTS1,MCPH1,NEFM,NFIB,PCDH15,PRLR,PUM3,PXYLP1,RGS7,ROBO1,SCYGR2,SERINC5,SLC16A7,TAFA2,TGM6,THUMPD2,TMEM132C,UBE2U,ZMIZ1
746	ADAMTS14,ART1,BORCS5,CAMK1G,CD83,CELF4,DNAJC15,DPP6,ENSG00000287117,FBLN1,FBXO15,IRX2,JAK2,KCNIP4,KCNN2,KDM4C,KLF4,LAMA1,LMX1A,MCTP2,MRPL39,MTRR,MYO7A,NALF1,NT5E,NXPH1,OR13C7,PATJ,PCDH10,PHLDA1,PLCB4,POM121L12,PRDM11,PTPRS,RBM44,RESF1,RP1L1,SGCZ,SLC10A2,SLC16A9,SLC17A1,SMYD3,TACR3,TAS2R16,TMEM38B,TRIM16,UNC13C,VLDLR,XKR4
747	ADCY7,ARAP2,CAMK1D,CDH9,CNTNAP2,COL22A1,CRNDE,DOK6,EFCAB8,ENSG00000254861,ENSG00000288520,EPHB1,EYS,FBXO38,FGF9,GATA3,GRIK2,ILK,KLHDC7A,KLHL29,KRTAP5-11,KSR2,LDLRAD3,LZTS1,MAFB,MAN2A1,METTL4,NACA2,NRCAM,OSMR,PLCL2,PLD5,PRKG1,PTPRT,PUM3,RBFOX1,RBMS3,SCNN1A,SMYD3,SPRY4,TACR3,TNFRSF11B,TNFRSF19,TTLL3,UFM1,XYLT1,ZNF236,ZPLD1
748	ADRA2A,ASTN2,C16orf82,CDH8,CEP295,CHN2,CNTN5,CPNE4,CROT,CXCR2,EFR3A,ENSG00000233365,FHAD1,FHIT,GARIN1A,GMPR,HDGFL2,INTS1,IVL,KCNAB1,KIF26B,KLF14,LINC01346,LMO1,LYSMD4,MCTP2,MFSD4A,OR1I1,PARP11,PDZRN3,PPP4R1,PRKAB1,RAI14,RD3,RSL24D1,SLC36A2,SMLR1,SORCS1,SP140,TENM4,TNC,TRPM3,TSLIG3A,TYRP1,UBC,UNC13C,UTRN,ZNF385D,ZNF761
749	ACYP2,ADARB2-AS1,APBB2,C12orf75,CCDC92,CD38,CLRN3,CLVS2,CNTN6,COPRS,CTSO,DLC1,EDEM1,ERBB4,ERVK13-1,FECH,FLRT2,GOLGA8B,H3-7,LGALS8,LINC02447,LRP1B,LUZP2,MCF2L2,MRO,MYCN,MYO18B,NDN,NPAP1,NUDT4,PALM2AKAP2,PDE1A,PDE3A,PITX2,PLCH1,PTP4A2,PTPRZ1,SEMA6D,SLC10A2,SLC2A5,SOX11,STARD6,STOX2,TMEM132D,TMEM132E,TMEM259,USP24,ZMIZ1,ZNF496
750	ADARB2,AHI1,ALCAM,ARHGAP40,ARHGAP5,ATP11B,BHLHE41,C10orf67,CFAP20DC,CNTNAP5,CORO2A,DKK1,ENSG00000285471,ENSG00000286922,ENTREP2,FAM163B,FASLG,FRMD4B,GLDC,GLRX3,GYPC,HHIPL1,IPMK,IRAK2,KIF2B,L3MBTL3,LRFN5,MAT2B,MEF2B,MKRN1,NPY1R,NRXN1,NXPH1,PALD1,PHACTR1,PLCB4,RADIL,SHISA9,SI,SLC10A2,ST18,ST6GALNAC5,STEAP1B,STK32A-AS1,TCERG1L,TMEM178B,TNFRSF11A,TPRG1,VIPR2
751	ACCSL,ADCY2,ADPRM,ADRA1A,B4GALT6,C16orf95,CBLB,CCKAR,COL4A3,CSMD1,CYP7B1,DACT2,DLC1,DOCK1,ELAC2,ENSG00000283033,ENSG00000286495,EYS,FAM135B,FBXO31,FGF14,GMDS,GPR158,HACE1,IFFO2,IGFBPL1,KCTD12,LIG1,LRRC4B,MAN2A1,MYO3B,MZT2B,NALCN,NSUN2,OSTF1,PRNP,PRR20A,PRR5-ARHGAP8,RADIL,RFPL3S,RNF182,SBSPON,SGK2,SLC2A13,TECRL,TNIK,TUSC1,ULK4
752	ACTL7B,ADCK1,ASTN2,BRD7,CDH2,CDH7,CDKAL1,CNTN5,CNTNAP2,CNTNAP5,CTSC,DEFA5,ENSG00000283563,ENSG00000289095,EPB41L3,GLI2,GSKIP,GTF2E2,HAS2,HBG2,KBTBD8,KCND3,KCTD12,LAMA2,LARGE1,LGALS8,LRRC4C,LUZP2,MIR4435-2HG,NAXD,NDUFA4,PCDH7,PDE1C,PDGFD,PDZD2,PIRAT1,PLXNC1,PMAIP1,PRAG1,PRAMEF26,PYDC2,SALL4,SNTB1,SWAP70,SYNJ2,TBL1XR1,YTHDC1,ZNF710,ZNF735
753	ACP1,ADARB2,ADGRL2,APTX,ARHGAP42,ATL2,ATP10A,ATP13A3-DT,CCZ1,CLEC4C,CNTNAP2,CREB5,CYRIA,DMRT2,DSTN,DTWD2,ENAH,ENSG00000283563,FAM181B,FCN1,GADD45G,GRIN3A,GTF2H1,IZUMO3,LINC00662,LINGO2,MAFF,MIR1-1HG,OR6N2,P3H2-AS1,PCDH7,PKD1L1,PMM2,PRR16,PSD4,RBM23,RDH13,RNF32,SLC10A2,SLC38A7,SLC52A3,SNX16,SPOCK3,SWAP70,TENM2,TMTC1,TNFRSF11B,ZWINT
754	BMP2K,CACUL1,CCNG2,CD33,CDC14C,CDH5,CMIP,CSGALNACT1,EEA1,EGFR,ENSG00000261019,ENSG00000261037,ENTREP2,EPC2,FGF3,FLVCR1,FLYWCH2,FOXF1,FTMT,GLIS3,HBG2,KCNS3,LRCH1,LYSMD4,PLB1,PLCL2,PPA1,PPP1R2,PTPN1,PTPRO,RADIL,RFX3-DT,RPL38,SEMA3A,SIRT5,SLC10A2,SLC10A7,SLC28A1,SOCS6,ST6GAL2,TAFA2,TBX20,TGFBR2,TRIML1,UTP18,XYLT1,ZNF519,ZNF667-AS1,ZNF804A
755	ACOX3,ANKRD30A,ARAP2,BPNT2,C1orf87,CA8,CBLN2,CDCA7,CDH13,CDH6,CEACAM18,CLVS2,CNDP2,CNOT1,CNTN6,DOCK1,DUSP5,EEA1,EPHA7,FGGY,FMN1,GLIPR1-AS1,HAO1,JAK1,KATNBL1,KCNIP4,LGALS16,LINC00674,MRGPRX4,MTCL1,MTHFS,MYO16,NYAP2,POFUT2,PRND,PTK2B,RASGRP1,SAA1,SLC14A2,SLC30A10,SORBS2,SULT2B1,TMEM163,TSPAN16-AS1,TTC3,TYRP1,UGT2A3,WDR17,ZFAT
756	ACO1,ADAMTS19,ADRA2A,AGBL1,AJAP1,ARAP2,ARHGAP26,ATPSCKMT,C6orf141,CCBE1,CDH6,CLSTN2,COL25A1,CXXC4-AS1,EDIL3,EFCAB11,ENSG00000283563,FCRL5,GRIN2A,GRIN3A,GSE1,HS3ST4,HSPA12B,ING2,KATNAL2,KCNA5,LINC00433,LRFN3,MICAL2,MYCN,NUP88,PGBD5,PHACTR2,PMP22,PRNP,PTGS1,RAMP3,RBM19,RFPL3S,RSPO3,SEMA3C,SHTN1,SI,ST6GALNAC3,TENM3,TLK1,TPK1,XXYLT1,ZNF320
757	ADAM33,ADAMTS16,AFAP1,ARL4A,ARL4C,ARRDC4,BCAR3,BMP6,BTBD16,CBLN2,CDH13,CELF2,CNTN4,DHX35,ENPP6,ENSG00000286868,ENSG00000287693,EPHA5,ERO1B,FAM98A,GALNT13,GALNT2,GNB5,GPC6,GSKIP,GUCY1A2,HAS2,HCRTR2,IFTAP,LHFPL3,LIMCH1,LINC02325,MAGI1,MAP4K4,MARK3,MDM1,MUC20-OT1,NAALADL2,NEK6,NPAP1,NXPH2,PLEK,PRPF40A,SGCZ,SRGAP3,TBX18,TCP10L,TRIM13,UBASH3B
758	ACTR3B,ADCYAP1,ADRA2A,ANKS1B,APBA2,ARHGAP28,BEGAIN,BUD13,CDH5,CELF2,CEP170,CHRNA7,COBL,CUL2,DYNLRB2,EIF4G2,ENTREP2,ERC2,ETNPPL,FTMT,GABRG2,GLIS3,GUCY1A2,HAO1,HIVEP1,HYCC1,IGSF21,IRX5,LINC02718,LPCAT1,LSAMP,MUSK,NACC2,NME7,PDGFD,PNPLA3,POMC,RGS1,RNF19A,SPRED1,ST8SIA1,TENM3,TGFBR2,TRIML1,TUB,UBA6,WNT5B,ZNF385D,ZNF469
759	ADGRG7,ADGRL3,ALG8,ANKEF1,ATXN8OS,BMP5,CABS1,CDYL,CELF2,CEP162,CKAP4,CTNNA3,DPP6,FGF12,GRAMD2B,GUCY1A1,HSD17B4,ICE1,IMMP2L,INHBB,KCND2,KCNIP4,KIRREL3,KIT,KLRK1,KRTAP5-11,LARGE1,LINC00507,LRRIQ3,NDUFV2,NEDD1,NKAIN2,PFKFB3,PTCHD4,RBM19,RCAN3,RPL34,RPLP1,SFRP2,SOX9,TBC1D32,TBX3,TNFSF14,TOX,TRIM36,TTC27,UROS,ZNF516
760	ABCA12,ANO3,ANO5,BCAS1,C16orf95,CAMTA1,CCSER1,CFL2,CSMD3,CYLC2,DYNLRB2,ELOVL6,ERCC4,FHIT,FRG2C,FSHB,IMPA2-AS1,ITPR1,KIF13A,KIF4B,KLHDC7A,KLHL1,LARGE1,LHX5,LINGO2,MACC1-OT1,MRPS10,NAF1,NOX3,NR2F2-AS1,NRG1,PADI4,PLPP4,PLXNA2,PXDNL,RPTOR,SGPL1,SLC22A10,SLITRK6,TENM3,TG,TIAM1,TNRC18,TOX,UGT2B7,USP3,UVRAG,VRK3,XYLT1
761	ACVR2A,ADAM12,AEBP2,APCDD1,ARAP2,AUH,B3GALNT2,BAMBI,CDH11,CNTN5,CPEB2,CSMD1,CSRNP3,DDI1,DLGAP2,DSP,ENOSF1,ENSG00000260771,ENSG00000283563,FBXO39,FOXK1,FSTL5,GALNTL6,GPD1L,KDM4C,KLHDC8A,LRRC15,MCPH1,OR51L1,PARD3,PAX1,PTGER4,RAP2B,SEMA5A,SEPTIN9,SIM1,SLITRK1,SMARCB1,SOX5,SPDYE21,STAU2,TCL6,TMX4,TRIB2,UGT3A1,UMAD1,VAV3-AS1,WASL-DT,XAF1
762	ACTL7B,ADAM12,ANXA8L1,ATP11B,CARMIL1,CDH7,CES1,CLSTN2,CMIP,CNTN4,CNTNAP5,COPRS,CSMD1,DACH1,DTWD2,EFCAB3,ERAP1,EXOC4,FGF20,FOXF2,GRIN3A,GSDMC,IGFBP2,KHDRBS3,KLF6,LINC01739,LINC02055,NALF1,NEBL,NR4A2,OSTN,PCDH17,PDC-AS1,PDE4C,PDZRN3,PLSCR2,RBFOX1,RNF144B,SEL1L,SEMA3A,SERINC5,SH3BP4,SIPA1L2,SMARCA2,TMEM132E,TRPM5,TSNARE1,ZMAT4
763	ADCY9,ASAP2,BTG1,CACNG4,CDH6,CDK5RAP2,CENPF,CHST9,CNTN5,CNTNAP3,DAOA,DAPK1,DDIT4L,DDX60L,DSEL,EIF4E2,ELP1,ENSG00000249016,ENTPD6,FBXO16,FHIT,GADD45G,GLIS3,HDHD3,HS3ST3B1,IFNG,IKZF1,IL23R,KCNMA1,KIF26B,KLHDC8A,LINC01139,MORN1,MTHFSD,MTIF2,NRG1,NRSN1,NRXN1,PCDH7,PDXK,PLA2G2A,PLAT,RBM47,RFX6,SDK2,SNTG2,SORCS2,TAFA2,TLE1
764	ABCA13,ATXN7L3B,BTG1,C16orf82,CACNA1C,CCBE1,CDH18,CDO1,CFAP298,CNTN5,CTSC,DNMBP,DYNLRB2,EIF4EBP1,ENSG00000272632,ENSG00000289580,ESM1,FAM241A,FHIT,HSD17B14,IRX2,KIF26B,LINC00578,LINC02268,LRP1B,LRRC3B,MRPL39,MYOCD,NALF1,NCAM2,NPFFR2,PRKG1,PRUNE2,PTH2R,RAB27B,RMI1,RNF150,RNF222,SEMA3D,SHROOM3,SIRPG,SLC10A2,SLC38A4,SPRY2,TBC1D22A,TSPAN9,TTLL11,VRK3,ZNF385B
765	ABCA5,AMY1C,ARMS2,ATP8A2,ATP8B1,BPNT2,CARD18,CDH13,CDH9,CDIN1,CFDP1,CRYBG1,CYTL1,ENPP6,ENSG00000264705,ENSG00000287993,EYA1,FAM135B,FAM181B,FAM78B,GBE1,GGTLC1,HMGN1,HS6ST1,IFTAP,ITGA9,KIAA1549,KLF12,LPP,MAP3K8,METTL4,NMI,NUDT12,PCDH7,PDE5A,PDGFC,PFKFB3,PGCKA1,PMAIP1,RTKN2,SGK1,SMCO4,SUCLA2,THBS2,TSPYL5,ZNF300,ZNF385D,ZNF808
766	AGBL1,AMBP,ARHGEF10L,BNC2,CD46,CERS6,CITED4,CNR1,CST4,CYLC2,CYSLTR2,DAOA,DCHS2-AS1,DENND5A,DPRX,EGLN3,ENSG00000264116,FREM2,FRMD1,FUT2,GABRB3,GRM8,HAPSTR1,HNRNPA1L3,ID2,IFTAP,KIRREL3,KLHL29,LRRTM4,NAT1,NEURL1B,NMBR,NTN1,NUDT5,PCDH7,PKN2,PLPP4,PRKCQ,PXDN,RAP2A,SC5D,SEC14L3,SEPTIN9,SLC35F3,TRAM1L1,VRK1,ZC3HAV1,ZNF230,ZNF804A
767	ADGRL3,AGA,AGBL1,BCKDHB,CAV3,CBLB,CCDC54,DDX11,DHTKD1,DPP10,ELAC2,ENSG00000267481,FRG2C,FSTL5,H3Y1,KCNQ5,KLF6,LINC02055,LPP,MAPT,MCF2L2,MRPL39,MTRR,MUC7,NCAM2,NCOA2,NLRP3,PPARGC1A,REG3G,RPTOR,SEMA3C,SGCZ,SHISA6,SLITRK1,SPRY2,SYNE1,TCF7L2,TMEM132B,TP73,TRIB2,TSEN2,TSN,UNC13C,UNC5B,VEGFC,VEPH1,ZFPM2,ZNF462
768	ADAMTS9,ARHGAP25,C4orf33,CACNG4,CDH6,CHGA,CMPK2,COBL,COL5A2,CSMD1,DUSP1,EIPR1,ELMOD1,ENSG00000229727,ENSG00000236744,ENSG00000284686,ENSG00000286914,ERG,FAM98A,FER,FOXQ1,GRK3,IMMP2L,KCNG1,KIF16B,KLF12,KLRD1,LINC02016,LRATD1,MCTP2,NCAM2,NPBWR1,NWD1,PCDH15,PDHA2,PIK3R4,PTH2R,RAB38,RMP64,SAMD5,SLC15A4,SPTLC3,TARBP1,TBX3,TENM2,TIAM1,VRK1,ZNF608
769	B3GAT1,BANP,BMP4,CAPN9-AS1,CELF2,COTL1,CRACR2A,CTNNA3,DCHS2-AS1,DDX11,DNASE1,ELMO1,ENOX1,GADD45G,GALNTL6,GAS7,GOLGA8N,GPC5,GPCPD1,GPRC5D-AS1,GRIP1,GTF2A1L,GUCY1A2,H3Y1,ICE1,IGHMBP2,JCAD,LINC03000,MOCS1,MYC,NUDCD3,OAF,OTOL1,PBX1,POU2AF2,PPP1R3A,PPP3CA,PSD3,QKI,RARB,RGL1,RIN3,RNF144A,SYNPR,TIAM1,TSPAN4,TUBA3C,VWDE,ZNF521
770	ABLIM2,ACP3,ACVR2A,AMY1C,ARHGAP19-SLIT1,BCHE,CPEB2,CXCL12,ERBB4,ERG,FBXO8,FGFR2,FZD4,GNG4,GPC5,HEMK2,HS3ST1,IL1RN,KCNT2,LDB2,LEKR1,LINC00941,MAF,MDGA1,MTO1,MZT1,NOP56,NPY,NTM,NTNG1,PDK4-AS1,PRLR,PYHIN1,RUNX3,SLC35B3,SLC38A11,SLIT2,SLITRK5,SMIM20,SOX11,STARD3NL,TADA3,TFAP2C,TG,TRIB2,TRPM4,TUBA3C,ZNF385D,ZNF652
771	ADAMTS2,AGA,AGBL1,AGMO,AKNA,ARHGAP24,ARPP21,CCDC6,CDH2,CNTNAP5,COL5A1,CSMD1,CSMD2,DDX60,DISC1,ETV6,FAM234B,FOXQ1,GSR,LHFPL7,LINC01192,LINC03051,LY6H,MAGI1,MAN2A1,MFF,MKI67,NBEA,NR2F2,PIGK,POT1,PRKD1,PRKN,PRR16,PTCHD4,PTPRD,PXYLP1,RNASET2,SLITRK6,SRP72,STIM2,SVIL,TIAM2,TSLP,TSPAN11,UNC13C,USP53,WWOX
772	AADACL3,ABCB11,ADAMTSL3,ADPRM,AJAP1,AMY1C,ANO4,CAMK1D,CCSER1,CDH6,CDHR3,CSMD1,CSMD3,CTNNA2,CTNNA3,DIPK1C,DNAH5,DSCAM,DYNLRB2,EDEM1,ELAC2,ENSG00000236332,ENTREP2,HACE1,INO80B,INTU,ITGB6,KLHL29,LINC00544,LINC02232,LUZP2,MTHFS,NECTIN1,NLGN1,NR2F2,PDGFD,PDGFRA,PGM2,POM121L12,RERGL,SLC7A1,SPOCK1,TACR1,TMPRSS15,TNFAIP3,TTC33,TXNDC11,WIPI2,ZSWIM2
773	ABAT,ACYP2,ADARB2,ADGRL3,ANKRD34C,ATXN3,BANP,C17orf50,C4orf33,CAMK1G,CD247,CDH2,CDYL,COL12A1,COLEC11,CYP1B1,DIPK2A,DPP6,DSG2,EFR3B,ENSG00000267571,ENSG00000288069,ENSG00000288075,EPB41L5,FAM20A,GLT1D1,GRIP1,GUCA2B,KCNC2,KCNIP4,KLHL6,KLRB1,MC4R,MX2,PCDH7,PTPRD,RAB28,SAMD5,SLC12A8,SOX11,STK32B,STON1-GTF2A1L,TMCC3,TMPRSS7,TUT7,VWF,XYLB,ZNF285,ZNF521
774	ACSL3,ADAM8,ADGRL3,ANK1,APOBEC1,ASB5,BEND7,C11orf87,C1QTNF7,CCDC179,CCDC201,CEP104,CNTNAP2,CPVL,CYP26B1,DUSP4,DYNC2H1,EDIL3,ENSG00000253288,ENSG00000255477,ETV1,ETV3L,FAM135B,FGF20,FOXQ1,GABRG3,GOT2,GPC5,HRH2,IL17RC,KIF26B,KLHL1,MAP2K2,MDGA1,MTPAP,NALCN,NAV1,NME7,NR5A2,NUF2,PLXDC2,PTPRT,SPAG16,TAS2R16,TFIP11,TXNRD1,USP25,ZFAT,ZNF648
775	ADPRH,ANK2,ANKRD55,ANKS1B,BTBD3,C4orf33,CCDC34,CDH11,CDH9,CNTLN,COL15A1,CRIM1,CTNNA2,CTNND2,DCHS2,DPP7,ELMO1,EML5,ENSG00000226323,ENSG00000248994,ENSG00000267462,ESD,FAM110B,FAT3,FRMD1,FSCB,HDAC9,IGSF21,KBTBD8,KCNQ3,LINC02987,LMBRD1,LRRC4C,MAP3K7,MAP3K8,MSRB2,NUP88,PLCXD2,RFC3,RGS21,RP1,RSU1,SEMA3C,SOX5,ST6GAL2,TMEM132B,TUSC1,UBE2QL1,WASF1
776	ANKRD30BL,AP3B1,ARHGEF10,ASTN2,ATP13A4,BMP2,BPI,BRD3,CAMK1D,CMPK2,CTNNBL1,CYLC2,CYP4F3,DPP10,ENSG00000234818,ENSG00000266369,FAM78B,FBXO33,FHIT,GRAMD4,HTN3,KBTBD8,LINC01115,NECTIN3,NOVA2,OPCML,OR6B3,PCDH15,PHLDA1,PLPPR5,PSMG1,PTPN3,RBM46,RUNX1,SEMA4B,SERPINA6,SERPINB7,SLITRK6,SMC3,SORCS1,SPMAP2L,STC2,TACR3,TMPRSS15,TSNARE1,UBASH3B,VIT,VRK1,WDR11
777	ADAM22,ADAMTS16,ADGRL3,ATPSCKMT,CLRN1,CNTN5,CSMD1,EBF3,ENSG00000286211,GATAD1,GINS3,GMPR,GYPB,HFM1,IGF1,IMMP2L,IQCE,LARGE-AS1,LINC01968,LINC02353,LPCAT1,LRRC20,LYRM2,LZTS1,MAGI2,MYC,NAV2,NCEH1,NDFIP1,NPFFR2,NTM,NUP107,OR4M2-OT1,OSTN,PAPPA2,PDE10A,PLA2G4A,PMAIP1,PPM1H,PRKG1,SEC61G,SH3BP2,SLC35B3,TNIP1,TRARG1,TTC7B,WIPI2,XYLT1
778	ADGRL3,ALCAM,ATP10A,CLMN,COG7,CPN2,CXCL1,DOCK1,ENSG00000237378,ENSG00000287848,FAM124B,FHIT,HMHB1,KCNC2,KIRREL3,KLK6,KRT10-AS1,LDLRAD3,LSAMP,MANBA,MB21D2,MCTP2,MDGA2,MRPL15,OXSM,PATJ,PBX1,PDGFA,PLXDC2,PRKCQ,PTPRU,RAP2B,RBM26,RDX,ROBO2,RORA,RREB1,SCLT1,SEMA6A,SIGLEC12,SLC29A3,TBC1D1,TBXT,TENM3,TRIM24,TRIM68,UGT2A3,UNC13C,ZFP36L2
779	ADAM12,ADRB2,AMY1C,BMP4,CDH6,CDH9,CNTN5,COBL,CXADR,DNM3,EEF1E1,EGLN3,ENSG00000233625,ENSG00000285797,EPG5,ETV6,EXOC3L4,FAM171A1,FEM1A,FGFBP2,HS6ST1,HSD17B3,IGFBP7,KRAS,LRFN5,MAML3,MAP3K20,MBL2,MCF2L2,MELK,MRPL1,MYO3A,MYT1L,NUP35,PDE3A,RBFA,SELP,SLC9A9,SMIM12,SNHG20,SQOR,SUMF1,SYT1,TENM2,TMEM132D,TMX3,TNFRSF8,TSHZ2
780	ADAMTS18,ARHGAP15,ASB1,CAND1,CCDC82,CDH18,CELF2,CEP57,CHRAC1,CLMP,CNTNAP2,CPE,CSMD3,DENND2A,DHRS3,DUSP10,ENC1,EPHA7,EXOC2,FAM181B,FAT1,FAT4,FHIT,FZD8,IRX3,KDM4C,LINC02128,MARK4,MTNAP1,NADSYN1,NCF2,NIBAN1,NR2F2,NR5A2,NUFIP1,OTOS,PCDH7,PLPP7,PRKN,PTBP3,SERPINB11,SOCS6,SPATA3,TMEM154,TP63,TRAM1L1,UCMA,VAV2,WASHC2C
781	ADAMTS5,ADGRL3,ASPH,ATP2B4,BCR,CBY2,CD109,CDH4,CHMP2B,CLEC12A,CSMD1,DLC1,DPPA4,DRC11L,EOMES,EPHA4,EPHA6,ETNK1,FOXK1,GPAM,GRM7,HS3ST2,IPO5,IPO8,ITK,KSR1,LIPG,LYZL1,MTUS1,NANOS1,NBEA,NLGN1,NUB1,PCDH7,PRKG1,PWRN1,SLC16A9,SLC39A10,SMR3A,TBL1XR1,TBX18,TIAM1,TMEM132D,TMEM26,USP47,WIPF3,ZFAT,ZNF596,ZP4
782	ABTB3,ADGRL3,AP1M1,ATP8B1,BCHE,CCND2,CDH18,CDH20,CNTNAP5,COPS9,CSMD1,CYLC2,DCHS2,DLGAP1,EEF2KMT,EMCN,ETNK1,EXO5-DT,FAM114A1,FAM98A,FOXN4,GLP2R,GLRX3,HEBP1,HMX1,KCNK1,LCMT1,LRATD2,MACROH2A1,MOXD1,MRC1,MUSK,NAP1L4,NCALD,NFIA,NUF2,POSTN,PRKCA,PROK2,RGS5,SCN3B,SEC23B,SLC35B3,SMARCA2,TENM2,UBA2,VWC2L,XYLT1,ZNF736
783	ACO1,AGAP1,ANKRD18B,ASIC2,BCR,BICC1,CCDC175,CHORDC1,COL14A1,CRADD,CSF1,CSMD1,DCC,DDX11,DGKB,DYNC2LI1,FAM135B,FAM43B,FLRT2,GAS7,GCNT1,KCNG2,LINC01767,LMNB1,LRATD2,MALT1,MDGA1,MGAT5B,MKLN1,MRPL39,MTMR9,NAT2,NDUFA4,NPAP1,NPHP4,OR13F1,PTPN18,SEMA6A,SGK1,SLC36A2,SRCIN1,SRGAP3,STMN2,TENM2,TERF2IP,TRIML1,VAPA,ZDHHC14,ZNF385D
784	ABCA1,ADAMTS5,ADGRB3,C8orf34,CARMIL1,CDH13,CSMD1,CTNNA2,CTNNB1,CTSZ,ENSG00000253238,ENSG00000278071,ENTPD4,FSTL5,GFRA2,GMDS,IFI16,IL1RL1,KCNN2,KHDRBS3,KIAA1217,LHFPL2,LRATD2,LRIG2,MIR4435-2HG,MROH9,NDUFA10,NEDD4L,NPS,NUDT7,PARP4,PMEPA1,PXDN,RAB4A,RCOR3,RORB,RPS6KA2,SDHAF3,SEMA5A,SLC14A1,SLITRK5,SYT14,THBS1,TMPRSS11D,TWIST1,VSTM2A,WWOX,ZEB2,ZNF880
785	ADORA1,ATF7IP2,BNC2,CASP6,CBLN2,CDH12,CEP43,CPEB4,CRYBB2,CSRP1-AS1,ENSG00000273073,FAM98A,FGFR2,GATA3,GTF2H5,H3Y1,HELT,ING2,ITGA7,JCAD,KIRREL3,MALRD1,MCF2L,NBEA,NCAM2,NFIA,NPFFR2,PALM2AKAP2,PCDH7,PCSK2,PMP22,POLR1F,PPFIBP1,PRRC2C,PSMD7,PSMG4,PTPRD,RAB12,RBMS1,RTL1,SEMA6D,TLE3,TNK2,TP63,WDR47,ZFAT,ZNF648
786	ACKR3,ADGRL3,ANKRD26,ASIC2,BANF2,C16orf82,CBR3,CCNG2,CDH11,CLINT1,COX18,DCAF10,DHX37,DIPK2A,DLGAP1,DPP6,EDEM1,ELP5,ENSG00000285218,FAM135B,FAS,FAT3,GCNT1,GREB1,KALRN,KLF12,KLHL1,LINC02616,LINGO2,LRRFIP1,MANEA,MMP26,MYO5B,NTRK2,OSTN,PCDH15,PTPRK,RBM26,RESF1,RYK,SLC4A3,STIM2,SUGCT,SULF1,TBC1D8,TECRL,THADA,TRIB2,TTYH2
787	ADAMTS9-AS2,ADGRD1,APOL3,ARHGAP28,BRMS1L,CCDC179,CNGB1,COBL,DEFB131A,DPYSL2,ENSG00000286022,EPHA6,EPHA7,FEZ2,FOXQ1,G2E3,GALNT13,GPR26,HNMT,HS3ST3B1,HSD17B3,LINGO2,LRP1B,LRRTM4,MAGI1,MMP13,NAP1L1,PABPC4L,PARP2,PENK,PLOD2,RFX3,RGL1,RNF17,SGCZ,SLC17A6,SNHG29,STPG2,STXBP6,SUB1,SYNDIG1,TBC1D22A,TGFBR2,TRAM1L1,TTC39B,TTLL1,VASH1,ZFP42
788	ADAMTS17,ARHGAP12,BACH1,C6orf15,CARD11,CMPK2,CNTN6,CTNNB1,CXADR,DOCK7,DSCAM,ENSG00000264449,EYS,FAT4,GJA3,GPLD1,HPAT5,ITGA6,KCNIP4,MBL2,MICAL3,MSX2,MYL1,NAV3,NELL1,NKAIN2,NPY2R,OLFM4,PARD3,PCMTD1,PDZRN3,PI15,PITRM1,PRKG1,RPUSD4,RUNX3,SCARA5,SDR42E1,SHH,SLC22A10,SMTN,SNX16,SORCS1,SRGAP3,TMC2,TRIB2,UGT8,UNC5CL,VPS13C
789	ACSS3,ADRA1B,AK4,ARHGAP8,B3GALT5-AS1,BLID,CBLN2,CCNA1,CNTN4,CNTN5,CPLX4,DBNL,DPP6,DYNLRB2,ENSG00000263618,ENSG00000275202,ENSG00000286908,EPHA4,FER,FOXN3,GABARAPL1,GCC2,GRM7,KHDRBS3,LINC03000,LRATD1,LRRC32,MAF,MAGI2,MARK3,MYO7A,NLGN1,NRROS,OTUD7A,PLEKHH2,RELL1,RPTOR,SAXO1,SLCO1A2,SPRY2,TFRC,TM4SF18,TRMT9B,VRK1,WNT7A,YWHAQ,ZNF486,ZNF626
790	ABTB3,ADH7,ADTRP,AHR,AKR1C4,ANKRD7,ANTXRL,ATXN10,BAIAP2L2,BCL11B,CBLB,CBLN2,CNBD1,COPS8,CPN2,ENSG00000235281,FARP1,FBN1,FMN2,FOXG1,FPR3,GRIA2,GRM7,HS3ST1,HS3ST4,KCNE4,KLF6,LINGO2,LPL,LUZP2,MFHAS1,MGAT4A,MSX1,NPSR1,PKHD1,POM121L12,SORCS1,SP140,SPRY2,STARD13,STK39,SV2C,TMEM108,TRGC1,UNCX,ZNF148,ZNF469,ZNF57,ZP4
791	ABCA12,ABCA13,ABCC6,B3GALT5-AS1,CACNB2,CCND2,CDH11,CDH7,CELF4,CNTNAP2,COL11A1,COX10-DT,CXCL12,CYP11B1,DPP6,ENSG00000272908,ERBB4,FGF12,FGF19,GABRG3,GNPDA2,GOLIM4,GPRC5D-AS1,LCORL,LINC00879,LINC01497,LINC02966,LSM14A,MCM9,MGAT5,MICALL2,NPY1R,NUGGC,PLXDC2,RAB28,RPL23,RUNX1,SEMA6A,SGSM1,SLITRK5,SMARCA2,SV2C,TGFBR2,TGFBRAP1,THSD7A,TSC2,UCMA,ZFP42,ZNF85
792	ADAMTSL3,AGPAT3,ALDH1A3,ASTN2,CCDC60,CCER1,CDH18,CHRM2,CNTNAP5,COL4A4,CPA3,DAOA,EDEM1,ELAVL3,ENSG00000262231,FAM120A,FAM149A,FGF12,GALNT2,GAS7,GHR,HEXB,IGSF23,IRX1,KLF12,KLHL36,LAMB4,LHX2,LRRTM4,LSAMP,MGAT5B,MKLN1,NALT1,NCAM2,NFATC2,OSBPL1A,PCDH15,POLR1F,PRKN,PTPRN2,RGS12,RGS13,RPS24,TBX5,TRAPPC9,UBE2E2,WDR19,ZNF608
793	ADAMTS9,ADGRL3,AEBP2,AGA,BEND3,BOD1L1,CD300C,CHST1,CRIPT,DSG1,ENSG00000250775,ENSG00000293570,ERI1,FAM3C,FIGNL1,GAS2,GPC5,GRIK2,GRM5,IGSF10,KDM4C,KSR2,LIG4,LRP1B,LRRC8B,MDFIC2,NAF1,OPCML,OTOP3,PALM2AKAP2,PALMD,PKN2,PLSCR4,PTP4A3,RBFOX1,SGCZ,SHANK2,SIPA1L2,SLC37A2,SLC7A7,SLIT2,STX16,TLCD4,TSLIG3A,TSNARE1,ULBP3,USP36,ZBTB21
794	ADAMTS9,ADGRL3,ALDOB,ANKS1B,APOE,BMP2K,BUD13,CDH11,CDKL2,CLDN14,CNTNAP5,CSGALNACT1,CTSZ,DENND2B,DTHD1,EEA1,EFR3A,ENSG00000259647,F3,FBXO15,INSR,ISG20,KLF13,LINC02337,LINC02853,LMO1,MECR,MYOF,NDST3,NLGN1,NLRP5,NRXN3,PCDH7,PCGF5,PDE10A,PRMT9,RAD9A,RAF1,RUNX2,SACK1B,SCN1A,SFRP2,SMIM41,SPATA13,SV2C,TENM3,TESPA1,TIMM17A,TMPRSS15
795	ADAMTS18,ADARB2,BMP2,CACNA2D3,CCDC60,DCLRE1B,EFR3A,ENSG00000248597,ENSG00000272537,FBLN1,FLRT3,FRMD4A,GRIN2A,GRM7,HERC1,HS3ST4,IGFBP7,IGSF11,IL1F10,KCNK10,LINC02018,LRP1B,LUZP2,MIIP,MMP2,NPBWR1,NTN4,PARAIL,POR,PTPN14,RAD51AP2,RAP1GAP2,RBFOX1,SERBP1,SLC8A1,STARD3NL,STK32A,STRN,TAF3,TMEM156,TNPO1,TRPC4,TTF2,UBE2QL1,WFS1,WLS,ZNF236,ZNF536
796	ADGRA3,ART5,ATP5IF1,ATXN1,BCKDHB,BRD1,C4orf50,CCDC82,DNAJC13,DYNLT1,EN2,ENPEP,ENSG00000234626,FLVCR1,FN1,FSTL5,GATA3,GPCPD1,GRIP1,HRH4,IL1RN,KRT7,LINC01301,MCPH1,NCAM2,NCOR2,NDST4,NDUFA4,OLFM4,PHLDA1,PIEZO2,PIK3AP1,PRDM11,PRPSAP1,RBMS1,RBMS3,RNPC3,SLC4A8,SNTG1,SOX17,STIM2,TAFA5,TEX29,TMEM45B,TMPRSS15,TPD52,TRIB2,TSN,ZNF169
797	API5,ARHGAP15,ARHGAP26,BMP7,BRMS1L,C4orf33,CCDC179,CDH12,CFAP100,CFAP54,CNTN4,DEFB135,DEUP1,EFR3A,ENPP6,ENSG00000285082,FBLN1,FLT3,FSTL5,GATA3,JCAD,KCNIP4,KHDRBS3,LARGE1,LINC02270,MFSD2A,MTMR10,MYC,NRSN1,OTUD7A,PANK4,PCDH10,PLA2G4A,PLCB1,PLXNA4,RNF144A,RRAGC,RREB1,SDK1,SEZ6L,SLC24A2,STX18,TMEM132C,TRIML1,USP10,VRK1,VSTM2B-DT,ZNF608,ZSWIM2
798	ACSL3,AGA,AOAH,ARHGAP15,ATP6V0E2,CNTN4,CSMD1,DYNC1H1,ENSG00000271949,ENSG00000272297,ENSG00000286221,EZR,FAM241A,GLRX3,GPC5,HACE1,KCNMA1,KCTD15,LARGE1,LRIG3,LRRFIP1,LSM8,MAFB,MAP3K21,MCUR1,MRPS25,NAALADL2,NFE2L2,NXPH1,OSR1,PDE3A,PINX1,PIWIL1,RP1L1,SH3TC1,SHANK2,SLC25A48,SLCO1B3,SORCS1,SV2C,TENM4,THEM6,TM2D3,TMCC3,TOX2,TRIML1,ZNF85
799	ACP1,ADAM2,ADRA2A,ADRA2C,ARAP2,ASIC2,BMP6,C3orf20,C4orf33,CDH13-AS2,CHODL,CHST15,CNTNAP5,CP,DCP2,ENSG00000268555,FAM110B,FAT3,FHIT,GML,GPR139,GRM3,HAUS6,HDGFL1,MED10,MIR3147HG,MYO16,NCOA2,NPAP1,NUPR2,OPTN,PARP2,PLSCR5,POM121L12,PRKCQ,PTPRD,RNASET2,RUNX3,SEPTIN9,SMOC2,SPOCK3,STK10,TBCEL,TMTC1,TRPA1,TUSC1,TYRP1,VAV3-AS1
800	ADRA2C,ALK,ANK2,AVEN,CACNA1E,CCDC179,CDC42EP3,CDH2,CNTN3,CRADD,DAOA,DAPK1,DOK6,DSEL,EDARADD,ENSG00000288973,EVC2,EYA1,FRMD3,GAD2,GAP43,GLIS3,HDAC9,HIPK2,HSD3B1,IGF2BP2,IQGAP1,IRX2,ITPRID2,LINC02218,MDGA1,MMP16,MYH10,NGF,NRP1,PARVB,PITRM1,PXDC1,RFX7,SDC1,SEMA5A,SLC38A11,SPMIP3,TAFA2,TLE1,TRPM3,ZBTB43,ZDHHC21
801	ABHD17C,ATP10B,AUH,BMP2,CA8,CNTN6,CSMD1,DCAKD,DET1,DEUP1,EMID1,EPSTI1,EXT2,FBN2,FSTL5,GALNTL6,GOLGA8M,HS3ST1,HTR4,HTR7,IRF8,JRKL,KCNJ6,KLRG1,LAPTM4B,LINC00667,LINC01055,MAN1A1,MMP20,NBEA,NDUFS5,NT5DC3,PARD3B,PLCB4,RAB28,RAP2B,RBFOX1,RFC3,SCD5,SLC15A1,SLC35G4,SP100,TBL1XR1,TRIB2,UNC5B,VTI1A,ZBTB18,ZNF521
802	ADRA1A,BICC1,CCDC68,CHRM3,COMMD6,CPSF2,CSMD1,EFHD1,ELFN1,ENSG00000258744,EPHA5,FAM43A,FANK1,FOXG1,FOXN3,FRG2C,GAA,GLI2,GRM7,GSG1L,KANK4,KCNMB2,KIAA1217,LINC01088,LMO3,LRFN5,LRRIQ3,MC4R,MCPH1,NAALADL2,NBPF3,NETO1,PEX2,PLGLB1,POF1B,RFX8,RGL1,RPL15,RPS6KA2,SEMA5A,SFRP4,SGIP1,SH3BP2,SUSD1,TMTC2,TRAM1L1,TSPYL5,WDR27,WWOX
803	AADAT,ADGRB3,AGA,AKAP7,ATOH1,CBARP,CCNG1,CDH9,CNTN5,DCLK3,ENSG00000205959,ERCC4,GABRG2,GOLGA8N,HSD3B1,IRX4,KCNK13,LIMD1,MAGI1,MARCHF11,MICAL3,NMT2,NWD2,PCDH15,PIGN,PLA2G5,PRKCQ,PTPRN2,RAB27A,RASGRP1,RP1L1,RPS29,SLC13A1,SLC8A1,SLITRK6,SOX5,SPOCK2,SPRY2,ST6GAL1,TAGAP,TENM3,TPM1,TUSC3,VAV2,ZMAT4,ZNF536,ZNF83
804	ATP10B,ATXN7L1,CDH8,CNNM1,CNOT6L,COQ2,CXADR,CYB5A,DDX11,ESM1,FAM43B,FHIT,FOXC1,FOXQ1,FRMD4A,GALNT5,GOLGA8A,GSC,GUF1,HBS1L,HMGXB4,HPS1,IQGAP2,IRX1,KCNIP4,KIF4B,LAMA4,LINC02613,LINGO2,LRRK1,M6PR,MEPE,METTL4,MGMT,MSC,NEDD4L,NELL1,NPSR1,PATJ,PIEZO2,PLCL1,PROSER1,SDK1,SLC35B3,SOHLH1,ST3GAL6,TBC1D14,TLL1,ZFAND2A
805	AGAP1,AGBL1,AMY1C,APOBEC4,ARHGEF26,ATP1B1,BHLHE23,BRINP3,CBLN2,CBLN4,CDKN2AIP,COL22A1,DNER,ENSG00000265217,EPHA4,FSTL4,GAS2L1,GRIK2,HAO1,IPCEF1,KCNN2,KCTD12,LARGE1,LINC02932,LNPK,LRP1B,LRRFIP1,MAP3K21,NAV3,NDUFA11,NR4A1,NSUN3,PARVG,PDZRN3,PLA2G2A,PLOD2,PLXDC2,POM121L12,PRICKLE2,PRIMA1,SEL1L,SGCD,SLIT2,SOX11,TAFA5,TBXT,TOX2,ZNF484
806	ADARB2-AS1,ALCAM,BPHL,C1QTNF3,CCNK,CD44,CDC73,CDIN1,CGNL1,CNTLN,CPAMD8,CRIM1,CTNNA3,DET1,DOCK7,DOK6,DSEL,EDIL3,EFCAB8,ELFN1,ENSG00000254861,ERFE,FUT9,GPATCH2,IL2RB,IRAK1BP1,KAZN,KCNU1,KIF6,KRR1,MDGA2,MSX2,MYH2,NAALADL2,NDUFV3,OLFM1,POT1,PRKAG2,RAPGEF5,RUBCNL,SGCZ,SLC8A1,SLITRK1,STEAP3,STPG2,TERT,TGM3,TPK1,ZMAT4
807	AADAT,AJAP1,ANK2,ANKRD9,BPGM,CCDC179,CITED4,CNTN5,CRYBG1,CSMD3,DAB1,DLEU1,DNAJB6,DPP6,ENSG00000288075,EPHB1,FGGY,FZD10,G2E3,HLX,IL4R,LCT,LDB2,LINC00879,MGST3,MRPL14,NPVF,NRP1,NUAK1,OPRK1,OXSM,PBX1,PCSK5,PDZRN3,PPP1R26,PRKCE,PTPRD,RANBP2,RBPJ,RIT2,SLC24A2,SLC6A5,SNX29,STX16,TMEM131L,TNIP1,TTC7B,XRCC4,ZDHHC14
808	ABCA7,AMPH,AMY1C,ASIC2,ATXN7L1,BOC,BRD1,BRI3BP,CADM2,CD74,CEP57,CLIC5,COX10,CST2,CYP26B1,DNAH8,EMCN,ENSG00000262304,ENSG00000263863,ERCC6L2,FAM43A,GNA14,GRIN2A,HDHD5,IRX2,KCNJ16,LINGO2,MYH9,NBPF3,NECTIN1,NLRP5,NPHP3-ACAD11,NUAK1,PCDH15,RAB31,RBFOX3,RHNO1,SLC14A2,SLC35F3,SLC6A6,SPIRE1,SPNS3,TBL1XR1,THUMPD2,TLE3,TMPRSS15,TRAT1,XPNPEP1,ZNF100
809	ACMSD,ADAM12,ADGRL4,ADRA1D,ARL15,ARPIN,CAPRIN2,CATSPERB,COL5A1,COX10,CPNE2,CYLC2,DAZL,DGUOK-AS1,DLGAP2,DOK5,DPYSL4,E2F7,EDN3,GFRA1,GPR45,GRM5,GRM7,IL33,LECT2,LGALS8,LRRC32,MARCHF1,MRPL19,NECTIN3,OTOL1,PCLO,POM121L12,PRKG1,SETD3,SGCG,SLC25A37,SLITRK5,SOX11,STAB2,SV2C,TBC1D22A,TMEM106B,TNPO1,USP25,VPS4B,WEE2-AS1,ZNF217
810	ADARB2,ADGRL3,AKR1E2,ATXN3,C16orf82,CNTN4,COL26A1,CORIN,CXCL13,DNAJC1,DUSP26,ENSG00000259865,ENSG00000276742,ENSG00000286295,ENSG00000289710,ENTPD3-AS1,EPHX2,ESS2,EYA2,FAM13C,FBXO25,FRMD3,FRMD4A,FTO,KLHL6,LIMCH1,LINC02347,LMO4,LUZP2,MMP26,NAALADL2,NCKAP5,PCDH7,PCDH9,PLA2G4A,RBFOX1,SENP7,SLC35B3,SLC4A2,SLC8A1,SMARCAL1,SPSB4,SSU72L5,TP73,TPTEP2-CSNK1E,USP6NL,ZNF470
811	ADAM19,AIFM2,ALCAM,ATF7IP2,ATP5F1C,BIN1,CADPS2,CCDC69,CLEC19A,CSMD1,EDEM1,EPHA7,FOXG1,GLRX3,GLT1D1,GOLIM4,HAPSTR1,IL11,KLKB1,MAP3K1,MCTP2,MNX1-AS2,MYO1H,NTSR1,PLEKHG1,POM121L12,PRSS58,RASSF8-AS1,RNF146,RPL14,RREB1,SERPINB11,SGCE,SGCZ,SLC5A7,ST6GALNAC1,SYNPR,TCL1B,TENM3,TLL1,TNNT2,TRIB2,TRIM33,UGT3A1,UNC13C,WLS,YWHAZ,ZBTB16,ZNF608
812	AGMO,ANKRD30BL,ANO5,ASCC3,ATP8A1,BRINP1,COL13A1,COL4A3,DIRAS2,DNAH5,DSG1,EMP1,ENSG00000257456,ERCC4,ETV3,FRY,HS6ST1,KLF6,LRRC4C,MB,MFSD6L,MGST1,MSX2,NELL2,NTM,NYAP2,PARD3B,PLEKHA5,PTPRC,S1PR1,SCGB2A2,SDK2,SEMA3C,SNX18,SPATA17,SYN2,TMC7,TMEM176B,TMEM196,TPBG,TPRG1,TRPV1,UBA6-DT,UBASH3B,URB1,USP43,XRCC2,ZFHX3,ZNF443
813	ABO,ALOX5AP,ASAH1,ASPH,C8orf34,CACNA1C,CDC42EP1,CDC42EP3,CDH4,COL3A1,CORIN,DIO2,DMRT1,EDIL3,ENSG00000215156,ENSG00000273550,FAM135B,FAM181A,GNAI1,HS3ST1,HS3ST3A1,JAKMIP2,LYZL1,MDGA2,MTSS1,NEDD1,NFASC,NUP62,PDZD2,PEBP4,PGCKA1,PLPPR1,PNPLA3,PYDC2,REST,RPL28,SDR42E1,SEMA5A,SGSH,SMC2,SORCS1,TBC1D32,TCIM,TEAD4,VEGFC,ZMYM4,ZWINT
814	ADGRB3,ATXN7L1,CBLN2,CIROZ,COX10,CTNNA2,CTSZ,CUBN,CYP24A1,DAOA,ELP1,ELP3,ENSG00000281613,EPHB1,FAM13A,FAM98A,FLT3,GRM5,H3-7,HCRTR2,HTR4,JCAD,KCNJ15,LHFPL6,LIPC,MAP3K1,MCPH1,MINDY2,NAT2,OR6B3,PRSS23,PTER,PTGER4,RAB27B,RUNX1,SEMA3C,SLC39A11,SST,TCL1A,TDRD5,TMX4,TRIM36,TRPC4,TTC13,TXNDC5,UNC13C,UNC80,UST,ZNF286A
815	BPNT2,C16orf95,CACUL1,CCDC3,CHODL,CLDN23,CLEC3A,COL5A3,CTNND2,CXCL13,DCTN5,DDX11,DGKG,DOCK5,DPP10,ENSG00000271978,EPHA5,FAM98A,FNDC1,FOXK1,GLDC,GLRX3,GOSR2,GOT2,HLA-DQA2,HSD3B1,IFIT5,LINC02292,MRNIP,NFATC2,NPAP1,NRDE2,OBSCN,PCDH17,PLCH1,PMAIP1,PRTFDC1,RASEF,SCYGR4,SEC61B,SLITRK1,ST3GAL5,TMEM132D,TTLL2,ZFAND1,ZFYVE28,ZNF239,ZNF677
816	ADAM29,ANO3,AQR,ARHGAP26,ARHGAP29,C12orf43,CHRM3,CMPK2,CPLX2,CSMD3,CYP24A1,EFCAB11,EFR3A,ENSG00000223542,EPC1,EPSTI1,FAM135B,GNAI1,IFNA8,IRS1,LINC00954,LRRCC1,NCAM2,NCKAP5,NUAK1,NUBP1,OMA1,PADI4,PBLD,PFKP,PGR,PLAAT3,PSMG4,PTGER3,PTPRN,PTPRT,PTPRU,SDK1,SLC10A2,SLITRK6,SORBS2,SP110,SUGCT,TET2,TRIML1,VRK1,WSCD1,XRCC2,ZNF385D
817	ADGRA3,AGTR1,AJAP1,ANO3,ATXN3,BANP,BRINP3,C14orf132,CCDC39,CPAP,DTWD2,DYRK2,ENSG00000285471,EPSTI1,FAM98A,FOXN3,GABRR2,GGTLC1,HPSE2,HUNK,IGFBP2,IL12RB1,KCND2,KCNIP4,MC3R,MCTP1,NPAS3,OR10H4,PCLO,PLCB1,PLCB4,PODXL,PPP4R2,PSMA6,SLC27A6,SLC2A7,SLC37A1,SLC8A1,TBC1D32,TJP1,TNFSF4,TRAM1L1,UBE3C,USP7,VN1R4,VOPP1,WDR11-DT,WT1
818	ACKR3,ADCYAP1,AIMP1,ALPL,ARHGAP22,ARL5B,ATP6V1E2,AUTS2,BASP1-AS1,BRI3,C1QTNF8,CAPN9,CDH17,CLCC1,CSMD1,DAPK1,DCT,ENSG00000286254,GPR160,GPR6,GSC,KIRREL3,LAMB4,LIMK2,MED9,NAV2,PCDH15,PDE5A,PLCH1,PLCL2,PRKCA,PRKN,PRMT6,PRR15,PRR23C,QRFPR,RAB4A,SDCCAG8,SLC16A4,SLC8A1,SORCS2,TLE4,TMCO5A,TNS1,TRIB1,TYRP1,UNC13C,ZNF462
819	ACER1,ALG5,BCKDHB,CCSER1,CD200R1,CDH13,CDH6,CNTN4,DNAH5,DNAH7,EDEM1,EML1,EPC1,EPHB2,FBXO33,FOXN3,FOXO1,FSCB,GRM7,GUCY1A2,HHIPL1,KDM4C,LINC02328,LINC03125,MACC1-OT1,MBL2,NCALD,NCKAP5,NUP107,PHLPP1,PTP4A3,RASSF2,RCSD1,SEC14L1,SI,SLITRK6,SMOX,SORL1,TGFBR2,TLN2,TLR3,TMEM63C,TRHDE,UBE2E2,UBL3,USP24,VWA5A,WDR1,ZWINT
820	ADIPOR2,ARRDC4,BCR,C1orf174,C6,CACNG3,CCDC27,CCR4,CXADR,DGKB,DPP6,DSCAML1,DSG1,EBF3,ENSG00000262231,ENSG00000287769,FBN2,FLRT2,HECW1,IMMP2L,KCNN2,KCNS3,KLHL1,KRAS,MAFB,MAS1,MICAL2,MPPE1,NDUFA10,NWD2,POLR1D,RBFOX1,RPS6KA5,RUNX1T1,RXRA,SCN1A-AS1,SERPINB8,SLC12A8,SYNGR1,TBX20,TBX3,TMTC2,TOX,TPBG,TUSC1,UNC80,VAV2,VPS41,ZBTB10
821	ACO1,ADRA1A,ARHGAP25,ARID1B,BBS9,BPIFA2,CAPN13,CAV2,CDH19,CHD5,CIB1,CRMP1,CUBN,CYP2A6,ELOVL6,EXT2,FAT3,FOXJ3,FOXO6,GFRA2,GGTLC2,GRAMD4,GUCY1A1,HSPA8,ITGBL1,LRRC4C,MBL2,MED10,MRPS28,MTCL1,PARAIL,PRKCQ,PTER,SHISA6,SLC24A2,SLC46A2,SLK,SMOC2,SNW1,TARS1,TMEFF2,TMTC1,TNFSF8,TNIK,TPM1,TRIML2,TSPYL5,USP22,VRK3
822	ATP8A2,BCL11B,BMP2,CAPN11,CCL20,CHGB,CLIP2,CNTN4,CPEB2,DRC11,EFNA5,ESRP1,FAM135B,FAM3B,FAM98A,FGD6,GFOD1,GPATCH2L,GRIN3A,GRIP1,IMMP2L,KCNH8,KIRREL3,LHX1,LINC02718,MAFB,MAP1B,MLIP,PLA2G4C,POLR2M,POU2AF2,PPP1R3B,PYDC2-AS1,RASEF,RBFOX2,RBMS3,RFPL3S,RGMA,SLC4A4,SNTB1,SOCS6,TBCA,THBS2,THSD7B,TLK1,TRIB2,XXYLT1,ZNF57
823	ACBD7,ADAMTS2,ADRA2C,APOL3,CACNB2,CHST9,CPXM2,CREBRF,DDX1,DGKB,EFNB2,ENOX1,HPF1,IFNG,ITGB1,KCNU1,LCE6A,LPIN1,LRATD2,LYZL1,MAP3K7,MCTP2,MGLL,MTNR1B,MYRIP,NUPR2,ODAPH,OLFM3,OR1A2,OSTF1,PDE5A,PIEZO2,PRMT6,PTPRD,RASA3,RBFOX1,RCAN2,RNF24,SI,SLC22A9,SMIM1,SOX5,SOX9,TENM3,TJP3,TMPRSS11A,TSHZ1,UTP18,ZNF519
824	ARHGAP10,CAMK1D,CCDC179,CDH13,CDH18,CDH4,CHPT1,CYRIB,DENND1A,DGKD,DOK2,ENSG00000224549,FAM83B,FLRT2,GALNT17,GLIS3,GRM7,GTF2H5,HS3ST1,IRF2,ITGB1BP1,KCNQ1,LINC00507,LINC01249,LINC02885,MACROD2,MAF,MEIS2,NDFIP2,NEDD9,NTNG1,PCDH7,PDE6A,PFKP,PKHD1,PRSS1,RASA2,RNASE1,RTN4R,SELPLG,SEZ6L,SORCS1,SQOR,SULF1,TBC1D1,TENM4,THSD4,UBE2E1,WDR17
825	ADRA1A,AJAP1,BACC1,CDH4,CNTN5,COL13A1,CPAMD8,CSMD1,CYP4F11,ENSG00000269043,ENSG00000272211,ETFDH,FERRY3,FSCB,FSTL5,FZD8,GADL1,GFRA2,GLI3,GLIS3,GRM7,IFTAP,IPCEF1,IRX1,ITM2C,JRKL,KLHL1,LINC02448,LRRC72,METTL8,NELL1,NFASC,NPIPA8,POM121L12,PRKN,PTMA,RAB27B,RERG,SAMSN1,SEMA5A,SLC16A7,SPTLC3,TBXT,TMEM64,TRPC6,TTC23,XCL1,ZNF385D
826	ABR,ADCY2,ADD2,ADGRL2,AGTR1,BASP1-AS1,C1GALT1,C1QTNF1,C4orf51,CCT7,CNTN6,CNTNAP5,CTDSPL,CYLC2,DAOA,DDX10,DNAL1,DPRX,EEPD1,ENSG00000233191,ENSG00000287694,FGF12,FGF20,GATA6,GLIS3,HS3ST5,IFNG,KAZN,LINC00879,LMCD1,LPL,MDGA2,MGMT,NTSR1,PCDH1,PDK4,PNLIPRP1,PRKAR1A,PRKG2,PXDNL,QKI,RCL1,ROPN1L,SH3PXD2B,TMTC1,TYRP1,ZFP42,ZNF423,ZNF845
827	ACTRT2,ADGRL3,ADRA2C,CD1E,CDH7,CGB2,CRIM1,CSMD1,CTNNA3,DGCR6,DLC1,ELMO1,ENSG00000287083,GALNT14,GRIN2B,HACD2,IMPG1,IRF2BP2,KTN1,LINC02881,MBL2,MCUR1,MYO18B,NCAM2,NEDD9,PDIA5,PPP1R3B,PRR20A,PTPRC,PTPRD,RHOU,RIT2,RUNX1,SEMA5A,SERPINB11,SGCZ,SGO1,SLC37A2,SLC39A10,SLC6A11,SLC8A1,SLCO3A1,SMIM21,SORD,TFCP2L1,TLL1,TMEM132B,TRAM1L1,TUSC3
828	ACKR3,ACOT12,AFF4,AMOTL2,ASAH1,BAALC,BRD1,C9orf72,CA10,CADM2,CELSR1,CES5A,CH25H,DGKE,DKK2,ENSG00000289594,FBXO39,FGF18,GPRC5A,GRM7,IGFBP7,NIBAN1,NRG1,NRROS,OLAH,PDZRN4,PGBD5,PLD1,PREX2,PTPRT,ROBO2,SDK1,SEL1L3,SERPINB8,SGCG,SIX2,SLC35F4,SLC38A6,SMARCA2,TBX3,TFB2M,TMEM132C,TMEM68,TMTC2,TRGC1,TRIB2,TRIM5,ZNF282,ZNF706
829	ADGRF5,ADRA1B,ANXA10,C16orf82,CADPS2,CAMK1D,CAPRIN2,CD226,CHST9,COASY,DIAPH3,ENSG00000259925,FAM181B,FAM89A,FBXO8,GRHL2,GRIK1,LGALS8,LSM8,MRPL3,MYH14,NFIA,NKAIN2,NPS,NRG1,OSTN,OTOL1,PHLDB1,PLEKHG1,PLPPR1,POM121L12,PRKCB,RGS6,RHBDD2,RTTN,SGCD,SIPA1L2,SLC24A4,SLC25A26,SP100,SP5,TAMM41,TBC1D1,THBS1,UGT2B4,ZNF385D,ZNF83
830	ABCA8,ACP3,AGA,ALCAM,AOAH,C10orf90,CTNNA2,DENND2A,ENSG00000236543,ENSG00000287520,ENSG00000289150,EPSTI1,EYS,FZD2,HECW1,HS3ST5,HS6ST1,IFNG,IGFBP7,IRX1,KCNS3,KHDRBS3,LPIN1,LYPD3,MAX,MBOAT1,MC4R,MGMT,MYT1L,NEBL,NLRC5,PREX2,PTGR3,RBFOX1,RBM19,RETREG1,RFX7,RNF6,RSU1,RYBP,SOCS2,SP4,SRRD,STK38L,TMEM178B,TMPO,TTC3,ZIC1,ZNF215
831	ACP5,ADGRE5,AICDA,AIFM3,AIPL1,APOL3,CACUL1,CAV3,CDC73,CHST15,COPS8,CTSA,DAOA,DOCK5,DOCK6,EDEM1,ENSG00000232995,ENSG00000248994,ENSG00000286700,EPHA5,EPHB1,FGD4,FSCB,FTO,GMDS-DT,IMMP2L,KCTD16,LRFN5,MBOAT1,MFAP3L,MTSS1,PID1,PIK3AP1,PNPT1,RPS6KA2,SERPINE2,SHANK1,SMOC2,SNX19,TAAR2,TES,TLE3,TRPC6,TTK,UACA,VEZT,XYLT1,ZNF320,ZNF804A
832	APBA2,APIP,AREG,CNTNAP5,COL24A1,CRIM1,CSMD1,DAD1,DOK6,EN2,ENSG00000273007,ENTPD3,EPAS1,FAM181B,FLRT2,GPC6,GRM7,HMGXB4,IL1RAP,JARID2,KCNE4,KCNK9,KDM4C,KIAA1671,LINGO2,LYZL1,MATN2,MGLL,MUC16,NPY,OCM2,PFKP,PIEZO2,PLCB4,PRDM9,PSG11,PTPRD,PTPRM,RGS9,SAMSN1,SERP1,SHISA9,SLCO3A1,THSD4,TMEM120A,TRIM5,WDFY3,ZNF519
833	ABCA8,BMF,C13orf42,CAMKK2,CAPN10,CCDC179,CLVS1,CORIN,CSMD1,CWC22,DCD,DSCAM,DUSP10,FAM135B,FAM83B,FRMD3,GBE1,GOLGA8Q,HNRNPA1L3,HS3ST1,HS3ST3A1,IFNL4,LSM8,MAFB,MAML3,MC3R,MYO16,NPY1R,NTRK3,NXNL2,PINX1,POFUT2,PRKCSH,RBFOX1,RELN,SGCZ,SLCO1B1,STAB2,STXBP3,SYT9-AS1,TACC1,TADA3,TFRC,TMEM132C,TMEM167A,TNP2,WHRN,ZNF804A,ZNF91
834	ADARB2,ADRA1B,ANO1,ATOH8,BLOC1S5-TXNDC5,C16orf78,CD36,CDH18,CDH2,CELF2,CMIP,COL21A1,CPXM2,DCC,DIO3,DYM,EDIL3,ENSG00000239920,ERBB4,FBXO32,GALNT13,GPC5,HTT,IRX1,IRX4,LCE1E,LZTS1,MAGI2,MARK3,MASP2,NTM,PCDH15,PDE9A,PECR,PLOD2,PRKCE,PRMT6,PTH2R,RAB4A,SMARCA2,SOCS6,SPACA7,TENM4,TRIML2,TTC19,VEPH1,WWOX,ZNF304,ZNF385D
835	ABR,ACO1,ADCY8,ARID1B,ASB2,ATP8B3,ATXN7L3B,B4GALT4,BASP1,CBLN2,CFAP36,CNTN5,CPPED1,CTSB,CTSC,DAB1,FHIT,FMN1,FSTL5,HAPSTR1,HS3ST1-AS1,IRX3,LCORL,LENG8,LINC01451,LINC01909,MLLT3,MMP27,MYO16,OCEL1,OTOGL,PDGFD,PGBD5,PLOD2,POSTN,PRAG1,RGS7,RRM2,SLC38A8,SNTG2,STIM2,SYT1,TAGAP,TDRD15,TENM4,TIAM2,TMEM167A,UBIAD1,ZFPM2
836	ABTB2,ADAMTS5,ALDH1L1,ARHGAP28,ARL6IP6,BACH2,BNC2,CAPRIN2,CAST,CDH18,CGNL1,CNTNAP2,COPS7A,DEFB131A,DPH5-DT,ENSG00000283563,ENSG00000288052,FRMD4B,GAB1,GRK3,GRM7,GYPB,HACE1,HS3ST3B1,IRX1,KCNF1,KHDRBS3,MITA1,MRPL39,NALCN,NCAM2,NOX4,PABPC1,PLEKHG1,PRR20A,PRTG,RAB12,RAB6C,RBFOX1,REG3G,RIOK3,RNF17,RPTOR,SCAMP4,SLITRK6,TENM4,TRMU,TTLL7,VGLL4
837	ADTRP,ARHGEF28,BOD1,C7orf33,CACNA1D,CDC42EP3,CLN8,CMPK2,COBL,COL13A1,CXADR,CYP2A6,DCDC2,DLGAP2,DNAH9,ENSG00000280878,FAM174B,FBLN2,GABRB2,GPC6,GRM7,HNMT,LMCD1,LRP1B,MAML2,MAP4K4,MCTP2,MINDY2,MLIP,MTERF1,MYO16,NAF1,NR2F2,OTUD7A,PDE3A,PITRM1,PKHD1,PLD5,PRPSAP1,RGMA,SIGLEC12,SLC35B3,SLITRK1,SLITRK6,SOX11,TMEM184B,TTC33,ZDHHC14,ZNF410
838	ACP3,ADGRA3,ADIPOQ,ARPP21,ARRDC4,ATP11A,CCSER1,CD200R1,CGNL1,CHURC1,CLSTN1,CRYZL1,ENSG00000189229,ENSG00000273329,ENSG00000289427,EYS,FSCB,GLT1D1,GRHL2,HS3ST1,IGHMBP2,KCNB2,KCNT2,LRRFIP1,LYZL1,MCPH1,MRPL39,NALF1,NCKAP5,NPEPPS,PAEP,PARD3,PCDH9,PCMTD1,PDE9A,PDZRN3,PTH2R,RAPGEF1,SIPA1L2,SLC39A9,SLC4A3,SPOCK1,TBL2,TECRL,TGM6,TYR,UGT8,ZDHHC21,ZNF124
839	ALDH1A2,ANKRD55,ANKRD6,ARHGAP25,BIRC3,C1D,CELF2,CERK,CITED4,CNTN4,CRYBA4,CSMD3,CYP2A13,DLGAP1,DLK1,ENSG00000233290,ENSG00000253354,ENTREP2,FAM50B,FGF1,FIRRM,FRMD3,GATA3,GRIK2,HK2,HLA-DQB2,IPO8,KALRN,KLHL1,KSR1,LINC00861,NAV2,NCAM2,NPIPA6,NYAP2,OBSL1,PCGF5,PDIA6,REV1,SEMA3C,SLC23A2,SLC8A1,SLTM,SPIN1,STAC,STX8,SULF1,TRPA1,ZDHHC7
840	ADARB2,ADCYAP1,AGBL3,AKAIN1,BAALC,BCL11A,BTG1,CA8,CACNG5,CALML3,CAP2,CCDC3,CTNNA3,DAOA,FBXO2,GALNT2,GRIA1,HAPSTR1,IMPA2,IPO5,KIAA1217,KIF26B,KLF3,LRRC4C,LTBP1,MTPAP,NCAM2,NCCRP1,NKAIN2,NREP,PIK3C3,POM121L12,PTPRQ,RERG,RFC3,RGS6,RIBC2,RNF144B,RNF175,SCD5,SLC25A48,SNX9,SOX11,SVIP,TAFA5,TECRL,TMPRSS15,TRPC7,ZNF330
841	ADGRB3,AFF3,ALK,ANKH,ANPEP,ANTXRL,BATF,BOD1,BRINP3,CASP3,CCSER1,CELF2,CRYBB2,CSMD1,DAB2,DYSF,ENSG00000229618,ENSG00000285082,ENSG00000289710,EVA1C,FSCB,JRKL,KLC1,L3MBTL4,LINC02649,MMP7,MTNR1B,MYLK4,NPR3,OPCML,PCDH18,PDIA5,PDZD2,PIGF,PLEKHG1,PTPRC,RNF44,SEMA3C,SERPINB8,SNX18,ST6GALNAC2,STIM2,STX8,TFAP2C,TFDP1,TGFBR2,TMEM170B,ZNF211
842	ADGB,AFAP1,AGBL1,CD46,CNTN2,COL13A1,COX11,DOK2,ENPP6,ENSG00000256011,ENSG00000277611,ENSG00000282478,ETV1,FAM135B,FAT1,FERMT2,GSG1L,GUCY1A1,HAND2,KCNG1,LINC01115,LSP1,MKI67,MTX3,MYO10,NCS1,NDUFC1,NLRP2,NUP50,NXPE2,PCDH15,PDLIM3,RAP2B,RBFOX1,SCUBE1,SLC22A24,SPATA16,SPRY2,STX18,TBC1D19,TBC1D22A,TBCA,TMEM170B,TRIM66,UGT2B4,VEPH1,WARS1,WNT7A,XPNPEP1
843	ACADVL,ADAMTS20,AJAP1,ANO3,BCL11B,BRINP3,C19orf12,C1orf174,C2CD4A,CBLN2,CCK,CELF2,CEP112,CNTNAP5,CTSB,EPHA4,EPHA5,FAM3C,FBXO15,FRMD4A,GMNC,GRIN2A,HACE1,HPN,HTR4,INTS9,KCTD15,LINC02768,LNCOG,MAML2,MSR1,PDE7B,RGPD8,SERPINB7,SLITRK1,SLITRK5,SLN,SORCS1,SS18,ST8SIA6,SYNPR,TFAP2C,TLL1,TNIK,TTC4,TWIST2,WNT5A,ZNF618
844	ADARB2,ADCY8,ANXA3,CAPRIN2,CIMAP3,CNR1,COG6,DCT,DLX5,EAPP,ENSG00000233735,ENSG00000272297,ENSG00000282278,ENSG00000287349,EYA1,GRIK2,HGF,HS3ST1,HS6ST1,IRGC,KCNK13,KIT,L3MBTL4,LINC00654,LSG1,LTBP1,LUZP2,MCF2L,MICAL2,MTUS2,MYT1L,NXPH1,PIK3C3,PRR5L,ROBO3,RXRA,SBF2,SCUBE1,SDK1,SGPL1,SLC7A2,TBL1XR1,TMEM181,TOX3,TRG-AS1,UIMC1,UNC93B1,ZNF385D,ZNF93
845	ASNS,ATP1B1,BTBD3,C1RL,C4orf54,CACNG6,CDH7,CRIM1,CTDP1,CUBN,DCLK3,DLGAP1,DTNBP1,FOXI1,FOXK1,GARS1-DT,GJB4,HNRNPA1L3,INSL5,IRX3,KCNS3,LINC02889,LITAF,LYSMD4,MALRD1,MEST,MGST2,MN1,MOBP,NAALADL2,NUP50,NWD1,OAS1,PCDH18,PIK3C3,PKNOX1,POMZP3,PPARGC1A,RASEF,RPS6KA2,RUNX1,SAMD12,SLC39A11,TDRD3,TET1,THG1L,TRPA1,ZNF385D,ZSCAN10
846	ABO,ADAM32,ADGRL4,AGA,AGBL1,ARAP2,ARID1B,ATF7IP,ATP5PO,BANF2,BMP2,CDC73,CIMIP5,DGCR6L,DTWD2,ECI2,EMILIN2,ENSG00000197462,EYA1,GRAMD1B,HDHD5,HRH4,IRX1,KIAA1549,LUZP2,MACROD2,MARCHF11,PLXNA4,PRICKLE1,PRSS55,PTPN1,PTPRT,RYR2,SCP2D1,SEC11C,SEMA5A,SH3TC1,SPDYE21,SPECC1L-ADORA2A,TBL1XR1,TMCO1,UGCG,USP25,VEGFC,WIPF3,XPNPEP1,ZBTB14,ZNF254,ZNFX1
847	AKR1D1,ANK3,ANO3,ARHGEF3,ASIC5,BASP1,CA10,DPP6,ENSG00000285566,ERCC2,EXPH5,FAM171A1,FMN1,GABRG3,IMMT,KCNJ6,KIRREL3,LEPR,LRRC7,LRRFIP2,LSAMP,MAP3K21,MEGF11,MGAT5,MME,MN1,MTO1,MYO3B,OLA1,OLFM4,OSBPL1A,PCDH7,PCNA,PCSK5,PDE10A,SEC61G,SEMA6D,SGCZ,SLIT2,SMAD6,SNTN,SOX1,SPRY2,STK11,THNSL2,TWIST2,VIP,ZNF519
848	ADAMTS2,AGBL1,ARHGEF28,BACH1,CCNH,CCZ1B,CDC14C,CERS4,CHI3L2,DROSHA,DYNLRB2,ENSG00000253619,ENSG00000263280,ENSG00000265775,ENSG00000286150,F13A1,GPC5,HS6ST3,KCNC2,KCNK5,KLHL1,LONRF1,LPA,MAN1A2,MCTP1,MGMT,MLEC,MROH9,NCAM2,NXT1,OLFM3,PCDH18,PCDH7,PDSS1,PLXNA4,PRKCA,PRKCB,PRR16,SCP2D1,SEMA6A,SIGLEC14,SLCO3A1,SMPDL3A,SPTLC3,STARD3NL,TENT5A,VSIG10,WDR64,ZDHHC2
849	ABHD2,AHR,AK4,ANTXR1,ASS1,ATP2B2,BTBD10,C1orf174,CCL4,CDK1,CEP68,CHORDC1,CNTN5,CSMD2,DIRAS2,DLG2,DOCK4,ENSG00000287042,FRMD3,FXYD4,GRXCR1,HLA-DQA2,IGF1R,IPO5,MED13,MYO16,MYOCD,NELL1,NOL8,NOVA1,NXPH1,OR13C5,PABPC4L,PDE9A,PRSS51,RBMS3,RUNX1,SCRN3,SDK1,SFXN1,SLX9,SMLR1,TNFSF13B,TRIL,TRIM33,TRIML1,TRPC3,TTC39B,ZMAT4
850	ABLIM1,ACO1,AHCTF1,APBB2,ARHGEF7,CAMTA1,CDH9,CEP112,CNTN5,COL11A1,CSN3,CSNK1G3,CTNNA3,CTRB1,DENND4C,EFR3A,ENSG00000256029,FOS,FZD10,GALNT15,GLIS3,GNG7,IMMP2L,JAG1,KALRN,KCNMA1,KCNMB2,KCNV1,LINC02175,MYH13,NAMPT,NEDD1,NPSR1,PGPEP1,PLEKHG6,PMEPA1,RCC2,RIN3,ROBO2,SASH1,SESN3,SLC14A1,SOCS6,SPRY2,TBL1XR1,TNFRSF19,TNS1,TPST2,TUSC3
851	ACTR3B,ADCK1,ADCY2,ADGRD1,BMPR1B,BRINP3,BTBD3,CDYL2,CREBBP,CSMD2,DAOA,DCC,DLEU7,ELMO1,HAPSTR1,IRX6,KDR,KLF17,LINC02889,LINC03018,LRRFIP1,MSH2,NCK1-DT,NEBL,NFIL3,NMBR,NOL10,NPIPA8,PCDH15,PCDH7,PDK4,POLE4,PPP2R2D,RAMP1,RP1,RTL1,SLC10A2,SLC14A1,SLC22A23,SLC2A9,SLITRK6,SOX5,THBS2,TMEM132B,TMEM132C,TTC39B,TYRP1,ZNF469,ZNF510
852	ABAT,ACTR3B,ADAMTS16,AGBL1,AGPAT5,AMZ1,ANXA3,BEAN1,CAMTA1,CDH9,COL15A1,DIAPH3,DTHD1,ENSG00000272537,FOXRED2,FSTL5,GATA4,GNAT3,HK2,KCNH8,LRFN5,MAP3K7,MARCHF1,MYH13,NAV3,NEDD9,NR3C2,NRXN3,OVCH2,PLOD2,RSL24D1,SBSPON,SDK1,SGCZ,SH3PXD2B,SLC25A23,SLC5A8,SOX4,SUCLG1,SVIL,TENM3,TGIF1,THAP12,TMCO5A,TNKS,UNC13C,XYLB
853	ACAN,ADARB1,ADCY2,AGTPBP1,APC,BMP2,C6orf118,CA2,CCER2,CDH20,CNTN4,CNTN5,CRYBB1,CSMD1,DGKB,DLC1,ECI2,EFNB2,ELP1,ENSG00000229642,GIHCG,GNAI1,GNAQ,GPA33,LINC00299,LINC03072,MB21D2,NCOR2,NRXN3,OPCML,PCDH7,PIK3C3,PTPRD,PTPRE,RASSF3,RDX,RGMA,RSL24D1,SEMA3C,SHISA6,SLC35F3,SMPD4,SPOCK1,THSD7A,TRIM29,TRPS1,UGT2A3,UGT3A1
854	ADAMTS15,AMY1C,ATP7B,BLOC1S4,CAPRIN2,CCND2,CCT8L2,CSMD1,CUEDC1,FAM180A,FREM2,FSTL5,GJB5,GRIK4,HK1,KCNIP4,KLF2,LINC03000,LIPC,LPIN1,LRRC27,LRSAM1,LUZP2,MASTL,MTPAP,NCAM2,NSMCE4A,PCDH9,PKD2,PRAMEF7,PRH1,PTPRM,RAI14,RYR3,SCLT1,SHISA6,SLC25A24,SLC2A6,SLC46A3,SLC7A10,SP3,SPINK5,SPRY2,TACC2,TARS1,TECRL,TENM3,ZFP42,ZYG11B
855	AADAT,ACTN2,ADAMTS20,ADGRL3,APOB,CADM1,CARMIL1,CER1,CPXM2,CSGALNACT1,CXADR,DPP10,ENPP6,ENSG00000232896,ENSG00000250775,ENSG00000288018,ENSG00000288520,FAM168A,FRMD6,GFRA1,GRIK2,HHAT,IFNGR1,LINC02762,MARCHF1,MBOAT1,MEAK7,MPP4,MRPL39,MYCT1,NCAM2,NPBWR1,PDLIM3,PELI2,PPP1R26,PXYLP1,SGCG,SGCZ,STAT6,TEKT3,TENM4,TLE4,TMEM268,TRIB2,TYRP1,XIRP2,ZMAT4,ZNF667-AS1
856	AAK1,ADGRE1,ADGRL3,ANKS1B,ARRDC4,ASB5,BTBD3,C16orf82,CCT8,CSMD3,CYRIA,DENND5A,DTWD2,ENSG00000281613,ENSG00000288075,EPB41L3,FAM171A1,FHL2,GNA14,GRM3,IZUMO3,KCNU1,LDHB,LDHC,LDLRAD3,LMCD1,MAPT,MC4R,MYOF,MYOM1,NEK2,OPCML,OSMR,PAK5,PCNX2,PIK3AP1,PLA2G4A,PLCL1,PLCL2,PTPRD,RERG,SFSWAP,SGCZ,STOX2,TMEM132D,VAV2,ZFAND6,ZNF385D,ZXDC
857	AK4,ARHGAP22,ATXN3,BSG,CDK5RAP2,COX18,DCLK1,DENND4C,DSEL,EIF3H,FGF12,GPC5,GRXCR1,ICE1,IRX1,KIRREL1,LINC00578,LOXHD1,LRP1B,LRRK1,MAGI3,MAN1A1,METTL4,MORC3,MRPL39,NALCN,NCAM2,NINJ1,NUAK1,PINX1,PLA2G4A,POU5F1B,PRR5L,PWRN1,RYR2,SESN3,SIRPD,SLC1A1,SMC1B,SPDL1,TLCD4,TNIK,UNC13C,URI1,UTS2B,VWC2,WWOX,ZBTB21
858	ADGRD1,ADRA1A,ANK2,APELA,ATP2B4,CCSER1,CLDN14,COQ2,COX10-DT,DICER1,DPP9,DTWD2,EFHD2,ENSG00000268797,ENSG00000288973,ENSG00000288985,FAM20A,FRMD3,GNG7,HDHD2,IL1RAP,KLF7,LARS1,LDLRAD3,LHFPL6,LINC00539,LPGAT1,MAT2B,MYMX,NAALADL2,NAV3,NBPF3,NPAP1,NXPH1,PHACTR1,PRND,QDPR,RAB28,SLC19A3,SMIM11,SNORC,STIM2,SUCLG1,TACC2,TMEM132C,WARS2-AS1,XPNPEP1,YWHAZ
859	ADGRL3,AKR1C1,ATP9A,BPHL,CCNA1,CDC14C,CDH13,CDH4,CELF2,CTNNA3,DCDC2C,DLC1,DLG5,FHIT,FIGN,FOXG1,GPC6,GRIN2A,HMHB1,HS3ST3B1,IPMK,ITGB3BP,KCNH5,KRTAP5-5,MAFB,MCTP2,MRPS18C,NAV2,NPAP1,PCDH7,PDZRN3,PLD5,PRDM15,RAI1,RASGEF1B,RER1,RPUSD4,SBSPON,SGCZ,SLC26A8,SOCS2,SPCS3,ST6GALNAC3,TARBP1,TG,TUSC3,UBE3A,UGCG,ZDHHC20
860	ASAH1,C16orf82,CLEC3A,CNTN4,COG6,CRYBG1,DAPK1,DENND3,DMAC2,DPH6,DPT,DSCAS,DUSP10,EDEM1,EDNRB,ENSG00000261693,ENSG00000278022,ENTREP2,EYS,FAM107B,FOXP1,GNG7,GPATCH2L,HKDC1,KCND3,KCNN2,KCNS3,LARS1,NRXN3,OAZ1,POLR3A,PRR16,QKI,RCAN1,RYBP,SH3TC1,SLC22A16,SMARCA2,ST18,STC2,STK31,SUCLG1,SUGCT,SYT1,TMEM135,TMEM72-AS1,TPGS2,VPS4B,WDR1
861	ABLIM2,ATP2B4,ATXN1,CARS2,CHD7,CYLC2,DAOA,DHRS12,DLGAP1,ENOX1,ENSG00000283674,ERI1,ESR2,FAM98A,FLI1,FMN2,FRRS1,GPRIN1,GSE1,IFI27,LETR1,LGR5,LMO7,MMP7,MPHOSPH6,NAMPT,NEK2,NWD2,NXPH1,NXPH2,PAMR1,PLCB1,PRDM9,PTPRD,PWRN4,PXDNL,RASSF2,RND3,SFXN4,SLC46A3,SOX5,STAU2,TARBP1,TMEM150C,TNFAIP8,TRIM5,VAPA,XYLT1,ZNF248
862	A4GALT,ADAMTS16,ALPK1,APP,ARHGEF37,ATP11A,CD2,CLN8,CLRN2,CMPK2,CNTNAP2,CSMD1,DLGAP1,DMRT2,DNAH7,DSEL,ENSG00000235431,ENSG00000286488,ENSG00000289095,EPHA4,FAM135B,FCRLB,KCNMB2,LIMCH1,MMD2,MTX2,NPS,NR3C2,NSA2,NXN,OR4D1,OR52B2,PKD1L2,PLCG2,PLEKHA5,PTGER3,RAPGEF3,RGS6,SCUBE1,SGCZ,SHISA3,SLC34A2,SYT1,TSKU,TXNDC16,URI1,VEGFC,VPS4B,VSTM2A
863	ANKRD50,ATP2B4,BTC,C8orf34,CERS4,CLEC6A,COL22A1,CPE,CSMD2,DLGAP1,ELAVL2,ELP2,ENSG00000267383,EYS,FBH1,FSTL5,GALNT10,GALNT9,HCN2,HMCN1,KRR1,LIG1,LRRC4C,MTIF3,NCAM2,NRF1,NSMAF,NWD2,OLFM1,PLOD2,PRKN,PTPRQ,RUFY1,S1PR1-DT,SCN5A,SDK2,SH3BP5-AS1,SIM2,SLC2A1,SPOCK3,SPRY2,SRGAP1,TBL1XR1,TRIP10,UNC13C,ZCCHC2,ZNF385D,ZSCAN5A
864	ABRA,ACTL7B,ADAM12,ADAMTS16,ARL2,ATIC,BANP,C2CD4B,CA10,CDH13,CEP20,CHIT1,DGCR6,DYNLT5,EBF4,ECHDC3,ENSG00000257431,ENSG00000283563,ETV1,GALNT17,GP2,HS3ST4,KLF5,KSR2,LINGO2,LRP5L,LRRC28,MAGI2,MARCHF3,MN1,NPAP1,PACRG,PDCD5,PTPRN2,RCC1L,RNF175,SDC1,SEMA3C,SH3GL2,SIGLEC5,SLITRK6,SMOC1,SOX5,TANC1,TNS1,TRAPPC9,TSNARE1,VSTM2A,ZNF737
865	ARHGAP44,ATP23,ATXN3,C1orf174,CD200R1,CDH26,CDKN2AIP,CDKN2B,CELF2,COL4A2,COX7C,ELOVL6,FARP1,FMN1,FOXP1,GLRA3,HECW1,HS6ST3,KAZN,LINC02822,LRATD2,LRRC38,LYAR,LZTS1,NCAM2,NKAIN2,NMB,NRSN1,OPRK1,PINX1,POM121L12,PRL,PUM1,RAB28,SELPLG,SLC22A3,SLC35F3,SLC37A1,SPAG16-DT,SPMAP2L,SSPN,STPG2,TLE1,TMTC4,TRPM2,UBL3,VEGFC,ZDHHC11
866	ADRA1B,ANXA5,B3GALT5,BASP1-AS1,BRINP3,C10orf120,C12orf42,CNTN5,CRBN,DGLUCY,DISC1,DNM3,ECI2,EGFLAM-AS2,ENSG00000224984,ENSG00000257729,EPHA5,FGF20,FHOD3,GALM,GAN,HADH,IFTAP,KCNK1,KLF5,LILRA5,LRFN5,MALRD1,MCPH1,MYO16,NPHP4,NPR3,NPVF,PCLO,PRR15,RAPGEF2,ROBO2,RUNX1,SGCZ,SNTG1,TIAM1,TMPO,TPCN2,ZFAT,ZFPM2,ZMIZ1,ZMYND8,ZNF181,ZNF677
867	ACO1,AMY1C,APBA2,BCAS3,BICC1,CCDC66,CDK20,ECI2,EIF2A,ENSG00000286211,EPHX1,FGF1,FOXG1,GPRIN3,ICA1,IGFBP7,JAML,KLHL31,KRTAP8-1,LINC01446,LPIN1,LPP,MASP2,MATN2,MPP7,NOM1,NRP1,NTRK2,PLXNA2,PODXL,POM121L12,PRKN,PTH,PUM3,PXYLP1,SCARB1,SFRP1,SGCG,SLC4A3,SMOC2,SNRPN,SPP2,STK24,SUMF1,TAFA5,TENM3,TUSC3,VIP,VSTM2A
868	ABCA12,ADAMTS16,ADTRP,AQP9,ARAP2,ARHGAP42,ASCL4,ASIC2,ASTN2,BCL2L13,BHLHE22,BTBD3,C6orf118,CDC14C,DBX1,DLGAP2,ENSG00000268163,EVA1A,GATA6,GHRHR,LOXHD1,LRRTM4,MAML2,MYH10,MYT1L,NAF1,NALF1,NAV3,NMUR1,PCDH9,PDZD2,PLA1A,PLA2G4A,PREX1,PRR16,RPH3A,SCN1A,ST8SIA4,SUCLG2,TEX51,TFEB,TFRC,TMEM87B,TMOD3,TSPAN9,TUSC3,ZNF385D,ZNF777
869	AADAT,ABCB4,ADGRL3,ANXA4,C2CD4B,CDH18,CLK4,CRYBA4,EFNB2,ENPP6,ENSG00000224643,EVC2,EXOC2,FHAD1,FHIT,GLRX3,GYPC,HIPK2,ICE1,IQGAP2,KCNJ2,KRI1,LPP,LRRIQ3,MRPL36,MTNR1B,MTPN,NAALADL2,NCAM2,NPFFR1,NPY,PDE10A,PLXNA2,RAB4A,RASEF,RTL6,RTN4RL1,S100A7,SLC2A9,SNRPN,SPHK1,SPINK5,STK24,SYN2,TLE4,TNFSF14,TRIB1,VSTM2B,ZFHX3
870	ADAMTS19,ADGRL3,AMY1C,ANXA10,AP3B1,BACH2,BEND3,BMP2,BRINP3,DYNC1I1,EDIL3,EGFR,ENSG00000233633,ENSG00000267199,ENSG00000287550,FBXO16,FZD8,GPATCH2L,GPR139,HSPA12A,ISM1,KIF13A,LRIG1,LUZP2,MTCL1,MTHFSD,NAALADL2,NAV3,NDST3,NMI,PIK3R5,PMEPA1,PRKAG2,PTPRM,RIMS1,RPS6KA2,SAA4,SATB1,SEL1L,SGMS1,SHISA2,SLC44A5,SPACA6,SSR3,SULF1,TAFA5,TRIM29
871	ADCY8,ANXA6,APOL2,ARPP19,B3GALT5-AS1,CACTIN,CACUL1,CALN1,CDH9,CEP68,CRYM,CSMD1,CYB5R3,CYLC2,EIF5A2,ENSG00000255801,ERI1,FAHD1,FAM135B,FCGR2A,GALNT18,GBE1,GOLGA6L1,JCAD,KCNJ6,LZTS1,MAN2A1,MTPN,MYO16,NKX3-1,NLGN1,NPY,NTM,PLOD2,PRR20A,SERPINB11,SLC1A1,SLIT1,SMC2,SOX9,STIM2,STPG2,SULF1,TRAM1L1,TRIB2,TUSC1,USP43,YTHDF3
872	ACO1,ARK2N,ARL1,ART5,C8orf34,CAMK1D,CDH2,COL22A1,CTBP2,EDEM1,ENSG00000267481,FAM135B,GPC5,GRHL2,GRIK1,GRIN2A,HGF,ITM2B,KCTD1,KLF12,KLHL1,LIPC,MAK16,MAN1A2,METTL2B,MTMR7,NAV3,NGF,NODAL,PDE3A,PGPEP1L,RBFOX1,RHOU,RRP7A,SDK1,SERPINB1,SLC26A7,SLC7A1,SPRED2,SULT2A1,TBX3,THORLNC,TMC3,TMPRSS15,TREM1,TUT7,ZNF611,ZPLD1
873	ALDH1L1,ANK2,ATF7IP,CCDC102A,CD83,CDH13,CHD9NB,CHN2,COBL,COL23A1,CSMD1,DIAPH3,ERBB4,FBXO16,FLRT2,FRMD4B,FSTL5,GCLC,HACD1,HDAC9,HLA-DRB5,HS3ST4,ICE1,LINC00937,MTRES1,NR2F2,PCDH7,POU3F1,RALGPS2,RASGRP4,RBM46,RIOK2,SAXO1,SEMA5A,SFRP1,SLC7A1,SLITRK5,SLITRK6,ST6GAL2,STRA8,SYNDIG1,SYTL3,TMC1,TNR,TRGV9,TSPEAR,WDR1,ZBTB7C
874	ABR,ADGRL2,ADRA1A,AMY1C,ARHGAP12,ATP13A3-DT,ATP2C2-AS1,ATP6V0E2,C16orf82,CCDC91,CDH8,CFH,CMPK2,CMTM8,COBL,DKK1,DNAH11,EMP2,ENSG00000250519,EPM2A,ERAP2,FGF20,FMN2,GAS2,GPC5,HS3ST2,ID2,IGF1R,IL32,KIF20B,LRRC4C,NCAM2,NWD2,PCCA-DT,PCDH15,PCDH9,PDE5A,PDHX,PDPN,PELI2,POTEG,PTPRM,RAI14,RASGRP3,SLC19A3,SNAP25,SSUH2,TENM4,UNC5C
875	ADAMTS18,AFAP1,ANO4,APELA,ARID1B,ASAP2,BNC2,BNIP5,CABP5,CASD1,DAP,FAM110B,FAM135B,FNIP2,GPAT3,ICE2,KCNQ1,L3MBTL4,LATS2,MBOAT1,NAT2,OR51B5,OR52K1,PCDH10,PGM2,PIK3C3,PSMD7,PTPRT,RAI1,RNF167,RPS29,SEMA5A,SEPTIN9,SLC35F3,SLC6A15,SLCO3A1,SMAD3-DT,SMIM31,SOCS3,SPTLC3,STARD3NL,SUGCT,TCIM,TCP11L2,TEX261,TMEM38B,UFM1,ZMAT4,ZNF433-AS1
876	ABLIM1,ATP9B,BANK1,CIMIP1,CNTN3,CSMD1,CUBN,DIPK2A,ECRG4,ENSG00000236452,ENSG00000237921,ENSG00000283563,ENSG00000286110,FLT1,GLIS3,HS3ST1,HS3ST3A1,KCNU1,LOXL2,LPIN1,MBOAT1,MDM2,MREG,MSRB3,MYOCD,NPSR1,OSCP1,PCDH7,POU2AF2,PRKCE,PTPRD,RASGRF1,RHOBTB1,RUNX1T1,SBF1,SGCG,SHISAL1,SLITRK1,SNTG2,SORCS1,TAFA5,TEKT3,THNSL2,TIAM1,TNFSF10,TOMM7,WAC,ZFP42,ZPLD1
877	AAK1,ACMSD,ADGRL3,AGTPBP1,ALDH1B1,C16orf82,CCDC50,CNTNAP2,COL26A1,CREBBP,CRTC3-AS1,CTH,CTNNA2,ENSG00000226829,ENSG00000228048,ENSG00000286288,FAM181B,HS3ST3B1,IFI27,KLF4,LRP1B,MC4R,MCTP2,MYOM2,NAALADL2,NEDD4L,NPAP1,OLFM3,PLEK,PRMT6,PROX1,PSD3,PTPRD,RRP1,SGCZ,SH3BP4,SLC12A8,SLC16A14,SLC26A7,SNTB1,SNTG1,SPOCK3,STARD13,SUCLG1,TFAP2A,UTRN,ZNF407,ZNF510
878	ACSL1,ADRA1D,AKAIN1,BMAL1,BPNT2,C1orf220,CDC42EP3,CHST2,COX18,CREG1,CSMD1,CSMD3,DDX52,DSCAM,ECI2,EGFLAM,ENSG00000286010,EYS,F5,FARS2,GPC5,HPN,HSF2,MBNL1,METTL2B,MZT1,NUF2,OPCML,PCDH7,PDZD8,PPP2R2C,PRDM4,RAB6B,RASA1,RGS17,RTP4,RWDD3,SEC61G,SENP6,SERTAD2,SERTM1,SLC4A3,SMARCA2,SNTG1,ST6GAL2-IT1,SUPT3H,TLE1,TPM4,ZDHHC11
879	ADGRL3,AGA-DT,AMY1C,ATP6V1G1,CARS1,CDH6,CSMD1,CTNNA3,DEFB131A,DGKG,DNM3,DSG1,DYNC2H1,ENPP6,ENSG00000234426,ENSG00000286908,FAM241A,FBXW7,FERMT1,FHIT,GATA4,GRIK3,GUCA2B,HCRTR2,IGF1R,ITGA11,KCNT2,LRRC7,MBP,MMP3,MMS19,MTHFD1L,NPTX2,NPY2R,OR7A5,PERP,PTBP3,PVT1,RASGRP1,RUVBL1,SDK1,SNTG1,SNX25,ST8SIA1,ST8SIA2,TPT1-AS1,TYRP1,VPREB1,XKR4
880	ABHD10,ACVR2A,ARHGEF18,ARHGEF4,BOD1L1,CCBE1,CD83,CDH4,CDKN2B,CELF2,CNDP2,CNTN5,COCH,COG7,CTH,CTNNA2,ELOVL6,ENSG00000289710,FLRT2,GADD45G,HECA,HSPG2,ITGAE,LINC00640,LINC02080,MYO3A,NAALADL2,NAV3,PHACTR1,PLD5,POU3F3,PROSER1,RBFOX1,RFC3,SAMD9L,SCN5A,SLC30A1,SLC39A11,SLC8B1,SMIM23,SORCS1,SP140L,SPRY2,SRPK2,TYRP1,XKR5,ZNF716,ZNF726
881	ABCC4,AHR,ARGLU1,CD1B,CDH4,CDH7,CHRM2,CRIM1,DAPK1,DCC,DEFA5,DLGAP1,EDEM1,ENSG00000253206,FRMD3,GRIK2,GTF2I,GYS2,H3Y1,HHEX,INSC,IPMK,IRX1,KIF25,KIRREL3,LINC01341,LINC01424,LINC02251,LINC03148,LPIN1,LRRC4C,MACC1,MARCHF1,NDST4,NELL2,NLRP12,NPVF,PCDH18,S1PR1,SETBP1,SHISA3,SLC67A1,TACR3,TENM3,TMPRSS13,TRAM1L1,TRIQK,UBE2E2,ZNF608
882	ACOT11,AGAP1,BCR,CAPZB,CDK14,CLNK,CNTN4,CNTNAP2,CYP24A1,DGKB,DGKI,DSC3,EFHB,EHF,ENSG00000228793,FAM174B,FAM20C,FAM241A,FGF20,FHL2,FREM2,GAREM1,GGTLC2,GRK4,HAND2,IBTK,LAMTOR5-AS1,LINC00865,MYT1L-AS2,NAV2,NECAP1,NFATC2,OR10T2,OR56A1,ORC3,OSTN,PRKG2,PTPRU,RNF32,SFPQ,SGCZ,SPRY2,STMN4,TECRL,THSD4,TMX3,TSHZ2,URI1,VIM
883	AGAP1,AP5Z1,ASRGL1,ATXN3,CA6,CACNA2D1,CCDC85A,CCT5,CHD6,CLRN1,CYP26B1,DPP6,EDEM1,EMP2,FAM209B,FAM98A,GABRB1,GLI3,GPC5,GPM6A,GRIK2,GSDMC,GUCY1B1,HDAC4,HSF2,IDO2,INTU,IRX1,KLF3-AS1,KSR2,LINC00964,LIPA,LMO1,MYO5B,NAA30,NINJ1,NPAP1,NXN-AS1,PTPRD,SEL1L,SGCD,SGCZ,SH3GL2,SHISA3,SNRPN,TMEM260,WTIP,XYLT1
884	ABHD2,ADRA1A,AFF3,ASB3,BNC2,CCSER1,CCT5,COL23A1,DIPK2A,EDEM1,ENSG00000282142,ENSG00000288895,FAM98A,FLRT2,FOXI2,GHRL,HS3ST3A1,IVNS1ABP,JARID2,KANK4,LDHC,LINC03018,LTBP1,MYH13,MYOM2,NRXN1,NTF3,PIK3C3,PKIA,PLCG2,POU1F1,RASGRP3,RBM46,RETREG1,RHPN2,ROBO1,RSL24D1,SLC16A7,SLC1A6,SLC7A11,SMPDL3A,SPOCK3,SPRED2,SPTLC3,ST8SIA4,TLL1,TM2D1,TRPM1,ZNF722
885	ADGRL3,AMPD3,ANXA13,ARHGAP32,CAMK1D,CMPK2,CPNE4,CRIM1,DCDC2C,DCN,DGKI,DOCK1,DPP6,ENPP6,ENSG00000287117,FGF12,FRMD6,FTMT,GIMAP5,GMDS-DT,HTR1B,ID4,KCNIP4,LINC02984,LINC03000,NDRG2,OPRK1,PCDH15,PDE3A,PGM1,PPIG,PRICKLE1,PSD3,RDH14,SGCD,SLC19A3,SLCO4C1,SPATA31C2,STIM2,SYT16,TBL1XR1,TCP10L2,TENM3,THEMIS,TLE5,TMEM132B,UNC13C,WDR72,ZCCHC24
886	ALCAM,AMY1C,ARHGAP10,ASAP1,ATP6V0A4,BOD1L1,BRINP3,CDH20,COL24A1,COL5A1,EFHC1,ENSG00000248994,ENSG00000286495,ENSG00000288075,ETNK1,FBLN2,HAUS5,IL19,IPO5,KSR2,LARGE1,LINGO2,LPIN1,LRRC4C,MBL2,MSLN,MYOD1,NDST4,NETO1,NPSR1,NSMCE4A,OTOL1,PAPPA2,PCOLCE2,PIEZO2,POM121L12,PTPRM,RBFOX1,REEP3,S100PBP,SEMA4D,SGCZ,SLC17A6,SLC18A1,TBC1D4,TENM3,WDR41,ZNF384
887	ABAT,ABLIM1,ANGEL1,ATXN1,CDH9,CLC,CLRN1,CPLANE1,CYB5R2,DSCAM,EDEM1,EIPR1,EZR,FRMD4B,GALR1,GPM6A,GRM7,JARID2,KANSL2,KCNC4,LHFPL6,LSAMP,LUZP2,MAN2A1,MAP3K2-DT,MAX,METTL15,MFHAS1,MRPS6,NCAM2,NOVA1,PARK7,PKN2,RASEF,RDX,SDK1,SFSWAP,SI,SIPA1L2,SLC45A1,SMC2,SMIM21,SNX10,TLK1,TNIP1,TRMT9B,TRPM2,ZNF555,ZNF667-AS1
888	AGMO,AK3,ANAPC4,BTBD3,CLYBL,CNTNAP4,CTNNA3,DNAJB9,DUSP10,ENSG00000257524,FGF1,FYB1,GALP,GFRA2,GRIN2B,INTS7,KCND2,KSR2,LPIN1,LRATD1,NCAM2,NELL2,NPAP1,NPVF,NUDT12,NXN,PCDH7,PDE10A,PHGDH,PIEZO1,PTPRD,RASAL2,ROBO1,RUNX3,SCARA3,SERBP1,SLC15A4,SLC37A1,SLC41A3,SMOC2,TAFA5,TGDS,TMEM100,TNIP3,TRIML1,TTLL7,TUSC1,ZNF486
889	ADGRL3,ARAP2,ARHGAP24,C12orf75,C21orf91,CMYA5,DCP1B,ELOVL6,ENSG00000229618,EXTL3,FABP4,FBN1,FSTL4,GABRB3,KCNQ5,KLHL1,LHFPL6,LYRM4,MCPH1,MINCR,MPPE1,MRGPRG,MRPL39,NSUN3,OAS1,OBSL1,OR52K2,PDE9A,PDHA2,PSG9,PSMB7,REG3G,RFC3,RGS6,SLITRK5,SPAG16,SPOCK1,STK32B,STX18,TAMM41,TLE4,TMEM132C,TMPO,TMTC1,TNFAIP3,TNFRSF11A,TTC7B,UQCRFS1,ZNF286A
890	ACTL7B,ADAMTS16,ADGRL3,AGTR1,ATP9B,BUD13,C10orf90,C1GALT1,C6orf118,CDH9,CTNNA2,DLEU7,DYNLT1,ENSG00000234162,ENSG00000251555,ENSG00000254396,ENSG00000289503,ESR1,ETS2,FABP6,FLYWCH1,FZD10,GALR1,GPX8,GRAMD2B,GRIN2A,GSC,IL22RA2,LCORL,LGALS16,LINC02350,LYZL2,NECTIN2,OSCAR,PIRT,RAI14,SIRPA,SLITRK6,SMO,SNCA,TBXAS1,THSD7B,TNS1,TRIB1,TSPAN11,WWOX,XKR6,ZNF462,ZNF516
891	AFF1,AGA,ARHGEF12,C18orf54,C4orf50,CCDC59,CDKAL1,CELSR1,CTNNA2,DDX60L,EDNRB,FSTL5,FTMT,GLRX3,HOPX,ITGB3BP,KDM4C,KIRREL3,KLF6,LEFTY2,LHFPL6,LINC02973,LRRC4C,LZTS1,MARCKS,NELL1,NFATC2,NPY,PCDH15,PCSK2,PDE3A,RARB,RBM17,RREB1,SCRN3,SERPINA12,SLC4A4,SLITRK6,SOX11,SS18,STIM2,SVIP,TACR3,TAFA4,TAPT1,TBC1D32,TENT4A,VANGL1,WIPI2
892	AADAT,ADAMTS17,ADCY3,ALKAL2,ANKFN1,APCDD1,ARHGEF28,ARL4A,ARMS2,ARRDC2,BEND7,DCC,DLGAP2,DOCK10,DZANK1,ENOX1,ENSG00000260234,ENSG00000272537,GALNT17,HAS2,HHIPL2,IGFBP7,KIAA1217,KLF12,MICAL3,NIPA2,PRCP,PTPRG,PYHIN1,RERE,SALL4,SCARA3,SEL1L,SERPINI1,SFRP1,SPRY2,STK32B,TAF1B,TENM3,TRAPPC12,TRAPPC5,TRPM1,TTC6,TYRP1,ZFPM2,ZNF264,ZNF438,ZNF521,ZNF83
893	ANO1,CABS1,CENPQ,CLDN1,COL24A1,DGKG,DHX35,DROSHA,DSEL,EFCAB11,ENSG00000238207,ENSG00000287578,ETS2,FAM181B,FARP1,GCNT1,HAS2,HTATIP2,LAMA1,LINC00507,LINC01055,MAP3K4,MBL2,MYC,NCAM2,NFIL3,NUP35,ODC1,PCDH7,PIK3C3,PLXNA2,PPP1R16B,PRDM9,PSD4,PTPN7,PTPRD,RANBP3L,RBBP8NL,RUNX2,SERP2,SLC35F3,STXBP4,TECRL,TEK,TMEM179,TNFSF13B,TPO,ZBTB18,ZMAT4
894	A4GALT,ADRA2A,ARRDC4,CANX,CCT7,CMYA5,CNGA1,COIL,CYRIA,DLC1,DOCK5,DPP6,EDN1,EMC1,ENSG00000285566,FAHD1,FGF14,GPR158,HPGD,IGSF22,IL37,IMMP2L,INF2,KAZN,LINC02561,LIPN,MASP1,MED10,MKI67,MYO16,NAALADL2,NUBPL,OLFM3,PANX1,PLSCR4,PPARGC1A,PPP2R2A,RBFOX1,RGS18,SLC6A11,SORBS2,SPESP1-NOX5,SPOCK3,STK32B,STPG2,TRAPPC9,TSPAN15,TTC9,UQCRFS1
895	ATP8A1,BAIAP2,BBS9,BMPER,CBLN2,CCZ1B,CELF4,CNBD1,CNTNAP5,COL22A1,COL26A1,DAOA,DCC,DMAC1,DNAH11,EFNB2,ELMOD2,ENOSF1,FOXN3,GLIPR1,GUCY1A1,HMGN3,HSP90B1,IGFBP3,IL1RN,KPNA7,LMNTD1,NCKAP5,NDN,NEDD9,NFIB,NPFFR2,NPIPA1,NUDCD2,PIK3C3,PLCG2,PLXDC2,PPP4R1,PSG9,S1PR1,SIX2,SMIM23,TAFA5,TCF7L1,TFCP2L1,TINAG,TRIM44,TTC39B,TUSC1
896	ADAMTS5,AGBL1,AGPAT4,AMZ1,ARPP21,C4orf50,CCNG2,CDH4,CPS1,CSMD1,DCC,DLG5,DNAH5,DYNC2H1,ENSG00000228592,ENSG00000259060,FGF14,FUT8,HMGN1,IL2RA,IRS2,LBX2-AS1,LHPP,MCTP2,MFF-DT,MS4A4A,NDUFA10,NSG2,OR7C1,OXR1,PDE1C,PDHA2,PLXNC1,POLR1F,PRKAR1B,RGS9,ROR1,RPRD1B,SCIRT,SEL1L,SLITRK5,SNRPB2,SPDYE21,TENM3,TENM4,TMPRSS15,TPK1,WDR59,ZFPM2
897	ACTC1,ADARB2,ADTRP,ARID4B,ART5,ASIC2,ATP10A,BICD1,CA10,CACNB2,CCNG1,CDC42BPA,COBL,ENSG00000234162,FMN1,GLI2,GPR26,HTR1B,INTS10,KDM4C,KLF6,KLHDC7A,LASP1,LHFPL6,LINC03076,LRP1B,MAGI1,METTL4,MYB,NET1,NUCB2,PCDH15,PLD5,POC1B,POU6F2,RBFOX1,RFC3,SLC25A21,STK32B,SYN3,SYPL1,TGFB2,TNS3,TRIML1,TUT7,UGT2A3,USP25,WDR17
898	ALX4,ANK3,ARRDC4,ATP8A1,CBR3,CNTN5,CPE,CRIM1,DAB1,DSEL,EED,EIPR1,ENPEP,ENSG00000255367,ENSG00000268845,ENSG00000272626,GGACT,LCORL,LPCAT1,LRPPRC,MRPL39,MTARC1,OLFM1,OR9K2,PRKAR1B-AS2,PTPRT,RGS7,SERPINA1,SGCD,SLC39A8,SLCO1B3,SLX9,ST8SIA1,STOX2,SYT14,TBC1D1,TBC1D22A,TCIM,TDRD15,TNIP3,TRIML1,TYRP1,UBE3C,UQCRFS1,VPS13B,VSTM5,ZFAT,ZNF385D,ZNF846
899	ACVR2A,ANGPT1,ASIC2,CDC123,CDC73,CFTR,CITED2,CRYZ,CXXC4,DAOA,DDX18,DKK2,ENTPD3,EPHA4,EYS,H3Y1,IRS1,IRX1,KALRN,KIRREL3,LDLR,LNCOG,LRRC27,LYZL1,MAGI2,MSH2,NADSYN1,NHLRC1,NXPH1,OPRK1,OR52N4,PITPNC1,PLOD2,PRKCH,PRLR,PYDC2,ROPN1L,SLCO3A1,SMIM8,SMOX,SMYD3,SNAP29,SPIRE1,TLN2,TRPM1,VIT,ZNF716,ZPLD1
900	AGMO,AJAP1,ANK1,BFSP2,BRD1,CDKAL1,COX8A,DIO3OS,DNER,FOXQ1,FSTL5,HACE1,HAS2,HHIPL2,HMGXB4,IFNG,ITGB3BP,KCNQ5,KCNT2,LAPTM4B,LRRC4C,LUZP2,MAX,NEK7,NKAIN2,NOVA1,NOX3,NPY,PREX1,PRKN,PSAT1,RASD2,RGS12,RNF17,RPL37A,RYR2,SH3GL2,SLC30A10,SYNPR,TAS1R2,TMEM131L,TMPRSS15,TOP1MT,TTLL7,UTS2B,VWC2,XYLT1,ZNF521,ZNF681
901	ADAMTS13,ADARB2,ADRA2A,ARHGEF28,BMP7,BPNT2,CNTNAP2,COX10,CRIM1,DLGAP2,DMAC1,DSC3,DSEL,EIPR1,ELMO1,FAT1,FRG2C,GAS7,GPM6A,GRAMD2B,HPGD,IDO2,IFNAR1,KLF12,KLK5,NEDD1,NTRK3,OPRM1,OSMR,PCDH10,PCDH15,PFKP,RUNX1T1,SMYD3,SNTB1,SORCS1,SPRR5,SUGCT,TECRL,TNFRSF13B,TPT1-AS1,TRIML1,TTLL2,UBIAD1,VASH1,VEGFC,WWOX,YBX2,ZFYVE28
902	ADCY10,AGPAT4,ATP10A-DT,ATXN7L1,BRAF,CEACAM8,CRACD,CRACR2A,CSMD1,CTNNA2,DDX11-AS1,DEFB131A,DLGAP2,ETV6,FAM3C,FN1,GALNT17,GFRAL,GLI3,HIVEP3,ING2,MAGI2,MALRD1,NPAP1,NRP1,PDZRN3,PID1,POSTN,PTCHD3,RUNX3,RYR3,SASH1,SEC61A2,SETDB2,SH3PXD2B,SIGLEC12,SLC18A1,SLC35F3,SOCS6,TBX15,TENM2,TENM3-AS1,TMEFF2,TMEM154,UMAD1,VSTM2A,WDFY1,ZNF266,ZNF479
903	AMPD3,ARHGAP21,ASB1,ATOSA,BOD1L1,C4orf33,CCDC82,CDCA7L,CDIN1,CNTN5,CNTNAP2,CPXM2,CXADR,DAAM2,FAT4,FCRL5,GJA1,GPR146,HACE1,KRTAP19-8,LINC01307,LRP6,LZTS1,MBTPS1,MRPL39,MYC,NALCN,NALF1,NYAP2,PDE2A,PFKFB3,PGM2,PRDM2,PTPRD,PXDNL,RAD18,SLITRK1,SPRY2,ST8SIA6,TENM4,THSD7B,TMBIM4,TMEM87B,TSHR,TUBGCP5,UNC5B,VSIG2,ZNF608,ZP4
904	ABCA6,ABCC1,ANK2,ANXA3,APELA,ARHGAP24,ASIC2,ATP8A2,BCHE,BTBD3,BTG1,CARMIL1,CCL2,CLVS1,CSMD1,CYYR1,DAB2,DIO3,ECI2,ENSG00000206356,ENSG00000251412,ETV1,FAM98A,GALNT15,GPR26,IFTAP,IQSEC1,LINC01622,LNX1,MEG8,MYO3A,MYRIP,NCAM2,PPP2R2A,PRKAG2,PRKCE,PRR23E,PYDC2-AS1,RNF181,SRBD1,ST8SIA1,SUCLG1,SYNE1,TFAP2C,TFEC,TGFBR2,TMEM45B,TUBA3C,USP31
905	ADAMTS9-AS2,AMY1C,APBB2,ARL4C,C5orf58,CD37,CERCAM,COL8A1,COX10,CPE,CPXM2,CRIM1,CYREN,DLGAP1,DPP10,DSEL,ENSG00000284196,ERCC6L2,ERO1A,FASLG,GOLGA8A,GRIN2A,HLF,IER3,IPO5,KDSR,LINC00865,MCTP2,MPHOSPH6,NID1,PHACTR1,PKD1L1,PLCB1,RBM46,RGL1,RUNX3,SCD5,SLCO1B3-SLCO1B7,SOX21,SP110,STK10,THSD7A,TMEM131,TOP3B,XPNPEP1,XXYLT1,ZNF215,ZNF469
906	AGA,ALDH1A2,ANKRD7,CALD1,CCZ1B,COL26A1,CSMD1,DDX60L,DOK5,EBLN2,ENSG00000233974,F13A1,FANCF,FOXG1,GLIS3,GRM7,HS3ST3A1,INTU,LBP,LINC00661,LINC02449,MACC1,MCTP2,MDGA1,MOB2,P3H2,PRKD1,PRMT6,RPS29,SGCZ,SH3PXD2B,SLC24A2,SLC39A8,SNTG2,SORCS1,ST3GAL6,SYNPR,TEX29,TIAM2,TMEM114,TMEM132C,TMEM158,TNFRSF19,TSHZ3,TWIST2,VSTM5,WAC,ZFR2,ZNF804A
907	ADRA2C,ALDH1A2,ARHGAP42,BANF2,CACUL1,CASP7,CDH18,CDH6,CEP68,CLPS,CNTNAP5,CNTROB,COL28A1,CRADD,DENND1B,ENSG00000253474,ENSG00000287225,EPHB2,FBN2,FHIT,FOXP1,GABRB3,GLI3,GLUD1,GRIK4,GYS1,HIP1,IL12B,LINC00937,LINC02283,LMO7,LRRC30,LSAMP,MAGI1,MAILR,MYC,PLCB4,PRKCE,RFTN1,SGCG,SLC36A3,SLC4A3,SLC51A,STK24,TSNAX-DISC1,WSCD1,XNDC1N-ZNF705EP-ALG1L9P,YPEL5
908	AGPAT5,ANKRD30B,ANKRD36,ARHGAP25,C17orf99,CACNB2,CCDC179,CUL2,DNAH5,ELN,ENOSF1,ENSG00000233577,EPHB1,EXTL3,FAM240B,FAT2,FHL2,FLRT2,FOXL3,GABARAPL1,GARIN5B,GMDS,GPC5,IGFBP7,KCMF1,KRTAP5-5,LY6D,LY6S-AS1,MDGA2,MIR3667HG,MYF5,PARP12,PDGFRL,PLA2G4A,PLXNA2,PPP2R2D,SDK2,SERP2,SLCO1B3,SNX29,SOX9,SQOR,SV2B,SYT10,TAB2,TMEM170B,YJU2B,ZNF292
909	AGA,ARL2,ASAH1,BTBD2,CDH12-AS5,CEMIP,CHST11,COA6,CPPED1,CTNNA3,CTSO,DGKD,DNM1L,ENSG00000215156,FAM3D,GAN,GPR87,GRIP1,HNRNPU,HS3ST3B1,IFTAP,IPO5,IRS2,IRX2,KCNK2,LEISA1,LHFPL6,LINC00706,LINC01036,MAPK10,METTL15,MYC,PCDH15,PLCL1,PLXNA2,PSD4,RSU1,SASH1,SEPHS1,SGCG,SORCS2,STIM2,TENM4,TMCO5A,TOMM7,TTC33,WDR11,ZDHHC11B,ZNF492
910	AGA,ALCAM,ANKRD33B,BEND3,BUD13,CDC42EP3,CDH9,CLN8,CNTNAP5,CTBS,DNAH9,DPYD,EEPD1,ENSG00000226022,ENSG00000255206,ENSG00000257398,ENSG00000258792,EPS15L1,ERICH1,FHIT,FOXJ2,GALNTL6,GPC6,HCAR3,HLA-DPA1,HNRNPH1,LINC02660,LRRTM4,MIR646HG,NRDE2,OPCML,PCDH7,PCED1B-AS1,PIK3C3,PIWIL1,PMP2,PPP1R14C,PRAG1,SC5D,SLC30A10,SLC6A15,SNTG1,SPTLC1,TFAP2C,TNK2,TOLLIP,TRIM24,VRK3
911	ADGRE5,CCDC71L,CD80,CDH13,CKM,CLSTN2,CNTNAP2,COMMD6,CYLC2,DGKD,DNAH9,ENSG00000215156,ENSG00000230303,ENSG00000287423,EXO1,GRM7,HLF,HMGCR,KRT86,KY,LINGO2,LMX1B,MAP9,MYOCD,NALF1,NSD1,PABPC4L,PDE5A,PGA5,POU5F1B,PPP2R5E,PRKACG,PTGER4,RASGRP1,REG3G,RESF1,RFX8,SBSPON,SERPINA6,SGCG,SHISAL1,SMYD3,ST8SIA2,STAU2,TBXT,TMEM192,VGLL4,ZSCAN20
912	ABCA12,ADGRD1,AGXT2,AMY1C,ATP8B4,BMP2K,BPNT2,C4orf33,CDH23,CFAP20DC,CFHR1,CNTN5,COX4I1,CSMD1,DOCK6,EIPR1,ENSG00000269752,ENSG00000287277,ESR2,FRMD3,GPRIN3,GRIK2,HMGCLL1,KCNE4,KLF4,KLHL1,LGALS16,ME1,MMP10,OPCML,OPRM1,PDGFC,PPP2R2B,PTPRD,RASSF9,RBFOX1,RIN3,RNF14,SAMD5,SLC16A12,SLC4A3,SNTB1,SORCS2,SPESP1,STIM2,TMEM72,TRAPPC12,TSPAN9,USP10
913	AKR1D1,ALDH16A1,ALDH1A3,ALKBH3,APBA2,B3GALT1,CCDC182,CCSER1,CDH18,CDH23,CHRDL2,CIITA,CSMD1,CTNNA3,DAOA,ENSG00000260337,ENSG00000272626,FAM98A,FPR2,FXYD4,GMDS,GOLGA8R,GPR39,GRIK4,IRX1,JAK2,KCNH7-AS1,LINC02958,LPIN2,NELL1,NPHP3-ACAD11,PRKG1,PTPRD,RBMS3,REG3A,RNF32,SH3YL1,SLC1A3,SOX11,ST8SIA1,TECRL,THUMPD3,TMEM132E,TNPO2,TRPC6,UFSP2,USP25,XRCC2,ZKSCAN2
914	ADAMTS19,AGBL1,AIPL1,AJAP1,ARAP2,ASAH1,AUH,BCL2L11,CECR2,CHRM3,CLNK,CSMD1,DCC,DOK6,ENSG00000223502,ENSG00000286326,ERC1,FAT1,FBN3,FGF14,FOXF2,FOXP1,GGTLC2,HS3ST1,KCNT2,KMT2E,LINC00937,LUZP2,MAP4K4,MEOX2,NTRK2,OAS1,PIRT,RGMA,SDK2,SERAC1,SNORC,SRBD1,STK32A,STXBP1,TENT4A,TLE3,TLE4,TSN,UACA,UNC5A,ZBTB10
915	ACTR5,ADAMTS16,ANAPC1,ARMS2,ARRDC4,AUTS2,BEGAIN,C4orf50,CAMK2D,CCK,CD5L,CDH8,CHRDL2,COCH,COL6A5,CSF1,DDX11,DSEL,ELP1,GALNTL6,GPC5,GRM7,HAO2,IGFBP2,KCNQ5,LYAR,MME,MRPS9-AS2,MYOM2,NEDD4L,PCDH18,PRB4,RERG,SEC23B,SEMA3C,SFSWAP,SH3BP4,SLITRK5,SNX14,SORCS1,SP100,SPIN1,STK38L,TEX29,TRPM1,UBE2E2,USP40,VOPP1,ZWINT
916	ADCY2,AEBP2,AGA,AKAP13,ARAP2,ARHGAP42,C8orf34,C8orf90,CD36,CMIP,DLGAP1,ENSG00000280604,ENTREP2,FRMD4A,GATA3,GTF2F2,GUSBP1,HSF2,KCNIP4,LDLR,LINC02749,LINGO2,MACROD2,MEI4,MYO1E,NDUFA10,NKAIN1,PCDH10,PCDH9,PLD5,RBFOX1,SCARA3,SEMA3D,SGPL1,SHISA6,SIN3B,SLC6A15,SOX11,STIM2,STK32B,SV2C,TAF1C,TMEM132D,TMTC2,TPT1-AS1,UNC13C,UNC5B,VEGFC,ZNF215
917	ADGRL3,AJAP1,APBA2,BMP4,CELSR1,CMIP,COL5A3,CRYBA4,CTSC,CYRIA,DDX10,DNM1,DPP6,ENSG00000288964,FAM3C,FMO3,GALNT1,GNAL,GPR39,GUCY1A1,HACE1,IGF2BP3,KLHDC8A,MCF2L2,MCPH1,MORC3,MOXD1,MTRR,NEK7,NKAIN2,NRSN1,PDGFC,PDGFD,PDZRN3,PHYHIPL,PIEZO2,PRKN,PSD3,QRSL1,RAMP3,RARB,SEC61G,SMOC1,SOX5,SPAG9,VAPB,VSTM2A,WFIKKN1,ZPLD1
918	ABHD13,ADGRL3,AGTR1,ARHGAP32,ASGR1,BTC,CD36,CDH18,CDO1,CFAP20DC,CTNNA3,ENSG00000283674,FAM76B,FGD2,FRMD4A,GALNT14,GPC6,HACD4,HACE1,HS6ST1,ITGA8,KLF4,LRRC3B,LRRFIP1,LY86,MAP3K8,MARCHF1,MRPS9,MYO16,NABP1,NEDD4L,NOCT,NT5C3B,NTRK3,PLA2G6,PRR16,PSG2,RND3,SCAF4,SEMA5A,SLC20A1,SLITRK6,SNAP29,SORBS2,SUMF1,TNS1,ZFAT,ZNF175
919	ABCC1,ADAMTS14,ARAP2,ARRDC4,ATP8A2,ATPSCKMT,BCAS1,BOD1L1,C16orf82,CASP4,CBLN2,CCSER1,CLTCL1,CNTN5,CP,CSRNP3,DMRT3,DTD1,EMILIN2,FHIT,FRMD4B,GALNTL6,GATA3,GNAI1,GPR149,GZMB,HOXA9,HTT,ITIH2,KCNA6,LHFPL2,LINC01324,LRP1B,LRRC4C,LRRTM4,LZTS1,MBL2,MN1,MYC,MYO16,MZT2A,NDRG2,PDXK,SMARCA2,TG,TRAF1,UTRN
920	ADAMTS5,ADARB2,ADCYAP1,ADGRL3,AMY1C,ASAP1,CAMK1D,CD69,CDH13,CDYL2,DCLK1,DOCK1,DOK5,DYNLRB2,EEA1,EOMES,FBXO33,FGF1,FMN2,FOXP1,GFRA2,GLIS3,IPO8,KCNQ1,KIF2B,KIRREL3,KLHL1,LINC00029,LINC02321,LRATD2,MCTP2,MGAM,MRE11,MTCL1,MUC20,NCEH1,NPFFR2,PAWR,POT1,RABGGTA,SLC1A2,SLC39A10,SLITRK1,TAFA5,TENM3,UBE2E2,VGLL4,ZNF792,ZNF804A
921	ADAMTSL1,ADGRD1,AKR1C3,ANKRD2,APC2,ARHGAP32,BASP1,C11orf24,CACNA2D1,CCDC85C,CD300E,CD44,CLIP1,CNTNAP2,COA1,COX4I1,CSGALNACT1,CTNNA3,CTNNB1,CTNND2,CTSL,DAOA,DGCR5,DOP1B,EPSTI1,ERG,FBXO39,FLRT2,FZD8,GSE1,HTR1B,ITPR2,KCTD12,KIF2B,LINC02448,LUZP2,MXI1,OXR1,PCCA,RARB,RSPO2,ST6GALNAC1,TBL1XR1,TLE6,TRAM1L1,UBE2E2,UBE2F,ZKSCAN7-AS1,ZNRF4
922	ADAM17,AGA,ANKRD30A,ASB3,ASS1,B3GAT1,BCL11B,BLOC1S5-TXNDC5,BRINP3,CNTNAP5,CRH,CROT,DGKB,ENSG00000226454,ENSG00000283563,EPHA5,FAM98A,FANCI,FOXF1,FXYD5,GPR78,GPRC5C,IFTAP,IRS1,KDM4C,KIF26B,KYNU,MAPK14,NELL1,PCDH15,PDE5A,PTPRT,RASA2,RMI2,SAMSN1,SFMBT2,SH3BP4,SHQ1,SLC19A3,SLC20A1-DT,SLN,SPINK5,SUMF1,SYNE1,TBC1D1,TEX29,TMEM132C,TRAV12-1,ZNF354A
923	ARHGAP32,ATE1,BRINP1,CCNY,CDH6,CMPK2,EHD3,ENSG00000176320,ENSG00000266602,ENSG00000287680,FAM241A,FGF9,FHL2,FOSL2,GMPR,GRM4,GRM8,GSTA4,KLF15,LSM5,MAFB,MALRD1,MINDY4,MIPEP,NXPH1,PALLD,PARS2,PCDH18,PCDH7,PDE10A,PITRM1,PLG,PTPRG,PVT1,RAI14,SDK1,SLC2A14,SNAPC3,SNX19,TBC1D14,TENM3,TMEM135,TSPYL5,UBE3A,UST,WDR47,ZFPM2,ZWINT
924	AMY1C,AQP8,ARHGEF26,CDH6,CDYL2,CSMD1,CSNK1A1L,CTNNA2,CYRIA,DOK5,DSC3,ECI2,ENSG00000259363,ENSG00000285082,EPHA5,ERCC4,FBLN2,GPR26,GRIN3A,HAS2,HSD3B1,IL22RA2,KALRN,KRT10-AS1,LBP,LIPG,LRRC71,LSAMP,MOXD1,NDST3,NPHP4,PDE4B,POU2AF2,RBBP8,RBMS3,SCYGR2,SETBP1,SGCZ,SH3BP4,SLC24A3,SLC4A3,THSD7A,TMEM131L,TPCN2,UBAC2,VAPA,VEPH1,ZDHHC2,ZNF554
925	ACO1,ADAM12,ADRA2C,APP,BANP,BOC,BUD13,CNTNAP5,CPED1,CSMD1,DDX11,DENND3,DNAJB6,DYTN,ELAVL2,ENSG00000206356,ENSG00000253901,ENSG00000259828,ENSG00000261754,FEZ1,FGF6,FGF9,FRMD4B,HIPK2,HS3ST4,IGFBP7,MAT2B,MEST,METTL16,MIR646HG,MSI2,MTHFS,NFATC2,NOVA1,NPAS2,NPPC,OR2S2,PREX2,PTPRD,PXDNL,RPS6KA2,SDK2,SH3GL2,SRBD1,ST6GAL1,TMEM135,TPM4,TRMT61B,ZNF429
926	AGBL1,AMZ2,CAV3,CCSER1,CDH5,CDH7,CHN2,CHST15,CLDN11,CNTN3,CTNNA3,DENND5A,DMKN,DPPA4,ENSG00000248367,ENSG00000270207,ENSG00000289318,EYS,FSCB,GALNTL6,GHRHR,GPR39,ID2,IYD,JAK2,KDR,KL,MAP3K7,MS4A7,MYC,NAF1,NXN,OPRM1,PLCB4,RCN1,SDCCAG8,SERP2,SI,SLC25A29,SLC44A1,SMC2,STIM2,TBC1D4,TEX36,THSD7B,TMEM132D,TMEM74,UCK2,ZNF236
927	ACOT11,ADAMTS15,ADGB,ADGRL3,APBB2,ATP8B1,C16orf78,C1orf174,CIMIP1,COPA,CPQ,CTNNA2,DGKG,DRC8,ECI2,EPHA10,ERMARD,FBXO11,FLRT2,FRMD4A,HLA-DPA1,KCNK1,KCNN2,LMO7,MAFB,ME3,MESP2,MTRES1,NUP35,PCGF5,PIEZO2,PLB1,PRKN,QRFPR,RBM43,RMST,SAMD5,SDK1,SEMA3C,SI,SKOR2,ST6GALNAC1,TAFA5,THNSL2,TLE1,TMTC2,TNFRSF11A,ZDHHC21,ZNF474
928	ADGRA3,ADGRB3,AGTR1,ATP2B2,BRD7,BTC,CCDC71L,CD70,CDH8,CNTN5,CNTNAP2,CNTNAP5,DDX11,DSCAM,DUSP5,ENSG00000289217,FRY,GAP43,GGTLC3,GNAI1,GPC5,GRIA2,HLX,HNRNPU,HS3ST5,ICE1,IL15,KDM4C,LRRC4C,MACROD2,MKX,MT1G,MYO3B,NCAM2,NPSR1,PCDH17,PRKN,PTS,SCG5,SDCCAG8,SPATA18,ST8SIA2,SUMF1,SYK,TACC2,TAFA5,TECRL,TMX3,VAPA
929	ADAR,ARFGAP3,ATP2B4,B4GALT5,BMP7,CAPN9,CDH18,CDH20,CDKN2B,CNTNAP2,COL4A3,CSMD1,DAOA,ENPEP,ENSG00000283128,FOXE3,HPCAL1,KCNQ3,L3MBTL4,LHFPL6,LINC01418,LPP,LRATD1,MINDY3,NCAPD3,PATJ,PPP1R14C,PRPF18,PTPRD,RAPGEF2,RBFOX1,RHOB,SALL2,SGCZ,SLC15A4,SYT5,TFEC,THSD7A,TMED3,TMEM37,TRHDE,TRNT1,TSHZ3,USH2A,YTHDC2,ZEB2,ZNF833P,ZNF91
930	ADGRV1,ANKFN1,BABAM2,CALML3,CD24,CDH6,CHODL,COG2,CRIM1,CXADR,DIAPH3,EDIL3,ETV7,EYS,FHIT,GRAMD1B,GRIP2,GRM7,HHAT,HSD17B2,IFTAP,IQGAP2,KIAA1549,KLB,KRAS,LIMCH1,LINC02619,LINGO2,LRRC1,LRRCC1,NALF1,NCKAP5,NRXN1,ONECUT1,OTOGL,PDGFC,PITRM1,PLEKHG6,PTPRD,PTPRH,SILC1,SLC35B3,SLC39A10,TIAM1,TMTC1,TNFRSF10A,UCK2,WWOX,ZBTB16
931	ADGRL3,AGBL4,ANXA1,APOBEC3C,ART5,ATP2C2,BCKDHB,CA10,CAMTA1,CLCN6,CRYBA4,FLRT2,GLRX3,GPD1L,IL21R,LAMA1,LCP1,LMCD1,LRRC7,MAF,MLPH,MSR1,NKAIN2,OCEL1,PADI3,PLA2G4D,PRDM10,PSAPL1,PSD3,PTGER3,RASGEF1B,RBFOX1,RFX3,RPS24,TCIM,TENT4A,TG,TIAM1,TMC7,TMTC1,TMTC2,TNFRSF19,TSPAN10,TTC39B,TUBA3C,TUSC3,VPS33B,WNT7A,ZPLD1
932	ABHD10,ACIN1,ADRA1B,ANKRD1,ARL4A,BICC1,CBLN4,CDON,CES1,CHLSN,CMIP,CNTN5,CTSC,DCDC2C,DPP10,ERN2,ESYT2,FARS2,FGF12,FHL2,HPS1,IPMK,KLHL29,LRFN5,MAF,MYO3B,NEFM,NKX3-1,OR13D1,PTPN12,RAB38,RASSF9,RBFOX1,RGS7,RNF144B,RORA,SCEL,SOX11,TBX20,TG,TP53BP2,TRIB2,TUSC3,TWIST2,TYRP1,WDR37,WWOX,ZNF385D,ZWINT
933	ANGPT4,ARFGEF2,BAIAP2,BNIP3,CACNA1C,CD70,CNTN5,COL5A1,DEFB112,EDEM1,EIF4B,ENSG00000288520,FAH,GPC5,HPCAL1,HSPA12A,IDO1,IGF2BP2,IRF2BP2,KCNT2,KDM4C,LINS1,MGMT,MYEOV,NPIPB4,NPY5R,NRXN1,PDGFA,PLA2G4A,PLAAT5,PLGRKT,PLXNC1,RGMA,RGS18,SDK2,SGO2,SNX13,SPATA19,SPRR2B,SYT4,SYT6,TARS1,TLE1,TSEN2,UGT2A2,WDR72,WWOX,ZFPM2,ZNF385D
934	ADD2,AGBL1,AUH,CADM2,COL23A1,COX7C,DAP,DIP2C,DOP1B,DPH5-DT,ECE1,ENKUR,ENSG00000197991,ENSG00000286885,EPHA5,EPHB1,FAT4,FHIT,GALNT17,GNB5,GRID2,HDAC4,IL6ST,IZUMO3,LINC00662,LINC00963,MAGI2,MLPH,MME,MTPN,NEDD1,NRXN1,PCDH7,PDGFB,PLPP4,RAPGEF2,SCFD1,SEMA3C,SGCG,SPAG1,SPSB4,TEKT3,TRIB2,WDR59,XYLT1,ZDHHC2,ZFAND4,ZNF429,ZNF670
935	ADAM12,ADAMTS12,ARHGEF11,BANK1,C6orf15,CBLN2,CLEC5A,CNTN5,CSMD1,CTNNA3,CYP4F3,DNM1L,ENSG00000250775,ENSG00000288089,EPB41L3,EPCAM,FBXL7,FGF12,FSTL5,HACE1,HTR1E,IGSF10,ITPR2,KCNJ2,LCORL,LMX1A,MBOAT1,MIR7-3HG,NAT2,OPRM1,PALM,PCDH9,PGR,PRKCQ,PTPRD,RAB6C,RGS6,SHH,SHQ1,SLC35F1,SLITRK1,SSTR4,STX18,THBS1,TRIML1,XKR5,ZWINT
936	ABCA10,ACO1,ADAMTSL1,ADGRL4,AP3B1,ARHGAP24,CDH10,CDH19,CDYL,CNOT6L,CTNNA3,DACH1,DCAF4,DPH6,ENSG00000288598,FAT1,FAT2,FTMT,GALNT2,GPC6,GRIA1,GRM7,HS3ST1,KIF16B,KL,KLC1,LINGO2,LPAR3,MED27,MLF2,MLKL,NLGN1,PMEPA1,PRKN,REEP3,RIMBP2,SEMA6A,SIDT2,SLC26A9,SMIM31,SMOC2,STXBP5,SYNE3-AS1,TBC1D2,TMPRSS2,TPCN2,TRDN,UBASH3B
937	ADGRF1,ANO4,APPL2,ARHGEF4,CDH13,CDK5RAP2,CNTN4,CSGALNACT1,CTNNA2,DPPA2,DPPA4,EIF2A,ELF2-DT,EPAS1,EYS,FRMD4A,GJB2,GRK5,IMPG1,KHDRBS3,KLHL1,L3MBTL4,LRRC4C,LRRTM4,MACROD2,MAGI1,MBL2,MGMT,NKAIN2,NOS1AP,NPAS3,OLFM4,OLIG3,PDIA6,PIPOX,PRSS1,RASGEF1B,SLC28A3,SNAP91,SNX19,TAFA5,TEX29,TRDMT1,TSHZ2,VSX1,WIPF1
938	ARK2C,BCL2A1,CACNA1C,CCDC185,CDH2,CECR2,DSEL,EIF5,ENSG00000283321,ENSG00000286481,ESRP1,IMPA2,JAG1,JRKL,KANK1,KCNMA1,KCNS3,KLHL1,LINC00937,LINS1,LMCD1,LMX1B,LSP1,LY6E,MAPK10,MED21,MGMT,MN1,MRPL39,MTSS1,NEURL1B,OTUD7A,PCGF5,PIM1,PKDCC,PTPRD,RIMBP2,RIT2,S1PR3,SLC20A1,SLC66A3,SLCO1B3-SLCO1B7,SMOC2,SYNPR,VGLL4,VRK1,ZFAT,ZFHX3
939	ADAMTS5,ALDOB,AMY1C,ATXN10,C2CD2,CDH6,CDK18,CLIP4,DGKI,DPP6,EEA1,ENSG00000223947,ENSG00000237378,ENSG00000290149,ENTREP1,ERICH2,FOXG1,GALNTL6,GPR149,GPRIN3,GRIK4,HS3ST3B1,INSIG1,KCNAB1,LINGO2,LITAF,LZTS1,MAN1B1,MELK,MMP20,MRPL39,NR2F2,PFKP,PLCB1,PTPRD,RTL6,SEMA3A,SETMAR,SIPA1L2,SLC10A2,SPRING1,STMN2,TAFA2,TDRD10,TLE3,TNC,UGCG,VANGL2
940	ADAMTS7,BACE2,C1orf174,CAMK2D,CAPZA3,CAPZB,CDH10,CDH4,CDH9,CLNK,CNTN4,COX10,CPEB2,CRIM1,FAM221A,FGF1,FSTL5,GFI1B,GPR78,GRIA2,IL1RL2,KCNT1,LRRC7,MAGEF1,MGAT5,MYO7A,NALF1,NCKAP5,NEDD4,NFATC2,NUP54,OR11H2,PDE1C,PINX1,POM121L12,PRRX2,RBM46,RIMS1,RPUSD4,RUBCNL,SCD5,SFRP4,SLC45A1,SLC46A3,SNTG1,SPTLC3,TENM3,TMPRSS15,ZFPM2
941	AKAP12,ALG8,ARID1B,C16orf95,CADM2,CD4,CDH8,CNTNAP2,DNAH11,EFNA5,ENSG00000254632,ENTREP2,FAM124B,FSTL5,GABARAPL1,GRIN2A,HGS,HUNK,IRX1,KCNH7,LHFPL3,LINC00592,LRP1B,MB21D2,MSI2,MYOCD,NEDD9,OR10T2,PDX1,PDZD8,PRDM2,PRICKLE2,PRKAR1B,PRKCH,PTPRU,RAMP3,RARB,RGS5,SEMA4B,SMOC2,SNTG1,SPOCK3,TENM4,TEX35,TRIB2,TSHZ1,TTC17,USP13,XRCC5
942	ACSL1,ADCYAP1,AGAP1,AKR1C3,ANXA1,ARL4C,BMP4,C4orf33,CAPN11,CDC73,CDH10,CENPS,CHLSN,CPXM2,CRELD1,CSMD1,DYSF,ELAVL2,ENSG00000267564,ENSG00000293570,FAT4,FBLN1,FGF14,HBG2,HIP1,ITIH5,LINC00377,LINC02147,METTL4,MMD,NAALADL2,PDGFRA,PLG,PYHIN1,RASGRP3,RP1L1,RYR3,SFSWAP,SH3GL2,SI,SRRM4,TBC1D1,TENM3,TLE5,TNR,TOX3,TRPM3,URB2,ZNF385D
943	ACSL3,ALDH1L1,API5,B4GALT5,BMPR1B,CDH26,CFL2,CNTNAP2,CNTNAP5,CPXM2,CRYBB1,CTNND2,DZANK1,ENSG00000257890,GATB,HSF2,IRX1,KAZN,KSR2,LINC01194,LINGO2,MACROD2,MPDZ,MRPL15,OCA2,PAFAH1B1,PDE6A,PITRM1,PMEPA1,PRDM16,PRKG1,PTPRD,RASSF6,RPS23,RTN4,SH2D3A,SMAD3,SOX14,TACR1,TCERG1L,TJP3,TMEM14C,TMEM156,TUSC3,TYRP1,USP43,WDR11,ZBBX,ZNF280B
944	ABLIM2,ANXA1,BICD1,CARD11,CBLN2,CHL1,CYLC2,DSP-AS1,ENTREP2,FAM98A,GALNT7,GALNTL6,GLDC,GRB10,GREM2,HLA-DRB5,IGFBP7,IQGAP2,LIMD1,LINC00662,LRRTM4,LSAMP,MGMT,MRPL39,MSRB2,MTUS1,MYC,MZT1,NALCN,NEBL,NYAP2,OTOP1,OXR1,PCDH18,PRDM9,RBFOX1,RGPD4,SFXN1,SH3BP4,SLC24A2,SLITRK5,ST6GALNAC3,STARD4,TBX18,TCEA3,TPK1,TUSC3,ZFYVE28
945	ACSL1,AGA,ARID4B,ASAH1,ATP12A,BOD1L1,BRINP1,BUD13,C16orf95,C1GALT1,CELF2,CHN2,CNTN4,CRIM1,DENND4A,ELSPBP1,FAT1,FHIT,GABRB3,IL37,IPO8,IRS1,LRRC20,LRRC47,NR5A2,P2RX7,PCDH10,PIK3C2G,PKP1,PLEKHG1,PRDM9,PRKG1,PRLHR,PTPRT,RADIL,RASGRP1,RBFOX1,SLC67A1,SLC6A15,SLC7A11,TAF13,TBC1D4,TBX18,TMEM132D,TRPA1,WDR36,WWOX,ZNF804A,ZPLD1
946	ADCY10,AGBL1,ALPK1,ARRDC4,ASTN2,ATF7IP,BTC,BUB1B,CADM2,CCDC112,CDH19,CDYL,CEP104,CRIM1,CSF3R,DAOA,DMAC1,DNAJB9,ELN,ENSG00000249642,ENSG00000286109,FOXF1,FXYD5,GAS7,HDAC4,HTR1B,IGF2BP3,KCNK2,LINC01550,LMO3,LYSMD4,MRPL35,MTRES1,MYLIP,MYOM2,NEBL,PPP2R2C,PRELID3A,RAPGEF2,RPS6KC1,SEMA5A,SLC10A2,SLC12A3,SOX9,TFRC,TMX4,TNRC6C,TSNARE1,ZNF845
947	ADGRD1-AS2,AKAIN1,AKR1C1,ALDH3B2,AMY1C,AP3M2,BACC1,BBS10,C19orf47,C8orf90,CCDC179,CD109,CGNL1,DLX6,DNAH5,ENSG00000251545,EPHA5,ERBB4,ERN2,FAM181B,FAR2,FLRT2,FNIP2,FRMD4A,GFRA2,KCNQ3,LDHA,LPIN1,MAP2K4,MEG8,MIR99AHG,MN1,NGF,NHSL3,NPM1,PALMD,PDZRN3,PKD1L2,RANBP2,RBFOX1,SLC10A2,SLITRK1,ST18,TAF1C,TRIM71,VSTM2A,XPNPEP1,ZNF385D,ZNF835
948	ABAT,BAMBI,C16orf95,CHRM2,CRADD,DKK3,DMRTA1,DOK6,DUSP4,EMC4,ENSG00000261707,ENSG00000262877,ENSG00000267149,ESM1,FAM217A,FBLN2,GJD2-DT,GLCE,GYPC,KCNT2,LRP1B,MEGF9,MICAL2,MIR4458HG,MRE11,NETO1,NFIA,NMRK1,OR6S1,PEPD,PLD6,POC5,PRMT3,PSG2,RASGRP1,RERGL,SCARF2,SEMA6B,SLC39A10,SLC5A9,SMC2,STIM2,STK24,THBS1,THSD7B,TVP23C,VAT1L,VWC2,ZMAT4
949	ACOD1,ADAM7,ADTRP,AEBP2,ANKMY2,APBA2,BCL11B,BOC,CFAP20,CFAP97D2,CLEC7A,CNTNAP2,COX11,CSMD1,EEF2KMT,EFCAB6,ENTREP2,ERCC4,FSTL5,FUT8,G6PC1,GPR39,GTF2E1,ISOC1,KAZN,LPAR3,MON1B,MTERF2,NXPH1,OPCML,PCDH15,PCLO,PDGFB,PFKP,PHIP,PIK3CG,RBM23,RFC3,RNF175,SLC10A2,SLC1A4,SLC4A3,SNTG2,SRP14,SYNPO2,TENM2,TFRC,TNIP1,TWIST2
950	ACSM3,APRT,ARAP2,ATF7IP2,BTC,CACNB2,CCDC192,CDH5,COL23A1,COMMD6,CORO1C,CSMD1,CTNND2,CYP4F3,ENSG00000289410,FMN2,GATA3,GRIK2,HCRTR2,IRX1,KAT2B,KCNA10,KCNMB2-AS1,KLK3,LINC01007,LINC02844,LINC03026,LRRC52,MAD2L1,MAP1LC3C,MCTP2,MICAL3,MKRN1,MYC,MYO9B,NEK10,PCSK5,PDGFA,PTCHD3,PTPRD,PXDC1,RAB6C,SLC35B3,SMARCA2,SMPD1,SOX2,SYTL3,TOX,TRAM1L1
951	ADAMTS12,ADAMTS20,ARAP2,ASPG,BPNT2,BRINP3,CDC42EP3,CDK5RAP2,CNTNAP2,COL25A1,COL26A1,COL4A1,CRADD,CRHBP,DPP6,EFR3A,ENSG00000288711,ERBB4,FAM90A1,FCAMR,GUF1,HLA-DRB5,IQSEC1,KCNMB2,LINC02541,LIPC,LNCEGFL7OS,LNPK,LSMEM1,LYPD3,NTN1,NXPH1,OAF,PCDH7,PHF21B,PPL,RBFOX1,SCN9A,SELENON,SGCZ,SGSM1,SKIC3,SLC24A2,SPMIP3,TENM3,THSD7A,TMEM135,TSNARE1,UBE2U
952	ATP23,C6orf118,CAMK4,CARS2,CAST,CDH12,CDH2,CDRT15L2,CEP170,CLIC6,CREB5,CTNNA3,CXADR,DDX60L,DLC1,DSEL,ENPP6,FAM174A,FMN2,ID2,INTU,LYN,MDFI,MDGA2,MYCN,NRCAM,NUDT12,NXPH1,OCA2,PPFIA2,PSD3,PXDC1,PYDC2,RASSF8-AS1,RMI2,RNF145,SEPSECS,SERPINB8,SIMC1,SMLR1,SPDYE21,SPHKAP,SSUH2,TAS2R1,TBX4,TRIM36,VSTM2A,WDR11,ZBTB7C
953	ADARB2,AGA,AGAP1,ANAPC1,ANO6,APOLTP,APP,ASB5,AUH,BMP2,BRINP3,CMPK2,CNTNAP5,CRACR2A,DAPP1,DOCK5,DOHH,EFNA5,EML6,ENSG00000287922,EPHA7,ERBB4,FLI1,FLRT2,FNDC1,GALNT10,KHDRBS3,LDB2,MBNL1,MCTP2,MGAT5B,MRPL39,NAF1,NOVA1,NR2F2,PCDH15,POM121L12,PPEF2,PSD3,RGS7,SAMD5,SEC31A,SLC26A9,SNHG18,SNX7,SPRY2,SRP54,TLE3,VGLL3
954	ACTR3B,ANO3,ARAP2,BOC,BRINP3,CCDC88C,CHMP3,CNTNAP2,CRIM1,CSMD1,DCC,DMRTA1,ENSG00000257062,FGF20,FGF9,FOXF1,GRAMD2B,GSDMD,IGFBP3,IGFBP7,IL33,LINC03020,MAN2A1,MBIP,MDGA2,MKLN1,NPAS2,PACRG,PLD5,POU2AF2,PTPRG,PTPRM,RAB28,RBFOX1,ROBO2,RSU1,RUNX1,SH3RF1,SMAD7,STAC,TMEM135,TNFRSF13B,TOX3,TRIM16,TUT7,UNC13C,VWDE,WWOX,ZNF597
955	ADGRB3,AGR3,C5orf15,CMC2,CMTR1,COBL,CREB5,CTNNA3,DSEL,ENSG00000234156,FAM110B,FAM181B,GOLGA6L6,HS3ST3B1,KBTBD8,KCNK9,LCN9,LINC02284,LPP,LRRC27,LRRK2,MAEL,MAP1LC3C,MYO16,NDUFA4,NPBWR1,PCDH7,PCLO,PDE3A,PPP1R12A,PPP1R26,PRICKLE2,PRKN,RAB20,RAB28,RHOT1,SEL1L,SH3RF1,SMIM21,SOX11,STAP1,STIM2,TBATA,TCERG1L,TIAM1,TRIB1,TYRP1,VRK1
956	ADGRD1,ADGRE2,ANO3,APRT,ATP11B,CBLB,CRYBB3,DDB1,DGCR8,DIRAS2,DSC1,EGFLAM,ENSG00000285082,ENSG00000287097,ENSG00000287367,EPHA5,FTO,GGTLC1,IQGAP1,KCNJ6,KCNT2,KLF7,KMT2C,LINC01361,LINC02718,LIPC,LRFN5,LSAMP,MEX3C,MSI2,NEDD4L,P3H2,PKDCC,PLXNC1,RBFOX3,S100Z,SHISA3,SLC9A2,SLCO1B1,SMPD4,SNX5,SPRED2,TFB2M,ULBP3,VWA5A,WNT7B,ZDHHC14
957	ANKFN1,ASB7,CARD11,CCDC54,CLIP4,DMBT1,DNAH5,DUSP10,EIF2AK4,ENSG00000197991,GGCX,GPC6,GPR142,GRIN3A,HDLBP,HTR1E,JAKMIP2,KCNIP1,KLHDC4,LINC02511,LRATD2,LUZP2,MAFB,MDGA2,MEG8,NAF1,NETO1-DT,NLRP12,OXGR1,PCDH15,PLAGL1,POM121L12,PPFIA2,RAB11FIP5,RBM23,RMI2,RREB1,RTF2,SH3BP4,SLC15A2,SOCS6,SORCS1,SORL1,SPHKAP,SPRING1,TYR,ZNF496,ZNF516
958	ADAMTS5,ARHGEF28,BMP2,CDH13,CES1,CLEC12A,DEFB131A,DOK5,EBF4,EDEM1,ENSG00000251410,ENSG00000283563,ENSG00000287117,ENSG00000288520,EPHB1,ERAP1,FAR2,FRMD4A,GAD1,GIMAP5,HDAC7,HSPA4,IRX1,KLF13,KLF4,LARP1,LINC02726,LINGO2,LMO3,LRIG1,NR2F2,NTPCR,OPRM1,PABPC1,PCSK5,POU3F3,RBM19,SEMA6D,SIRPG,SLC22A16,SLC39A11,TLL1,TM9SF2,TMPRSS15,TOPAZ1,WFS1,XXYLT1-AS2,ZNF608
959	ACO1,ARHGEF3,ARID1B,CD109,CDC42EP3,CDIN1,CMTM6,CNTN6,ENSG00000229618,ENSG00000285471,FAM135B,FAM50B,FOXL1,GABRG3,GPR158,HNRNPA1L3,HSD17B4,KIF26A,KRTAP26-1,LINC01913,LINC02487,LINC02814,LRRC38,MALT1,MBNL1,MED18,MEI4,MIER2,MKI67,MN1,MPPED1,MTSS1,NYAP2,PHAX,PRNP,RAPGEF1,REG3G,RPH3AL,SACS,SDK1,SETD7,SLC2A14,SMOC2,SPTLC3,TRA2B,TSPAN18,TXNDC16,ZBBX,ZWINT
960	ABCC4,ADGRG1,ANKRD30BL,BAIAP2,BCAT2,CCDC71L,CCND1,CDH11,CMTM7,CYP4F3,DSEL,GABRB2,HES1,HHIPL2,HLX,IFI16,IL37,INO80D,KCNAB1,KCNMB2,LHPP,LINC02669,LY86,MAP3K1,MRTO4,MSRA,MTRES1,NKAIN2,NR2F2,OR6K3,OTOL1,PHACTR3,PPP1R3A,PRKCA,RBFOX1,RIMBP2,RNGTT,SHISA9,SLC16A12,SQOR,STXBP6,SYPL1,VIT,XXYLT1,ZFPM2,ZNF490,ZNHIT6
961	AEBP2,ASIC2,ATCAY,CCDC146,CCDC40,CDYL2,CEMIP2,CHL1,CHORDC1,CMYA5,DMRT1,DOCK1,ELMOD2,ENSG00000267699,ENSG00000288973,EPHA7,EYS,FAM181B,FGF12,FLRT2,GALM,HHEX,INPP5D,IRX1,LINC03002,NCAM2,OPTC,PCDH10,PCDH15,PLCG2,PLD5,POM121L12,PTPRD,PXDNL,RGS4,RMI2,SCTR,SEMA5A,SLC25A21,SLC67A1,SNX29,SPMAP2L,SSUH2,STK39,SYNPR,TRAPPC12,TRIML1,UBE2H,WWOX
962	ABCB5,ABTB3,ADAM29,AGAP1,APCDD1L,ASPG,CAAP1,CDYL,CHIT1,CNTN5,CNTNAP2,CTNNA2,CX3CR1,DACH1,DAZAP2,ENSG00000283991,ENSG00000287993,ENSG00000289131,ETS1,EXOSC9,FAM110B,GALNT18,GLI3,GPC5,GRHL2,HLA-DQA2,IDE,IRX4,KAZN,KCNIP4,KDR,KIF20B,LPIN1,NCAM2,NTMT1,PAX3,PCDH20,PPM1K,PREX1,PTBP3,RHAG,SLC7A11,SNTG1,STEAP1B,SYT1,UNC5CL,USP22,XKR4,ZFP64
963	ANTXR2,ARPP21,ASPRV1,BCAR3,BMP2,C20orf202,CAV2,CCDC88C,CDCA7,CDH11,COPS3,COX10,CSMD2,DHX15,EFCAB11,ENTPD4,GALNT14,HBG2,KCNK9,LRRN1,LZTS1,MCPH1,MFRP,MSX1,NAP1L1,NAV2,NEGR1,NPAP1,OPTN,OTOL1,PCDH15,PCDH7,PGBD5,POM121L12,PPFIA4,PRDM14,PRLR,PSG4,PTCHD4,PUM3,RYR2,SALL3,SEMA3E,SMIM31,SUCLG2,TMEM132E,TNRC6C,TRPC6,VCF1
964	AGTR1,AMY1C,ANKH,ATXN1,BASP1,BUD13,CBLN2,CDCA7L,CGNL1,CNTNAP2,COL24A1,CTNNA3,DPF3,DUSP26,ENSG00000231533,ERCC4,FAT3,FGF1,FOXK1,FUT8,GNAI1,GRIA1,H3Y1,ID2,JRKL,KBTBD8,LINC00667,LY86,MEDAG,METTL22,NCAM2,NHLRC2,NLGN1,OLFM4,PCDH18,PDE1C,PKD1,RBFOX1,REEP3,RGSL1,SCN5A,SERPINA11,SHROOM3,SLC18A1,SOCS6,TBC1D22A,TECRL,UNC13C,XKR4
965	ABR,ACO1,ADCY2,AEBP2,AGA,AJAP1,ALPK2,AMY1C,ANKRD7,ARAP2,ARHGAP10,ARNT2,BHLHE40,CDH19,CDYL,CHORDC1,CNTNAP2,COMMD10,CSMD1,DLG2,DSEL,DUSP10,EDIL3,ERC2,ETS2,FGF12,FUT3,FYN,GPR137B,HDGFL2,IRX2,KCNQ3,KCTD8,KHDRBS2,MYO1E,NAV3,NR2F2,PPP2R2C,PRKN,RAB12,RBBP6,RCBTB1,ROR2,RYR3,STOX2,TRIB2,ZNF638
966	BMP2,CA10,CADPS,CHRM2,CHRNA1,CHST15,CIMIP1,FBXL17,FTMT,FZD8,GCLC-AS1,HLA-DQA2,HTR3A,IGFN1,JRKL,KRAS,LINC00661,LINC03124,LRRC4C,MICU3,NALF1,NAV3,NTM,OPCML,PCDH7,POMZP3,PPP2R2D,PRR16,RIGI,SEC23IP,SERBP1,SGCZ,SLC16A14,SORD2P,SPP1,SRGAP1,TBC1D1,TCERG1L,TGIF1,TNFSF14,TOX3,TRIB2,USP25,WWOX,ZIC1,ZMIZ1,ZNF521,ZNF737
967	ASRGL1,BCAT2,BEAN1,CCSER1,CEP128,CLVS1,CPM,CSMD1,CXCL12,DDX52,ENC1,ENSG00000285566,FAM107B,FAM111A,FAM135B,FAS,FSCB,GALNT14,GPM6A,GTF2IRD1,HYCC1,ID2,IL6,KCNG4,LRP1B,LUZP2,MED9,MRPL39,MYOCD,NUP50-DT,OCM,PARVA,PLXDC2,PRKG2,RDH10,RPL32,SLC22A15,SLC24A3,SNHG18,STPG2,TMEM50B,TOP1MT,UNC5C,VPS41,ZBTB7C,ZNF737,ZNF774,ZNF845
968	AGBL1,AKR1B15,APOLTP,ATF7IP2,CCDC85A,CDKAL1,CLCA1,CNTN4,CSMD1,CTRL,DAP,DPP6,DSEL,DUT,EMILIN2,ENSG00000248597,EPHA4,ERC1,FAR2,FBXO15,FBXO25,FLRT2,GPR158,IRX1,LRRTM4,MAGI2,MCF2L,MTPN,MYH14,NAV3,NLGN1,NLRC5,NPVF,OSTF1,PABPC3,PCDH7,PCOLCE2,PPFIBP1,PTCHD4,RADIL,RIF1,SASH1,SCARF2,STK24,TCF7L1,TRAPPC9,UBASH3A,ZNF423
969	ADAMTS12,ADARB2,AKR1D1,ANO3,ARRDC4,CA10,CDCA2,CHST2,COBLL1,COL22A1,CSMD1,CTSD,CYRIA,DGKB,ENPEP,ENSG00000286777,FMN1,FOXA2,HS3ST3A1,IDO2,IGHMBP2,LINGO2,MBL2,MDM1,MIER1,MRPL39,NWD2,OPRM1,PCDH15,PKN1,PREP,PTPRD,RAB3IL1,RAPGEF5,SEC23A,SLC35B4,SLC39A10,SNRNP40,SRD5A2,SRSF10,STXBP5-AS1,SUMF1,TAFA2,TBL1XR1,TGFBR2,TM9SF2,TXNRD2
970	ADGRB3,ADGRL3,AIDA,ANKRD26,ASIC2,BEND4,CDH11,CDH6,CNTN5,CREB5,DOCK5,ENSG00000255910,FOXC2,FTMT,GJB6,GOT2,GRM7,GYG1,HBP1,ITM2B,KCNE4,KCNT2,LIMD1,LRIG1,MTRR,NAAA,NETO1,NFIB,NRP1,OR10T2,PARP11,PMEPA1,POFUT2,POR,PWWP3A,RBMS3,REEP3,RERG,SCYL2,SEC16B,SERPINB1,SERPINB8,SGCZ,SLC24A3,SLC35F4,SLC9A3-AS1,SORCS1,SPIN1,STMN2
971	AEBP2,ATP10A,ATP1B1,ATP6V1E1,ATP8A1,ATP8A2,C1D,CCPG1,CDH11,CELF2,CSMD1,CTRB1,DAB1,DERL1,DLK1,ENSG00000266947,ENSG00000289477,EPCAM,FNDC3B,GLRX3,GOT2,GPC6,GPR78,GRM7,IFTAP,JAG1,KLHL1,LRFN1,MAT2B,NAP1L1,NPY,NSFL1C,NUDT8,OR4F21,PCDH18,PIK3R4,PRDM9,PTPRM,RBFOX1,RNASET2,RPL6,SMIM31,SPOCK3,STARD3NL,TMEM114,TMEM150C,TRPS1,XKR4,ZNF484
972	AMPH,ARL14EP,C1GALT1,CDH13,CDH9,CDK13,CEMIP2,CHGB,CSMD1,CSMD3,DOCK1-AS1,DYNC2LI1,EDAR,ELMO1,ENSG00000279668,FOXF1,LMBRD1,LROMI1,LTBP1,LY86,MED12L,MICAL3,MMADHC,MYO10,NLGN1,NWD2,PCDH7,PIGN,POM121L12,PTPRD,PVALB,RCN1,ROR2,SCG2,SEC14L5,SGCZ,SLC13A1,SLC22A25,SORCS1,SPATA45,SV2B,THSD7A,TMEM100,TRAM1L1,TTC14,USP24,USP38,XXYLT1,XYLT1
973	ANO4,APBA2,ARNT2,ATXN1,AUTS2,BCL11A,BRINP1,CHRM3,COL22A1,CSMD1,CTSZ,CYP4A22-AS1,DSCAM,DYNC2H1,ENSG00000286269,EXPH5,FAT1,FTMT,GALNT14,GOT2,HIF3A,IGF1R,MAGI1,MTMR10,NCR2,PAXIP1-AS2,PCDH7,PLD5,PLXNA2,PRDM2,PREX1,PRR16,RPS29,RXFP2,SCAF11,SCIRT,SLC4A4,SLITRK5,SUGCT,TENM3,TMEM132D,TMTC2,TOM1L1,TPD52L3,TUSC3,UQCRFS1,URB2,XYLT1,ZFAT
974	AATBC,ABTB3,ADAMTS14,ADRA1D,ANKRD26,BANF2,C1GALT1,C3AR1,CALB1,CD83,CHRM3,COLQ,CSMD1,ESM1,FAM135B,HS3ST1,HTR1B,IFTAP,IL1RAP,KCNT2,LINC02437,LINC02511,LZTS1,MRGPRX1,MTHFSD,NRXN1,PABPC3,PCDH7,PGBD5,PLOD2,PLXNA2,RND3,RWDD3,RWDD4,SEMA5A,SLC39A11,SORCS3,SOX2,SUB1,TAFA5,TENM3,TLL2,TMEM244,TNRC18,TP53I11,TRIB2,TWIST2,UGT2B4,YTHDC2
975	ADARB1,ADCY8,ADGRL3,ANK2,ARAP2,CCZ1B,CDH13,CLIP2,CNTNAP4,DMRT2,ENSG00000273259,ENSG00000288767,FGF9,FLRT2,FOS,FREM1,FSTL5,GCDH,KBTBD11-OT1,KCNT2,LILRB3,LINC01273,LINC02965,LPA,LRIG1,MYRIP,NFATC2,NMT2,NOVA1,OLFM3,PIGF,PIGK,PIK3C3,PLEKHA7,PRR16,PTPRK,RGMA,RHOC,SH3GL2,SLC10A2,SLC4A3,STEAP3-AS1,THBS2,TRAPPC8,TRIB1,TRIB2,XKR4-AS1
976	ACO1,ADCY8,ALX4,ANXA13,ASB3,BET1,CCSER1,CCZ1B,COX11,CRY1,CSMD1,ELOVL6,ENTPD6,EYS,FAT3,GALR1,GRM7,GSDMC,IMMP2L,KLHL5,KLKB1,LINC00544,LPIN1,LRFN5,MAP3K7,NALF1,NDFIP2,NUDT12,PBX1,PDE6A,PER3,PITRM1,RPL34,SHISA6,SIGLEC10,SLC26A3,SLC46A3,SLC4A3,SMIM1,SNRPN,SORCS1,TBC1D9,THADA,TMEM174,TXLNB,VLDLR-AS1,VSTM2A,WNT5B,ZPLD1
977	ABTB3,ACSM3,ADAMTS9,ADGRL3,APCDD1,APOL3,BLOC1S5,C2CD2,CAMK1D,CARM1,CDH7,CNGB1,COX16,CPT1A,DACH1,DCT,DOCK1,DYNLRB2-AS1,FAM98A,FGGY,GATA3,GRAMD4,GSTT2B,HIP1,HSDL1,KCNT2,MLPH,MYBPC1,MYT1L-AS2,NCK2,NEDD1,NPAS3,ONECUT1,PCNX1,PRKCE,PRR16,PTPRD,RPS20,RUBCNL,SAXO1,SEMA6A,SPOCK3,TECRL,TRDN,TTC39C,TVP23C,XKR4,ZDHHC19,ZFHX3
978	ABCG2,ADGRD1,ADGRL3,AGA,BACH2,BOD1L1,CDH4,CFAP74,CRBN,DAPK2,DHRS1,DNAH9,DYNLT1,ENPP7,ENSG00000230333,ENSG00000233290,FGG,FTCDNL1,GLP2R,GNA12,IDO1,IGFBP7,JAKMIP3,KDM4B,MAML2,MICAL3,MINDY3,NPVF,NRIP1,NTM,PARP2,PDZRN3,PITX2,PLSCR5,POLR2M,POM121L12,POTEC,PPP1R3G,PRKD1,PTPRD,RPL9,SLAMF1,SLC35D4,SLCO3A1,TMPRSS15,TNFRSF1B,TTC7B,ZNF385D,ZNF516
979	ABCD3,ADGRD1,ANKS6,ANO5,CAMK2D,CAPN12,CLDN23,CNTN6,CSMD1,DMRT2,DNAH5,EMP1,ENSG00000230628,ENSG00000233721,ENSG00000282142,ENSG00000288698,ENSG00000288973,FAM78B,FAR2,FMO1,GLRX3,GNS,HTN1,IFI16,IFNE,IQCM,LRP2,LSAMP,MME,MORC3,NCAM2,NELL1,NKAIN2,NPAS3,PBX1,PRB2,PRR16,SALL4,SDK1,SLC29A4,SLC2A9,SLCO1B1,SOX4,SRGAP3,TAFA5,VWC2L,WDFY4,ZFAT,ZHX2
980	ADGRB3,ASAP1,ATE1,BNIP3,C16orf95,CCDC159,CCDC40,CEMIP,CNR1,CNTN6,CXADR,CYP4A11,DDC,DEFA5,DEFB136,ECI2,ENPP5,ENPP6,FOXJ2,GOLM1,GREM2,GUCY1A2,HMOX1,IRS2,KLF12,LINC00662,LMO3,MAN1A1,MASP1,MCF2L,MCPH1,MGAT3,MTAP,NELL1,NLRP5,NPIPA3,PLA2G4A,PRR20A,PTPRD,QKI,RGPD3,SEL1L,SLIT1,SLITRK5,SNHG17,SUSD1,TREML4,TTLL2,UBE3A
981	ACKR3,AKAP13,AUTS2,C2orf80,C4orf33,CDH10,CDH8,CHRM3,CTNNA3,DOK6,ENSG00000285283,EPHB2,FAM181B,FAT1,FNDC1,GALNT2,GAS2,GRIK2,GRIK4,GRM3-AS1,IFI27L1,JPH3,KCNAB2,KCNK1,KLHL1,LINC01192,LRRC4C,MAML3,NEK7,PCDH7,PLCL1,RARB,RBFOX1,RGS21,S100A7,SLC14A2,SLC35F5,SLC45A1,SNX18,SORCS1,SUMF1,SUSD1,SYT1,TCL1B,TLL1,UXS1,VWC2,WWC1
982	ACTN2,ADAMTS2,ADAMTSL1,ADGRL3,ANKRD30A,ARHGEF5,ARMC9,ATF7IP2,ATPSCKMT,B3GAT2,CNST,COX7C,CPZ,CSMD1,CXADR,DLGAP2,ECHDC1,ENSG00000250681,ENSG00000277270,GNG7,HAGH,INPP1,ISX,ITPR2,KCNN2,LAPTM5,LINC00667,MAP1LC3B2,MLPH,MRGPRX1,MRPL39,MTUS1,NBPF3,NPBWR1,OPRM1,PXDNL,RASSF5,RASSF9,RET,RPTOR,SFSWAP,SLC25A36,SRFBP1,SS18,SV2C,TLE3,UBE2E2,VAMP4
983	ACTG1,AGA,AKR1C4,CAMK1G,CERS6,CHML,CSMD1,CSN1S1,CTNNA2,EIPR1,ENSG00000233967,FMO3,GALR1,GATA6,GBP3,GFOD1,GFRA2,GGH,GTSCR1,HPS3,IL22RA2,IQGAP2,KCNJ2,LINGO2,LRRC4C,MYOF,NDUFA4,NPHP4,NUP107,OPCML,PAMR1,PCDH15,PCSK5,POLR1D,POM121L12,RAD23B,SASH1,SERTM1,SNRPA1,SOWAHB,SYNPR,TMEM263,TNFSF15,TNPO1,UGT2A3,UGT8,WDR72,WSCD1,ZNF180
984	ADGRA3,ARAP2,CACNG2,CDH10,CDK5RAP2,CELF5,CHRD,CHRM3,CLDN5,CLMN,CLYBL,DAPK1,DEFB1,DUOX1,EDARADD,EIPR1,ENSG00000254277,ESRRB,FAM151A,FMN1,GATA6,GPR137B,IFNAR1,INTS12,KIT,KLF4,LUZP2,NEIL3,NPSR1,NXNL2,PCDH17,PCDH18,PTPRD,RIT2,RSL24D1,SARDH,SEL1L,SLC18A1,SLC36A2,SOD3,SYT10,TCIM,TMPRSS6,TRAPPC8,UNC13C,VAV2,VEGFC,ZFR,ZNF496
985	ABHD4,ABLIM1,ADGRD1,AGAP1,AKR1C3,ANO3,ATP8A2,BBS2,BTBD3,C2CD2,CD164,CDC73,CHST11,CLEC1A,CNTN4,CSMD1,DHX34,DKKL1,DOCK5,FAM135B,FRY,GPM6A,GRB10,GRIK2,GUCA1B,IL16,IQCK,KLF4,KLHDC4,LHFPL6,LINC01899,LINGO2,LUZP2,MICAL2,PFN2,PGPEP1L,POLK,POU1F1,PPM1H,PTPRD,PTPRN2,SH3GL2,SHLD1,SLC16A4,SLC6A11,SLITRK1,SMAD6,TBILA,TSPAN17
986	ADAMTS12,ADCY2,CAPZB,CCSER1,CD44,CELA3A,CHRM2,CNTNAP5,COA1,COL4A3,CRPPA,CSMD1,EEA1,ENSG00000286321,EPHB3,FAM78B,FAT4,FSTL5,GRIK4,GRP,HTT,KCNV2,KIAA1217,KLF6,LINC00937,MICAL2,NCMAP,NECTIN3,NHSL1,NLGN1,OR5AU1,P3H2,PARAIL,PHLDB2,PLCB1,POM121L12,PRPF39,PTCH1,RPS6,SAR1A,SCG2,SLC35F3,SLC38A1,SLIT3,SUMF1,THSD7A,TXNDC16,UST
987	ADGRF3,AGAP1,ARHGAP26,BRD1,CAMK1D,CDH11,CDH6,CHMP2B,CLEC12A,CLEC3A,CSMD1,ERC2,FAM110B,FAM98A,FGF12,GFRA2,GRIK2,GRIN3A,IQSEC1,JAG1,JRKL,KLRB1,LINC00559,LRRC7,MCPH1,MSX2,NMB,NPAS3,NRN1,PDE5A,PLCB1,PLD1,PLEKHG6,RAB7A,RBFOX1,RTL1,SEC23IP,SLC17A6,SNRNP48,SOX4,STX8,SYCP2L,TMEM132C,TNNT1,TRIB2,TTLL1,VRK1,WFS1,ZBTB7C
988	ADAMTS15,AGBL1,APBA2,ARAP2,ARC,ARRDC3,CCDC34,CDH11,CDH19,CLINT1,CPA4,DGCR5,DNAJB9,DSCAM,DSEL,ENSG00000286787,FGF9,FOXN3,GATA3,HBG2,HDAC4,HS3ST3A1,IRX2,KCNH8,KCNIP4,KIF13A,KIF2B,KLHL29,MEOX2,MYOM2,NR3C2,PAX1,PCDH15,PRKG1,PTPRM,RMP24,RNASE2,SLC24A2,SYT1,SYT9-AS1,TAFA5,TENM2,TNS3,VSTM2A,VSTM2B,ZEB2,ZFHX3,ZNF236
989	BMP6,CDH9,CEP192,COL6A5,CPSF4L,CSNK2A2IP,CST4,CTNNA3,DLC1,DLGAP1,DRC8,ENSG00000237378,ENSG00000247033,ENSG00000253317,ENSG00000256139,FENDRR,GPCPD1,LOXHD1,LTBP1,MARCHF8,MEX3C,NME7,OR8A1,PCDH7,PEBP4,PHACTR2,PITRM1,PROKR2,PRR5-ARHGAP8,RNF146,SCARA5,SCNN1B,SGCZ,SLC10A2,SORCS1,SSR1,STXBP6,TBC1D1,TECRL,TENT5C,THBS2,THRB,TNIK,TRHDE,ULK4,WNT7B,WRN,ZMAT4,ZNF462
990	ADGRE5,AK5,ANO1,BASP1,C16orf95,CAMK1D,CCZ1B,CD2,CDYL2,COBL,COP1,DUSP4,EMCN,ERVH-3,FBXO33,FGF23,FSHR,GABRG2,GPNMB,GSTM5,HES1,HHAT,HNF4A,KLF6,KLHL38,LINC03040,LINS1,MMS22L,MRPL14,MSI2,NETO1,OLFM1,OTOF,PACRGL,PAX1,PCDH15,POU1F1,POU2AF2,PTPRT,RAB19,RUNX1,SAMD5,SH3RF2,SMG1,STARD4,TLE4,TMEM132D,TRPV1,USP38
991	ALCAM,ALG8,ANAPC1,BDKRB2,CACNA1A,COL6A5,DACH1,DGKB,DHRS3,ELK4,ENSG00000214265,ENSG00000272277,FSTL5,FZD10,GRIP1,GRM7,HGF,KCNC2,KCNE4,KIF7,LARGE1,LINC01479,MED10,MGAT5,MYO3A,MYO5B,MYOM2,NCAM2,NECTIN1,NECTIN3,OLFML2B,OSGIN2,PIK3R5,PKHD1,PUM3,RALGDS,RAPGEF5,RARB,RFLNA,RNF216P1,ROBO2,SERPINE2,SLC16A7,SLITRK1,TMTC1,TRAPPC3,UFM1,WWOX
992	ADGRL3,AKR1D1,ALDH1A2,ANK1,ARAP2,BPNT2,CCNY,CFAP43,CNTN4,CNTNAP5,ENSG00000272479,ENSG00000285566,ENSG00000289809,EPHA7,ETV3,GLIS3,HS3ST1,IL12B,LINC00877,LINC02145,LINC02347,LINC02971,LRRC47,MOGS,MPPED2,MTUS2,NAA60,NBEA,NDUFA4,NECTIN3,NETO1,NTRK2,OR4E1,PCLO,PDE10A,PHTF2,POU3F1,PTPRD,PXDN,SNX16,SPATA18,ST8SIA4,SVIL,TACR3,TECRL,TGFBR2,TMEM114,TPD52L1
993	AFAP1,ALDH1A2,ATP8A1,BTC,CAMK1G,CNTNAP2,CYLC2,DDX10,DGKB,DTHD1,ENAM,ENSG00000286625,FAR2,FARP1,GOT2,GRHL2,HS3ST4,IDH1-AS1,IGFBP7,IPO4,IRX4,KLHL6,LARS1,LRP1B,MALRD1,MBP,MGAT4C,MGMT,NAALADL2,NGF,OBSCN,OR51E2,PDE10A,PHIP,PRR16,RAB18,RGS7,SEC14L1,SH3TC1,SLC25A52,SLC35F1,SNAP25,SSUH2,TPSB2,UCN3,WWOX,XPO1,ZFAND3
994	ABCA1,ADRA2C,BCHE,BCL11B,CACNA1C,CKB,COG2,ENSG00000268460,FETUB,FZD8,GPM6A,GPR139,GSC,HAO1,IL15,KCND2,KDM4C,LINC02943,MAP3K7,MIOS,MIR3667HG,MLF2,MYO18B,MZT2A,NCLN,NELL1,NPBWR1,NRG4,NUP35,NXPH1,PAPPA,PCDH10,PTPRD,RDH13,RGS17,RHPN2,RPS16,SALL3,SIRPB1,SLC44A1,SLCO5A1,SOX4,TCF7L2,TECRL,TMX3,TRABD2B,VAV2,WWOX,ZPLD1
995	ADCY8,AEBP2,ALG8,AMY1C,ANKRD30A,ANO5,ARRDC4,ATP5PF,BCL6,CACNA2D4,CPEB2,DYRK3,EDIL3,ENSG00000259434,FHIT,FLRT2,FOXO1,GALNTL6,GGNBP2,GLRX5,GOLGA6L10,GPATCH1,GRIK2,ILKAP,IPMK,ITGA8,KAZN,LPCAT1,LRRC30,MCPH1,MGST1,NCK2,PDCD1LG2,RDH14,RGMA,SASH1,SCGB3A1,SLC28A3,SLC39A11,SLCO4C1,SMIM21,SOCS6,SPRY2,TENM4,TMEM200A,TRPM3,UST,VSTM2A,ZNF761
996	ABCA1,ANTXR1,ASRGL1,AUTS2,BTC,C6orf118,COL23A1,COX7C,DNAJB6,ENSG00000276007,ENSG00000287544,ENSG00000288767,ENSG00000289113,GJD2,GNPDA2,GRIA4,GYPC,HEMK2,HHIPL1,HLA-DRB5,LHX2,MBOAT1,MRPL39,NCALD,NCAM2,NR2F2,NR5A2,NUAK1,NXPE4,OPRM1,PAMR1,PPP1R26,PPP2R1A,PREX1,PSD3,RBM46,RHOU,SLC2A10,SLC39A10,SLCO2A1,SNX13,SORCS1,SOX5,TECRL,TMEM132D,TMEM9,TRDN,TXNRD2,UGT2B11-AS1
997	AGBL1,AMY1C,ANKRD30BL,AUTS2,BTG1,CDH9,CEP104,CHODL,CHORDC1,CNEP1R1,CNTN5,CNTN6,COX10-DT,CPT1A,CYRIB,DAPK2,DOP1B,ENSG00000266268,EPAS1,FBXW10B,FSCB,ID3,KIF16B,LAIR2,LINC00937,LPP,MICOS10,NAALADL2,NCAM2,NRXN1,OGFRL1,PAFAH1B2,PDE6A,PRICKLE2,PSMB5,RBFOX1,RSL24D1,RTCB,RUNX1T1,SLC8A1,SMIM12,SRRM4,STIM2,TAFA5,TMEM132C,TMEM177,TRIB2,TXNDC16,UFM1
998	ADARB2-AS1,AKR1E2,ANKRD27,ATXN1,B4GALT6,BBS9,CCZ1B,CD6,CENPQ,CLRN1,CRAT,DDAH1,EGLN3,ENSG00000240095,ENSG00000256209,ENSG00000283321,EREG,EYA1,GALNT17,HAPSTR1,HLCS,KCNIP4,KLF4,MGME1,NAV2,NDST3,NDST4,NEK10,NTM,PAPOLG,PLAGL1,PLCG2,RAB12,RASGEF1B,RGS17,SFMBT2,SLC44A3,SMAD3,SPDYE21,SPINK7,TBC1D9B,TCERG1L,TENM4,TGFBI,TMEM167A,TNP1,UNC13C,ZFHX3
999	ACSL1,AEBP2,ARL4C,ASAH2,ATP8A2,C1orf21,CA8,CAMK2B,CCDC54,CDIN1,CSRP2,DOK6,DPP6,DSEL,DTWD2,ENSG00000197991,ENSG00000289144,ESRRB,FGF20,GGTLC2,IGFBP3,IGFBP7,JRKL,LHFPL6,LIG1,LINC01968,LRRC4C,MAT2B,PAPOLG,PAX1,PCDH7,PLOD2,PRKCQ,RAPGEF2,RBMS3,RNF32,SLC24A2,SLC2A9,SLC39A8,STAB2,TBC1D3B,TIFAB,TMEM196,TNFRSF10A-DT,TRABD2B,UBA6,UBE2F,VRK3,YBX3
1000	AMY1C,ARAP2,ASB3,B4GALT6,BCL2,CDH12,CNTNAP5,CRYBB3,CYP2A6,DPP10,ENSG00000287860,ENSG00000288887,EPHA7,FAM181B,FBXO15,FCHO1,FERD3L,GPC5,GRM7,IGFBP3,IL1RAP,ITGA4,KBTBD11,KLHL14,KRT7,LCP1,LINC02384,LMCD1,LPIN1,LRRIQ3,MDGA2,METTL4,PABPC1,PERP,PRRC2B,RFC3,SEL1L,SEMA5A,SPATA31C2,SPHKAP,SSU72L5,TACC2,TBL1XR1,TMEM132B,UCHL1,USP8,VRK1,ZFAT
1001	AADAT,BOC,CD207,CGNL1,CHSY3,CMAS,CTNND2,DAP,DLGAP2,DRAM2,ENC1,ENSG00000254277,ENSG00000260349,ENSG00000284606,ENSG00000289710,EPHA6,FLRT2,FMO4,FRMD3,GABRB3,HBG2,HS3ST3B1,HTR1B,IGFBPL1,ISX,LILRB1,NAA60,NAXD,NEUROD6,NTN4,P4HB,PCDH15,PCDH7,PCM1,POU1F1,PRDM16,PRKG1,PRR20E,PSD3,RNF144B,SAXO1,SEMA3D,SHANK2,STC2,STK10,SULF1,TMEFF2,TNFSF14,VEGFA
1002	ADAMTS12,ARHGAP26,ARVCF,ASAH1,C2orf88,CPAP,CSRP1-AS1,CYP24A1,DCAF4,DPP6,ECE1,EDIL3,EFNB2,ENSG00000229642,ENSG00000270207,ENSG00000286751,GATA3,HACD4,HEATR3,KAZN,KLF12,KLF5,LARGE1,LRP2,MCPH1,MCTP2,MMP17,MON1B,MYRIP,NALF1,NCAPG2,NPBWR1,NRG1,PCNX1,PDE2A,POSTN,RAD51B,RBFOX1,SCMH1-DT,SGCD,SGCG,SHISA9,SYCP2L,TBC1D1,TENM3,TLE3,TRIM24,TYR,WRN
1003	ADAMTSL1,AGAP1,ALCAM,ANKRD30BL,C6orf52,C7orf25,CARD8,CDKAL1,CFAP100,CFH,CYB5R2,ENSG00000258760,ENSG00000273112,ENSG00000286580,FENDRR,FLRT2,FXYD4,GALNTL6,KCNH7,KLHL1,KMT2C,LAMB4,LITAF,LRATD1,MC4R,METTL4,MTUS2,NPAP1,NPHP4,NUDT7,PADI4,PRKN,PTGER3,PTGS2,PTPRD,PTPRN2,RAB6C,RGS17,RNF213,SMARCA2,SOX4,SPRY2,SVIL,TBX5,TUSC3,ZFP42,ZNF208,ZNF385D,ZSWIM2
1004	ABCB5,AGA,ATP1B1,B3GLCT,BNIP3L,CD46,CDH22,CDH26,CDH4,CDH8,CHRM3,CNTNAP5,CRTAC1,DDX12B,DNAI7,ENSG00000197991,ETAA1,F13A1,FBXL18,GCNT3,GLI3,GPR137B,HES1,HS3ST1,JCAD,KCNJ8,KIF2B,NAALADL2,PLEKHB1,PRKG1,PROM1,RUNX1,SALL3,SALL4,SCEL,SGCG,SGIP1,SHPRH,SLC2A7,SLIT2,SLITRK5,SNX2,TENM3,TRIM16,TRPT1,UNC13C,USP29,WNT10A,ZNF831
1005	ADAMTS15,ADAMTS20,ADCY3,ADGRL3,CELA3A,CEMIP2,CHL1,CLNK,CNTN3,CNTN4,CNTNAP5,CPEB2,DLGAP1,DROSHA,DUSP26,ENSG00000215156,ENSG00000225582,ENSG00000237378,ENSG00000286625,FARP1,FGF9,FHIT,GALNT15,GGH,HEG1,IRX1,KALRN,KCNK9,LHX4,LINC00937,LINC01170,LINC01753,MN1,PARVB,POFUT2,POTEC,POU5F1B,RCSD1,SAMTOR,SGCG,SH3BP5,SLC4A3,SLCO4C1,SNX5,SPNS2,SYN3,THOP1,TLL1,TRDMT1
1006	AJAP1,ALCAM,ATP8B1,BCAR3,C9orf85,CCDC59,CDH6,CLDN23,CRIM1,DEFB131A,DOCK9,DRD1,ENSG00000286206,ENSG00000288075,EPAS1,EYA4,FAM124A,FBXL18,FGF20,FOXF2,GRM7,HLA-DQA2,IQCJ-SCHIP1,IRX4,KLHL1,LINC02347,MACROD2,MAP2,MGAM,MRO,MRPL15,MSX2,NMRK1,PALM2AKAP2,RAB24,RFC3,RGS5,SEPTIN9,SLC22A16,SNX19,SPRY2,TIGAR,TMC6,TMEM98,TMX4,TRPS1,TSPAN18,TSPAN19,UGT8
1007	AK9,ANKS1B,ARHGAP42,ATRNL1,BTC,CCDC198,CCL1,DCAF6,DDX1,DHRS1,ENSG00000228793,ENSG00000237320,EYA2,FASTKD2,GABBR2,GPC5-IT1,KIN,KLF6,LINC01749,LITAF,NEGR1,NHSL1,NPY2R,PTPN1,RAB38,RAD51AP2,RYR3,SERPINB5,SLC15A5,SLC16A7,SLC18A1,SLC18A2,SNX16,SORCS3,SOX11,SPTLC3,ST6GAL2,STEAP1B,STIM2,TENM2,TENM4,TFAP2C,TRDMT1,TXNDC8,VAT1L,ZDHHC11B,ZFHX3,ZMIZ1,ZPBP
1008	ABO,ACTR3B,ADAMTS18,AKR1C3,ATOSA,BUB3,CAPRIN2,CCDC25,CCDC85A,CCSER1,CDKAL1,CNTNAP5,CRBN,CRNN,CXADR,DCBLD2,DENND10,DNAH11,DUSP6,ENSG00000288075,FAT4,H2AZ2,HMHB1,IPO7,IRF8,KLF6,LINC01559,MAGI2,MROH6,NFIB,NRSN1,PCSK9,PRLR,PTPN20,RASSF2,RGS6,SGCG,SLC45A1,SPRY4,SUCLG2,TLE3,TMPRSS11E,TPO,TTC23,UVRAG,VAV2
1009	ADAMTS15,ADORA2B,AGA,ALDH1A2,ANO3,ASTN1,ATOSA,ATP10A,BIN1,C2orf88,C9orf72,CDCA7,COL13A1,CRYBA4,CTSO,ENSG00000249426,ENSG00000257060,ENSG00000286221,ENSG00000288735,EPHA7,ERBB4,FAM171A1,FHIT,FHL2,GOT2,GRAMD2B,ITGA6,KPLCE,LINC00967,MAGI1,MALRD1,MAPT,MDFIC2,MGMT,MICU2,MYEOV,NCAM2,NDUFA9,POP1,PTPRE,PYDC2,RAD21L1,SDC2,SLC38A12,SORCS2,TBX19,TCP11L1,TRG-AS1
1010	ADRA1A,C14orf132,CDH6,CLIP2,CNTNAP5,COL22A1,CPA6,CPT1A,DDX18,DIAPH3,DPPA4,ENSG00000283674,FAM114A1,GRXCR1,HSD17B6,INIP,KIRREL3,MARCKS,MEAK7,MRPL39,MYO9B,OLFM3,OR3A2,OTUD7A,PDE8B,PKD1L2,PLD5,PLSCR5,PPM1F,PRKG1,PVT1,QRFPR,RYR2,SACK1B,SGCG,SNAP25,SNAP91,SNX13,SORCS1,SORL1,ST8SIA4,TAFA5,THBS2,TMCC3,TRAV14DV4,U2AF1,UBXN6,VAMP8,VAV2
1011	ADAD2-AS1,ANK1,ANKRD36,AQP4,BCAS1,CDH7,CELF2,CHURC1,COX7B2,DAPP1,DBX1,DIRAS3,DSCAML1,EIF2AK1,ERCC4,EYS,FCER2,FSTL5,GALNTL6,GFRAL,JPH2,KCNC4,LUZP2,LYZL2,LZTS1,MAGEF1,MAGI2,MED10,MED30,MYO5A,NKD2,PCDH15,PFN2,PRKG1,RBM47,RGS13,RSL24D1,SENP7,SH3PXD2B,SH3TC1,SHISA9,SLFN11,SPATA31D4,STON2,TMPRSS15,TSPAN8,VAV2,WDR17,ZNF467
1012	ARHGAP24,ASTN2,C11orf24,CDH7,CDH9,CEP104,COL4A4,CSMD1,CSMD2,CYB5A,DLC1,DNM3,EPM2A,ERG,ERO1B,FOXF1,GBA3,GRIN3A,GRPEL1,HAPSTR1,IL4R,IMMP2L,INMT-MINDY4,KLRD1,LRATD1,LUZP2,MGAT5,MRM1,MRPS6,NBAS,NRSN1,OSMR,OTOL1,PLXDC2,PLXNA2,PRKN,PTP4A1,RCN1,RIT2,RMI1,SMC2,STX8,TMEM132C,TMEM132E,TPBG,TRAK1,UGT2A2,VASH2,ZIM2
1013	ADGRB3,AHR,AKAP1,ASIC2,ATP8A1,BICC1,CRYBA4,DCDC2,ENSG00000230325,EPSTI1,ERCC4,ETS1,FAM135B,FHIT,GABRG3,GREM2,GTF3A,HACD1,HBG2,HIVEP3,HS3ST1,IFNG,MACROD2,MECOM,MSR1,NFKB1,OXGR1,PCDH7,PFN2,PLCB1,POU4F2,PRCP,PRPH2,PTGER3,RHBDL1,RORA,SDK1,SLC14A2,SLC36A1,STARD13,STIM2,SYT6,TAMM41,TDP1,TENM2,TMCO5A,TMEM114,ZFAT,ZNF708
1014	ADRA2A,ANKRD30BL,ASAH1,BOD1,CBLN2,CCDC182,CLNK,CSGALNACT1,CST7,CYB5A,DGKB,DISC1,DLC1,DYRK4,ENSG00000272360,FBLN1,FBXL17,FREM2,FZD7,GMPR,GPR158,HDAC9,HIBADH,HSF2,IQSEC1,LYSMD4,LZTS1,NGF,PFKP,PFN2,PGS1,PID1,POLR1F,PRKN,RBM46,RGS18,RIT2,RPL31,RPS29,SCAF4,SYNE3,TMEM132C,TPP2,TRAPPC9,TRIB2,TYRP1,UNC13C,ZNF169,ZNF385D
1015	AGTPBP1,AKIRIN1,AMPH,APOBR,B3GAT2,BRINP3,CACNA1E,CCDC69,CNTN3,COG6,DACH1,DCDC2C,DSC3,ENOSF1,FBXO32,FGF18,FIRRM,GABRG3,GOLM1,GPATCH1,HDAC9,IL12A,KCNIP4,LINC00877,MDGA1,MINAR1,MIR646HG,MYO1E,NDN,NR2F1,PDE7B,PLA2G5,POU5F1B,PRR5,RSPO4,SAMD9L,SEMA6D,SHH,SLC18A1,SLC28A2,SLC2A9,SLC7A2,STXBP6,SUCNR1,TGFBR2,UBL3,WWOX,ZFR,ZNF554
1016	ADCY2,AIRE,BPHL,C1GALT1,C8orf34,CCDC179,CLEC2L,COL14A1,CPM,CSMD1,DDX11,DLGAP4,DTD1,ENSG00000230303,FBXO16,FOXQ1,GCNT4,GPD1L,HMHB1,HS3ST4,KLF6,LDLRAD3,LINC03018,LPP,NADSYN1,NCKAP5,NUDT4,OR6J1,PABPC3,PCDH1,PDE10A,PDHA2,PLOD2,RAB11FIP2,RUFY1,SEC14L1,SEL1L,SH3TC1,SLC38A9,SLC44A1,SLC6A6,SMIM35,TMEM196,TRPA1,WDR1,YWHAQ,ZC3H13,ZFP36L1,ZSWIM7
1017	ACTL8,ADGRL2,AKAIN1,ARHGAP22,CACNG2,CAVIN3,CDC73,CNTNAP5,CTSZ,DIRAS2,DLG2,DNMBP,DPP6,DPT,ENSG00000256071,FARSB,FBXO32,FERMT1,GALNT2,GOLPH3,GPC5,IL1R1,IQCM,KCNIP4,LBX2-AS1,LCORL,LINC00667,LRFN5,MAF,MRLN,MVB12B,MYRIP,NPAS3,PLIN3,PRR20A,PTPRD,RFC3,SALL3,SGCZ,SLC25A48,SLC27A6,SP140L,TENM3,TMEM132B,UBASH3A,UBXN6,WWOX,XKR4
1018	ACSL1,ACSL3,ADAMTS17,ADARB2,ADCY2,ADGB,ADGRB3,ADHFE1,ANO3,ARL4A,BARD1,BMP2,CARD11,CD164,CDC73,CDH2,CNTN4,CTBP2,DEFA6,DYNC1H1,EYA1,FAR2,FEZF1,FGFBP1,FLVCR2,GABRG1,HAPSTR1,IGF1,JAG1,KHDRBS3,KLF6,LRATD1,LRRC74A,MBD2,MIA3,MSH2,PDIA5,PLXNA2,RBMS3,SEMA3A,SPOCK1,STX2,SUSD6,SYT9-AS1,TLE3,TSPAN5,TTC32,UBASH3A,VNN1
1019	ADAMTS13,ANKRD50,ANO5,AZIN1,BCKDHB,BICD1,C1QTNF7,CDH20,CHODL,CNTN4,CNTN5,CTIF,DCDC2C,DIPK2A,DPP6,ENSG00000236206,GBE1,GPR158,IRX1,KAZN,LINC01099,LINC02416,MALRD1,MCPH1,MIR3681HG,MLLT3,MRGPRE,MTMR7,NBAS,NETO1,NRXN1,NUP50,PCDH7,PLIN2,PTPRG,RPS29,SALL3,SCRN3,SEL1L,SLC25A36,SPRY2,ST6GAL2,STIM2,TAFA2,TENM2,THRB,TMEM114,TMEM132D,TRIML1
1020	ADARB2,ADCY2,ANKRD30A,APOL5,C14orf132,C16orf95,CBLB,CISD1,CNTN4,CNTNAP2,CSGALNACT2,CTNNA2,DIO3,DLC1,DPP6,ELMO1,ENOX1,EPHA8,FIG4,GRIN2B,GRM7,GTF3C5,KATNBL1,KCNA4,LRRTM4,LSAMP,LTBP1,MARK3,MED10,NCR1,ODF1,PABPC4L,PCDH7,PCDH9,PRNP,RAB38,RBMS3,RUNX3,SCML4,SDR9C7,SERPINH1,SLC10A2,SLCO1B3,SLITRK6,SPACA7,TSG101,VAMP4,ZC3H7A,ZEB2
1021	ACOXL,ADGRB3,ANKEF1,ANXA13,ASAH1,ASB3,ASTN2,CBLN2,CCDC158,CLCNKA,CNTN4,CRYBA4,CYP2A6,EFCAB6,EYS,FAM43A,FSTL5,GLI2,KLF4,LINC02109,LIPH,LPP,MED13L,MEI4,MFHAS1,MMP16,MMP20,MUC20-OT1,NARS2,PCDH18,PCDH7,PYDC2,RARB,RBFOX1,RCAN2,REG1B,RUNX1,SEMA5A,SFRP1,SLC2A1,SLC6A1,SNTG1,SULF2,TACC1,TMCC3,TMEM132D,TMEM154,UQCRFS1,VSTM2B
1022	ABCF3,ACSL3,ADGRL2,ADGRL3,AGBL1,AGTPBP1,ALLC,C1QTNF8,CD164,CDH7,CPZ,DLGAP2,DTHD1,DUSP22,EGFR,ENSG00000215156,ENSG00000282278,FAM149A,FARP1,GUCY1A2,HAPSTR1,HSD17B3,JAG1,KALRN,KCNN2,KDM5A,LY6H,NDN,OTOP1,PARD3B,PI15,PRKCB,RAB4A,RMDN1,RNLS,ROBO1,S1PR1,SERBP1,SFT2D1,SLC25A26,SLITRK3,SOHLH2,STAMBPL1,TAFA5,TMPRSS15,TUT7,TYK2,VEGFC,VPS4B
1023	ABHD17C,CCNG1,CDH9,CNTN4,COL12A1,CSMD1,CTNNA3,DAPK1,DNAH11,DSEL,ENSG00000226022,ENSG00000249631,FGD4,GCNT3,GIMD1,GNA14,GPC5,ID2,IQCM,IRF8,LINC03051,LRRTM4,MAP1LC3B2,MTHFD1L,MUSK,NCKAP5,NLRP5,NR3C1,NUDT12,OTOS,PTPRU,PTTG1IP,PUM3,RASGRF2,SEMA5A,SERPINB5,SGCZ,SNTB1,SPHKAP,STAC,SUCLG2,TAC4,TBX20,TBX5,THBS2,TLE1,TRMT12,UBE2E2,VWC2
1024	ACO1,ALCAM,ANO3,BCAT1,CCZ1,CDH5,CNTN6,CST6,CWC25,CYP2B6,EDIL3,ESRRB,FAM98A,FGGY,FMO4,GALNT18,GPR146,GRM7,HELT,HNRNPH1,IL10RA,KCNS3,KIF20B,KLHL36,LINC03148,LSG1,LUZP1,LY86,MAGI2,MAP3K21,NETO1,NR2F2,PAPSS1,PLOD2,RRP8,RYR3,SAMD12,SLC26A5,SLC44A1,SORCS2,TENT4A,TEX29,TLR10,TMEM132C,TRIP6,VRK1,XXYLT1,ZFHX3,ZNF385D
1025	AADACL2,AADAT,ABCA4,ABCC4,ADAM32,AIRIM,AMY1C,ANKS1B,ARL8B,CDH9,CMPK2,CSMD1,DAD1,DHRS3,DLGAP2,ECHDC3,EXOC1L,FLRT2,FNIP2,FTO,GRIK2,ID2,IRAK4,KCNC4,KLHL36,KLK1,KSR2,LINC02344,LRATD1,MAP3K4,MC4R,MSX2,NALCN,NXPH1,PIEZO2,POR,PTPRD,RAD18,RASSF8,RPL32,SDK2,SEMA4C,SEMA5A,SP8,TBL1XR1,USH2A,ZNF45,ZNF706
1026	ACSL3,ANO4,ASB7,CCZ1B,CDH4,CELF2,COL4A4,CPE,CREB5,DLX6,ELMO1,ENSG00000272479,FAM107A,FGF18,FIGN,FREM3,FRY,GABRG3,GALNTL6,GJA3,KCNMB4,KRTAP5-5,LAMP3,LINC01267,LRATD1,MCCC2,MCPH1,NRXN1,NSUN3,NUFIP1,OCM2,RALYL,RARB,SIRAL2,SLC10A2,SLC45A4,SORCS1,STRA8,STX2,SUSD4,TMC1,TPD52L1,TSPAN18,USP10,VIT,ZFPM2,ZNF385D,ZNF664
1027	ACTC1,ADGRL3,ARHGEF35,C8orf34,CABP5,CCND3,CD82,CHIT1,CNTN5,COL5A1,CTNNA3,CYFIP2,ENSG00000289368,FOXD2,GALNT13,GSC,IFTAP,KCNIP4,LARGE1,LIMCH1,LRFN2,LRP1B,MATN1,MSANTD2,MUC22,MYOM3,NHERF1,NOCT,NTRK3,PAK5,PARVA,PCDH15,POU4F1,PRKN,PTGER4,RGS7,RTL6,SALL3,SEMA5A,SIGLEC9,STAC,TBC1D15,TEKT1,TMTC1,TNPO3,TPM4,TSPAN15,ZWINT
1028	ADCY2,ALDH3B2,ARSB,ASB3,ATP10B,CCDC3,CDH12,CDH18,CHD5,CNTN5,CSMD1,DPP10,EFEMP1,ENSG00000257456,ENSG00000286070,FBXO15,GC,GYPB,HAPSTR1,HGS,ID4,IL15,KCNK9,LGI2,LINC03000,NDUFV2,NET1,NFE2L3,NMT2,OSR1,PDE3A,PDGFD,PEPD,PLOD2,PPARGC1A,PPP2R2A,PRRC2C,SLFN5,SMIM20,SNX31,TACC2,TAFA5,TIAM2,TINCR,TMEM114,TMEM52B,TPRG1,WDR27,WLS
1029	AGA,ALK,ATRNL1,BDKRB2,BNIP5,C1orf94,CRYBB2,DENND2B,ENSG00000289158,EPHB2,ETV1,FAT4,GABRG2,GOLGA8A,GPD1L,GSE1,GYPC,IGFBP7,KAZN,KCNIP4,KCNT2,KIZ,KLHL1,KLK5,LACC1,LARGE1,LINC00354,MAD2L2,NALCN,NAP1L4,NUDT12,OPRM1,PRDM16,PRSS27,RAD51B,SDK1,SIK1,SIPA1L2,SPART,SRC,ST6GAL1,STXBP6,SULF2,TBX3,TBXT,TENM4,TESPA1,WASL
1030	ACP3,ADGRL3,CALN1,CCDC190,CDH9,CNTN4,COG5,CPLANE2,CSMD1,CTIF,CXCL12,CYLC2,DPP10,ENSG00000236744,ENSG00000285708,ENSG00000285713,ENSG00000286625,ENSG00000288895,ENSG00000289710,ERAP1,EYS,FLRT2,FMN2,FOXG1,HIVEP3,IPO9,KCNU1,LINGO2,LPP,LRP1B,MRPL39,NDN,PPFIA4,RBMS3,RIMBP2,RPS9,SFXN1,SLCO4C1,SNHG8,SYCE1L,TAS2R1,TBILA,TIMP2,TMEM132C,TOP3B,TRAF3IP2-AS1,TSHR,TTC39B,XYLT1
1031	ACAN,ADAMTS18,ADRA1A,AP1S3,APELA,B4GALT1,CCDC71L,CDH9,CHST12,CPE,CRAT,CYRIA,DAOA,DRD1,ENPEP,ERBB4,FH,FIS1,GATA3,IQGAP2,KCNJ2,LINC00265,MAP1S,MKKS,MPPE1,NCF2,NDUFA12,NEBL,NEDD4L,NEDD9,PDE1C,PPP2R1A,PPP2R2D,RBFOX1,RUNX1,SEPTIN9,SEZ6L,SIRT5,SLCO5A1,STIM2,SUMF1,SYN2,TGFBR2,TLN2,TOMM20,VIPR2,WDR11-DT,ZBTB16,ZNF134
1032	ADAM29,ASIC2,ATP6V0E2,BHLHE22,C5orf15,CCDC179,CDCA7,CDH13,CLDN17,CNTNAP5,CUL3,DNAH5,EDIL3,EFHC1,ENSG00000283563,ENSG00000285471,FAT4,FGF12,FUT9,GALNT13,HMHB1,IGHMBP2,LINC01569,LRRC4C,LSM14A,MAP3K21,MB21D2,MKRN3,MSR1,MYCN,NFKB1,NRXN3,OPRM1,PDZRN3,PHB1,PIWIL4,PPFIA2,PRKAG2,RAB12,RNF169,RPL38,SMOC2,STPG2,TECRL,THUMPD3-AS1,TMEM132D,TRAPPC11,ZNRF4
1033	ABLIM2,AFF3,AIMP1,BOD1,CD36,CIROZ,CLPP,CNGB3,COLGALT2,CSMD1,DCDC2C,DNAH11,DPYSL2,DYNLRB2,ELFN1,ENSG00000227218,FLT1,GLRX3,HLCS,HMGA2,HPGD-AS2,ICE1,IMMP2L,IZUMO3,KCTD9,LHPP,LYSMD3,MIATNB,NHSL1-AS1,OPCML,OSTN,PARAIL,PCDH10,PDCD4,PITPNM3,PRSS55,PSG5,RAB8A,RGPD8,RIMS2,SERPINB12,SEZ6L,SLF1,TBX3,TENM3-AS1,TOX2,TSPAN18,UNC5D,ZMIZ1
1034	ACER3,ACIN1,ACTL8,ATIC,ATP9A,BMAL1,C7,CAV3,CDH6,CDH9,CDKN2AIP,CHD7,CHRM3,COL8A1,CTNND2,ELP3,ENSG00000272162,ENSG00000285586,EVL,FHAD1,GAS6,GRB10,IFT88,KCNIP4,KLF4,LDLRAD3,LINC02885,LINGO2,MEIS2,MRPL35,MYO18B,NPIPA6,PLEKHA5,PRDM9,PREX2,PRKD1,PRR16,PSD3,PSG6,RBFOX1,SH3BP4,SUMF1,TBX3,TMEM132C,TMPRSS15,WHRN,ZFAT,ZMIZ1
1035	ABAT,BCL11B,C4orf33,CADPS,CAV2,CD93,CDCA7,CNTN4,CTSL,DPP10,DSCAM,ENSG00000283384,FOXL3,GBE1,GCAWKR,GCNT4,GLIS3,KCNG1,KCNK9,LGALS16,LUZP2,LYPD6B,MAFB,MBD2,NRIP1,NTM,P2RY1,PLD1,POLR1F,POM121L12,PRKN,PRUNE2,PSMG2,RFX2,RGS7,RSL24D1,SIAH3,SPOCK3,TCERG1L,TENM3,TENM4,TMEM158,TTF2,TXLNB,UGT2B4,VIPR2,WASF3
1036	ALPK2,ARL4C,CCDC182,CLPTM1L,CNTN1,CRPPA,DMAC1,DNAH5,DNAH8,DNAJB6,DOCK4,ENSG00000283563,EYS,FAM107B,FAM114A1,FLRT2,GRIA1,ID4,IGFBP3,IRS2,KLF4,LINC00550,LINC02928,LNPEP,MAP3K20,MCM5,MGRN1,MLN,MOV10,NFIA,NLRP2,OLFM3,PPP4R2,PSAT1,RARS1,RASGRP1,SALL2,SH2D4A,SIX2,SPACA7,TAGLN3,TECRL,TMEM230,TRERF1,TTC8,UBE2F,UGCG,WDR1,ZP4
1037	ADCYAP1R1,ADGRE3,AGPAT5,ALDH1A2,ARHGAP28,ATPSCKMT,BATF,BCAR3,BMP2,C6orf118,CLEC3A,COL18A1,CRYBA4,CUL4A,ERCC6L2,FTO,GATA3,GRB10,IGFBP5,IQCN,IRX4,KIF26B,LRP12,LRRC3B,MAGI1,MEF2B,MSC,MYOM2,NOP56,OBSL1,PCDH7,PPP1R15A,PREX1,RAB12,RBM20,RNF212,RPL31,SH2D4A,SIGLEC5,SLC24A3,SLC35B3,SLCO6A1,SLITRK6,SMARCAL1,SNTG1,TMPRSS15,TNFRSF19,XRRA1,XYLT1
1038	ASIC2,ATP10B,C16orf82,CD38,CDH13,CDH9,CNTNAP4,COL26A1,CRTC3,CYRIB,DGKB,DNAH5,DYNLRB2,FCN1,FGF9,FGGY,GATD3,GFOD1,GPC6,GSE1,HTATIP2,KCNU1,KIAA1549,MFSD1,MKX,MRPL39,MSR1,MYH14,MZT1,NEIL3,PKNOX1,PLAAT1,PLEKHG1,PLLP,PLXDC2,PTPRM,RND3,SLC41A1,STAM2,STIM2,SYT10,TECRL,TMEM167B,UQCRFS1,VCAN,VEGFC,WDR86,ZNF326,ZNF57
1039	ADCK1,ADGRL1,ATP12A,BMP2,C16orf74,CAMK1D,CAMSAP2,CAPZB,CCR3,CD6,CEROX1,CST1,DOK5,ENTREP2,FRMD6,GUCY1A1,IGLL1,IL16,LZTS1,MC4R,MCTP2,MEIS1,NLRP2,NUP35,PLCB1,PPP1R14B,PRKG1,RASGEF1B,RGS8,RND3,SEC16B,SHH,SLC46A3,SLC6A15,SMIM12,SORCS2,ST18,STUM,TAFA5,TBC1D22A,TBL1XR1,TMEM176B,TNRC6C,TRIM36,TRPC4,USP28,ZHX2,ZNF717,ZWINT
1040	ACYP2,ANO5,ARAP2,CACNB2,CARD8-AS1,CCDC198,CCDC40,CHRM3,CKMT2-AS1,CNTNAP2,DSCAM,ENSG00000227148,ENSG00000254057,EPHB3,FAM135B,FSTL5,ICOSLG,KAZN,KL,LEMD1,LPA,LY6S,MAT2B,MTSS1,MUC20-OT1,NCOR2,NCR2,NRN1,OLFM3,PAX3,PKD1L2,POU5F1B,PVT1,RPL14,SERPINB8,SGCZ,SLC12A7,SLC9A9,SPSB2,TEX44,TMEM132B,TNFSF8,TRAPPC9,TRIOBP,USP24,XIRP2,XYLT1,ZBBX,ZNF726
1041	ABLIM1,ANO3,CDH10,CDH13,CFAP44,CRIM1,CYYR1,DDX10,DEFA5,DYNC2H1,EBF4,EHF,EIF3H,ENSG00000237529,ENSG00000286400,FBXO15,FBXO44,FRMD4A,GADL1,HSPB3,INSC,IVNS1ABP,KIAA0825,KIAA1958,LINGO2,NBPF3,NCAM1,NEBL,NEIL3,NR2F2,NTRK2,NWD2,PCGF2,PTPRD,RERGL,RGS7,SLITRK6,SNX29,SPOCK1,SRSF6,SULF2,TLE1,VWA5B1,WIPI2,XYLT1,ZFAT,ZNF443,ZP4
1042	ACTG1,AKR1E2,ALCAM,APBB2,ARL11,C10orf90,C11orf97,CASP1,CDH4,CDH7,CDH9,CFTR,CHL1,CNTNAP2,CNTNAP5,CORIN,DOK5,DUSP8,ENSG00000237378,FAM135B,GALNT18,GRID2,H3-5,IL36RN,IQCM,KCNMA1,LARP1,LHX5,LINC02350,LINC02984,LSM3,MEOX2,MS4A13,NTN1,PCDH15,PXDN,SACS,SLC2A1,SORCS2,SPATA6L,ST18,STIM2,TAS2R7,TENM2,TLK1,TMEM132C,TNS3,XKR4,ZC3H7A
1043	ARPP19,ATOSA,BANK1,BLNK,BNIP1,BTC,C1GALT1,C8orf89,CCBE1,CD247,CDK11B,CHN2,CNTNAP2,DAW1,DEUP1,EGFR,ERI1,ETV1,FSTL5,GSG1L2,IFNG,IRX3,KCNJ2,KCNT2,LINC01003,LINC02889,LUZP2,MBNL1,METTL24,MEX3B,MROH7,NBEA,NKAIN2,OPN3,PKHD1,POSTN,PSD3,PSG1,PTPRU,RAB2A,RXRG,SELL,SERPINB8,SIPA1L1,SIPA1L2,TM4SF18,ZNF281,ZNF354B,ZNF596
1044	ABLIM1,ABR,ADCY1,ADGRL2,ASTN2,BCL11B,BRINP3,CCDC60,CDK5RAP2,CELA2A,CLEC1A,CLN8,CNTN4,CYTOR,DSEL,EGFLAM,ELP1,ENSG00000230333,ENSG00000284624,ENSG00000287550,ENSG00000288885,GOLGA8N,HOXC6,KLF4,LINC00499,LPIN1,LRFN5,MAPT,NCAM2,OTOR,OTUD7A,PLLP,PMM2,PPM1H,PRR16,SGCZ,SLC24A3,SNHG7,SORCS1,SOX11,STK11,SVIL,TBL1XR1,TMEM132B,TNFSF4,TSNARE1,TTC7A,VWC2L
1045	ATG7,CAMTA1,CAST,CDC73,CDH4,CHN2,CMAS,CSMD1,DGCR6,DNAH5,DPY19L1,DSEL,EIF4H,ELF3,ELMO1,ENSG00000260361,ETNK1,FMN2,FSTL5,GET1,HSPA14,ID2,IL1RL1,KIF13A,KIT,LINC02384,LOXHD1,MYOM2,MZT1,NAP1L4,NDST4,NR2F2,NRG1,P2RX4,PACRG,PNLDC1,PRKG1,PYDC2,RAB38,SAAL1,SASH1,SHH,SIPA1L2,SLC35F4,SMYD2,SNX29,TRPC6,TTC7B,UBR3
1046	AADAT,ACO1,AGBL1,AK9,AKAP12,ANKFN1,ARAP2,BMP2,CALN1,CDH9,CNTN4,COL5A3,DNAH11,DNAJB6,DSC3,EFNA5,ENSG00000289710,FBLN2,GATA3,GFRA2,GRM7-AS3,HERC2,HEXIM1,HSD3B1,HSPA8,IRX2,ITGA8,KCNT2,LCLAT1,LINC00667,LINC00899,LINC01894,MAT2B,ME3,NECTIN3,OR11H12,POM121L12,PPM1H,RAB17,RUNX1,SLC39A12,ST6GAL1,STOML3,SYNE1,TIAM1,TMEM170B,TUSC3,VAV1,ZNF722
1047	AKT3,ANKRD50,API5,ARPP21,CCBE1,CCND2,CDH4,COL4A2,COL5A1,CPNE4,DOK6,FSTL4,FUZ,GAREM1,HECW1,HTT,KIAA1217,LHPP,MAML2,MCM9,MCPH1,MKLN1,MX1,MYOM2,NAV3,NFE2L2,NKAIN2,NPSR1,NRDE2,OLIG1,PCDH7,PLA2G4A,PSD3,PSG4,RAB28,RNF182,RPA3,RYK,SEMA6A,SLC9A9,SLCO1C1,SLITRK6,ST6GAL2,STIM2,TMEM41B,VLDLR,ZNF438,ZNF554,ZNF572
1048	ADAMTS16,ANO1,ARAP2,ARHGAP25,BRAF,C13orf42,C1orf53,CASC17,CD8B2,CEP128,CNTNAP2,COL11A1,CTNNA3,DOCK5,ELAC2,GRAMD1B,GRIK2,GSC,IRF2BP2,KDM4C,KLF12,LINGO2,MAP2K4,MCOLN2,MDFI,MEIS1,MSX2,NCAM2,NEBL,NPIPA8,NSUN2,NTM,NTN4,PCSK5,POM121,PRKD1,RAB27A,RBMS3,RPS21,SF3A3,SIAH3,ST8SIA1,STK32B,TLE3,TPD52L1,TSHR,TSPAN9,TXNDC11,ZNF83
1049	ADGRE5,ANO1,ARL4C,ASCL1,ASIC2,BPTF,C1orf198,CD177,CHRM3,CHRNA7,CNTLN,CNTN4,CTNNA3,DSCAM,ENSG00000225889,ENSG00000286625,FGF14,IDO1,IRX5,KCNQ5,LINC02449,LIPC,LRMDA,MATN2,MBL2,OBSCN,OPCML,PCDH18,PCSK5,PDILT,PHOX2B,PIK3C3,PLA2G4A,RBFOX1,RCAN1,RESF1,RIMBP2,RSU1,SACK1G,SCYGR1,SDK1,SLITRK6,SPRED1,TAFA1,TEX29,TRAPPC4,TRIML1,TTC6,UACA
1050	AJAP1,AP2S1,APBB2,APOL6,ASS1,BOD1L1,C1GALT1,C7orf33,CBLN4,CDA,CHD7,CKAP4,DERL1,DIO2,DPP6,DRC8,ENSG00000259865,ERO1B,FKBP9,FRMD1,GOLGA6L7,HEMK2,HHIPL2,IGF1R,IRS2,ITIH2,LDHA,LHFPL6,LINC02052,LINGO1,LINGO2,MRPS10,NPTX1,NRXN1,PCDH7,PDGFD,PDPN,PLCL2,PRICKLE1,RAB7A,RAD18,SAA1,SLC2A11,SNTG2-AS1,SPATA19,STARD4,TERF2IP,THSD7A,TNFSF10
1051	ADCY2,ADGRL3,AGAP1,ARHGAP42,ASAP1,ATP10B,B3GLCT,CFAP418,CHL1,CNTN5,COL6A3,CPA3,CRYZ,CTNND2,CXADR,DCDC2C,DIPK2A,DISP1,DMRT2,ENSG00000228496,ERVMER34-1,FNDC1,FRMD4A,GABRG3,IER3,LMX1A,LRP6,LRRC4C,LRRK2,MBL2,NRXN3,NUP88,PCDH15,PDE4B,PLA2G4A,PLCB4,PRDM16,PSG2,RHBG,SGCZ,SI,SNX14,SOX9,TLL2,TMPRSS2,TTC19,USP25,VRK2,ZNF266
1052	ADARB2,CARS1,CD109,CDC73,CDH11,CEBPB,CLDN1,CSMD1,CTNNA3,CTSE,DIAPH3,DLL1,DTWD2,ENSG00000253474,FAM90A26,FOXJ2,FRMD6,GGCX,GNAO1,GRIK2,IGFBP7,IGSF10,KAZN,LMNB1,LRRC4C,LY86,MCPH1,OTOL1,PLEKHG7,PTH2R,RAB3GAP2,RASA1,RIN2,SEMA3C,SGCG,SIPA1L2,SLC30A8,SLC35B3,SLC6A15,SMARCA2,SPATA6L,SPOCK3,TENM3,TENM4,TINCR,TMEM74,TRAPPC12,TTC7B,XRCC2
1053	AGPAT5,ARAP2,CDC42BPA,CELF2,CELF4,CHIA,EDEM1,ENSG00000282278,ENSG00000284882,GALC,GOLGA7B,GPR158,HNRNPUL1,IGHMBP2,KCNQ1,KLF12,KLF6,LAMA1,LINC02610,LURAP1L,MARCHF1,MCF2L,MINAR1,MKRN3,MTX2,NAB1,NFIC,NFKB1-AS1,NKAIN3,NTSR2,OR2B11,PCDH15,PCDH18,PPP1R3B,PTPRO,SCGB1A1,SFRP2,SMARCA2,SMOC2,STAT4,TFAP2A,TIAM1,TLL1,TMPRSS11E,TRAV12-1,TRDN,UBL3,VIT,WDR11
1054	ANO1,ANO3,APBB1IP,BECN2,BIN1,BOD1L1,CAMTA1,CDH6,CEP164,CHD9,CNKSR3,CPM,CXCR2,DIRAS2,DNAH11,DSC3,ENSG00000276007,EVL,FMN2,GADD45G,IGFBP3,MRPL39,MYO18B,NELL1,OR4E1,OSTF1,PADI3,PFKP,PLOD2,PRKCA,RBM46,RGMB,RGS6,ROR2,RPL15,SBF1,SCARB1,SERINC5,SLC14A1,SNX8,TECTB,TMEFF2,TRAPPC5,TTC32,TTYH3,UBFD1,WDR11,WIPF3,ZCCHC24
1055	ADAM12,ANXA8L1,APOBEC3F,APTR,ARHGAP42,ARMC1,ATOSA,BCL11B,BCR,CACNA1C,CADPS,CEP63,CYLC2,DRD2,ENOX1,ENSG00000270207,FCN2,GRIA1,HLA-DRB5,IQGAP2,ITGA8,KLF4,KSR2,LINC02055,LY6E-DT,METTL4,MORN5,NOVA1,NPSR1,NR2F2-AS1,NUP50,OLIG1,PACRG,PCDH18,PDZD2,PIEZO2,PREX2,PRMT6,PRNP,RAB4A,RPS6KA2-IT1,SAMD12,SEMA3A,SLC35B3,SYNE3,TENM2,ZHX2,ZNF516
1056	ABCA13,ACO1,ADCY10,AKR1C3,BTC,CBY2,CCSER1,CDH18,COL22A1,COL26A1,COX7C,ENSG00000267214,ENSG00000289131,EPHA6,FARS2,FBXL2,FGF9,FMN2,GALNTL6,GC,GLI3,HAS2,HMX1,JPH1,LNX1,LRATD1,LRRN1,MRPL39,MTPAP,MYO10,MYRIP,NDST1,NR5A2,NRXN1,OLA1,OLFM2,PDGFA,RAPGEF5,RBFOX1,SIK2,SPRY2,TBL1XR1,THRB,TLE3,TRAM2,WARS1,WDR43,ZEB2
1057	ADGRD1,APPL2,BANP,BCAS1,CD36,CDH11,CNTN5,COL4A2,CRACD,EFHC1,ENSG00000288973,ERC1,FCHO1,FOXA2,GARS1-DT,GPAT3,GPC5,GPR155,GRIA2,GRM7,HAS2,HEMK2,HTT,IQCM,JARID2,LINC00621,LRRC4C,MACROD2,MCPH1,NPY5R,OR52N5,PAK5,PDZD2,PLEKHA6,PLXNA1,PNOC,PRR23E,PTPRB,RGPD4,RIOK1,SHISA9,SKA1,SP100,STX8,TESPA1,TTC21B,VSTM2A,ZFHX3,ZFR2
1058	AMDHD1,AP1S3,API5,ARAP2,ASB3,ATG4C,AVPI1,BEND4,COL12A1,CPEB2,CPED1,DAP,DPP6,EFCAB2,EMCN,ENSG00000236212,ENSG00000268362,EYA3,F10,GALNTL6,GATA3,GRIA1,HMCN2,HTR1E,LDB2,LHX1,LILRB4,MOB3B,MRGPRF-AS1,MYT1L,NCAM2,PARVB,PCDH15,PHACTR1,RARB,TAFA2,TAFA5,TBC1D9,TCERG1L,TENM3,TENM4,THSD4,TNIP1,TUSC3,UBE2E1,VAV2,VRK1,ZNF706
1059	ABCA13,ADCY2,AGBL1,ANKRD33,ANO3,APPL2,ATOH1,CDH4,CDH6,CDH8,COL4A2,CPXM2,CYP2C9,DAOA,DDX24,DLGAP2,EFR3A,ENTREP2,EPB41L3,EXOC3L4,FAM20C,FAM50B,FBXO8,FER,FERMT2,FOXQ1,GLRX3,GMDS,GPC6,KDM4C,KLHL42,LINC02016,LINGO2,MALT1,METTL13,MSX2,NKAIN3,PIRT,PLCB1,PMEPA1,QKI,RBFOX1,RFPL3S,SH3YL1,STOX2,TGFB2,TGFBR3,TP53I11,ZGRF1
1060	ACYP2,ADAMTS2,AFDN,AMY1C,ANTXR2,API5,ARHGAP15,AZIN1,C1orf198,CLDN23,CP,EGLN3,EIF3I,ENSG00000280850,ENSG00000284738,EYA2,FSTL5,GRIK2,IFI27L2,IGFBP7,IMPA2,LAMC3,LINC00299,LRFN5,MED21,MEIS2,METTL15,MSX1,NFATC4,NGEF,NUGGC,PALMD,PCDH15,PREX2,RBMS3,SLC25A48,SLC39A8,SLC44A5,SLC5A4,SMC2,SNX31,SORCS2,SRRM4,TBL1XR1,TM9SF2,TMEM92-AS1,TPGS2,TXNRD2
1061	ADAM28,ADAM7,ADAMTS16,ADCY2,ADI1,ATP8A1,CAMTA1,CREG1,DAPP1,DHFR,DYM,FAM234B,FAM78B,FANCM,FNDC1,FSTL5,GRM7,HLA-DRB5,ITGA9,KCNG1,KLF12,LINC02028,LRP1B,MAB21L4,MAGI2-AS3,MTRR,NCAM2,NDUFA4,NOX4,NR3C1,OPCML,PDE5A,PPFIBP1,PTGER3,RAB6C,RHCG,SGCZ,SHISA9,SLC10A2,SLC35F4,SOX21,STK35,SV2C,TAFA5,UNC5C,XPA,ZFHX3,ZNF475,ZNF516
1062	AADAT,ABCB4,ANO6,AP3B1,ARGLU1,BLM,CCDC85C,CDH12,CDH8,CHRD,COL22A1,CSMD1,DAD1,DPP10,DPP6,DSC3,EIPR1,ELMO1,FSHR,FSTL5,GDNF-AS1,GMNC,HHIPL2,KCNE4,LINC00487,LYZL1,LZTS1,MAPK14,MCPH1,MIPEP,MROH9,MSX1,NSG2,NUAK1,OR10H1,PANX1,POLR3A,PSD3,PTP4A3,RPS6KC1,SEC24B,SLIT3,SMARCB1,TENT5C,TPRA1,TSHZ2,UGT2A1,UGT2B11,UGT2B17
1063	ANO3,CDC73,CITED2,DLGAP2-AS1,DPP10,EGFLAM,FBN2,FKBP1C,GALC,GGA3,GOLGA8B,GRHL2,GSPT1,HAS2,HS3ST3B1,KCNG4,KCNIP4,KCNJ2,KCNMB2,KHDRBS3,KLHL5,KLK3,LINC02446,LTN1,LY86,LYZL1,MDFIC2,METTL17,MIR3147HG,MYBPH,OR7C2,PCDH7,PDK4,PRDM16,RARB,REEP3,RNASE11,ROBO2,SDK1,SIRPG,SLC10A2,SLC6A3,SMOC2,SPATA20,SRGAP3,TAFA5,TENT4A,TSHZ2,ZNF572
1064	ABLIM2,ACP3,ADAMTS17,AGA,ANKRD9,ARL8B,ASB3,ATXN7L3B,AUH,BCHE,CALN1,CDH13,CDRT4,CHAF1B,ENSG00000255477,ENSG00000270207,ENSG00000289710,EVC,EXO1,FUT2,H3-7,IFI27,IRX1,LGALS8,LINC02613,LMNTD1,LRATD2,MC3R,MLXIPL,NELL1,NF1,PSG8,RAB18,RARB,ROBO2,RPGRIP1L,SEMA5A,SGCZ,SGIP1,STEAP1B,SVIL,TAFA2,THSD7B,TMOD2,TSPYL5,ZBTB40,ZMAT4,ZNF385D,ZWINT
1065	ABCA13,AKR1C3,BLOC1S2,CAMTA1,CCDC122,CCDC93,CD33,CNEP1R1,CNTN5,CTNNA2,CWC15,DHRS3,EIF3B,ENSG00000189229,FBXL7,FOCAD,FOXRED1,GYPC,IGF1R,INPP5D,ITGB2,KCTD1,KIRREL3,LINC01885,LINC02934,LUZP2,MALRD1,MEAK7,METTL16,MRPL39,NELL2,NGFR,NR2F2,NTN1,OR10T2,OSBPL5,PCDH15,PGAP4,PTHLH,RASGRP1,RGMA,ROR2,SGCG,SLC35G4,SMCO4,SNCA,SNTG1,SPRY4,ZPLD1
1066	ADCY2,ARID4A,ASB3,ATP13A4-AS1,C1orf52,CCZ1B,CDC73,CDH18,COL22A1,CRACR2A,DAOA,DNM3,DPF3,ENSG00000266602,EYS,FAM98A,FRAS1,GALNT17,GNG12-AS1,HK1,HMGB1,KIAA2012,LINC00507,LINC03171,METTL4,NADSYN1,NRSN1,PCDH18,PIEZO2,PLA2G4A,PLXDC2,PRPF18,PTCH1,RBFOX1,RGS17,RXRG,RXYLT1,SGSM1,SLC67A1,SLITRK6,ST6GALNAC2,SYNJ2,TBRG4,TEKT3,TLL1,TMPRSS15,TUT7,TYRP1,ZNF516
1067	ACAA2,AGXT2,AMY1C,ATP2B2,C16orf95,C4orf33,CACNA2D3,CBLN2,COL22A1,CSMD1,DCP1B,EGFR,EMCN,ENSG00000232063,ENSG00000265728,FADS3,FHL5,FLYWCH1,FRY,GLRB,GRM7,HAO1,IGSF11,INS,ISM1,KLF12,LINC03040,LMO3,MEG8,MITF,MRM1,NAF1,NBAS,NIPAL4,NKAIN3,NME7,NPY5R,NXNL2,PIEZO2,RBFOX1,ROR1,SNAP25-AS1,SPOCK3,TENM3,UBASH3A,USP53,VLDLR-AS1,WIPF3,ZNF580
1068	ADAMTS16,ADCYAP1,AJAP1,CCDC85C,CCSER1,CDH4,CDH9,CDKN2B,CFAP184,CIB1,CNTN5,CUX1,DDIAS,EDIL3,ENSG00000268460,ETV6,FCN1,FIGN,FOXI2,GRAMD2B,HS3ST1,HS6ST1,HTR1B,IMP4,IPCEF1,KIAA1549,LRRC63,MAP2K4,MIR548BAHG,MKI67,MTMR7,NYAP2,OPCML,PID1,POTEM,PPARA,PZP,RUNX1T1,RYR2,TAS2R4,TMCO4,TMEM191B,TNFSF18,TNNI3K,TRIM33,TUSC3,TXN
1069	AGPAT4,AJAP1,APOLTP,ARL4A,AUTS2,CCDC6,CES1,CHIT1,COL14A1,CTNNA2,DPP10,DTHD1,ENSG00000203279,ENSG00000233974,EPHA5,ERC1,FKRP,FLT3,FTH1,IQSEC1,KRT17,LARP6,LMX1B,MDGA2,MED13L,MKI67,NETO1,NUP50,PABPC4L,PNLIP,PROM1,PRSS56,RERE,RFX3,RIPK4,RNF6,RXRG,RYR2,SALL1,SH3BP4,SYNDIG1,THADA,UGGT1,UGT8,UMODL1,UNC5D,VSTM5,ZFAT,ZWINT
1070	ACCS,ANKRD27,ARMS2,ASRGL1,ATL3,CFAP20DC,DENND2A,DNAH17,ENSG00000272733,FAT1,GJB6,GLI2,GRAMD2B,HDGFL1,LINC00667,LMCD1,LPL,LRRTM4,MANEA-DT,MRPS6,MYOM2,NAV1,NPFFR2,PDE11A,PDGFC,PLOD2,PRCP,PRKAR2B,RAF1,RBFOX1,RCAN3,RNF130,SCN7A,SDK2,SEL1L,SEL1L3,SLC1A3,SPP1,STX8,TBX5,TDRD3,TG,TNS3,TOX2,TRPM8,TSNARE1,VWC2,ZNF37A,ZNF385D
1071	ADGRF4,ADGRG5,AHI1,AMY1C,CDH8,CLDN10,CRYBB2,DAD1,DPPA2,DSEL,EDIL3,EEF1AKMT2,ENSG00000288648,FAM210B,GPC5,GRM7,HACE1,HDGFL2,IFNG-AS1,ITGA8,LARP7,LINC00877,MYO16,P2RY1,PAPPA,PHACTR1,PLEKHB2,PTPRC,PTPRU,RCBTB1,RUNX1,SEH1L,SEMA5A,SFMBT2,SGCG,SIRAL2,SLC1A7,SLC24A3,SLC9D1,SLCO4A1,TBXT,TFAP2A,TLE1,TMCO5A,TNKS2,TRAPPC4,YWHAQ,ZMAT4
1072	ADAM10,ADAMTS8,ALCAM,ARHGAP8,ARSJ,B3GLCT,C9orf72,CCDC170,CCDC179,CCRL2,CNTNAP2,CTNNA2,DGKG,ENSG00000233714,ENSG00000263551,ENSG00000287763,FAHD1,FBXL7,FOXQ1,FZD6,GABRG3,GRIP1,HS1BP3,HS3ST3A1,HS3ST4,HSPB3,LARS2,LINC02884,LPP,LZTS1,MAPK4,MCPH1,MLLT3,OTUD7A,POU5F1B,PRKN,PTER,RNF32,SALL3,SLIT3,SLITRK5,SPATA7,TBC1D30,TMEM132B,TRIB1,TSNARE1,UTS2,VSTM2A,WDR1
1073	ACSL1,ANKS1B,ANO3,ANXA10,APOBEC2,ATP5F1C,CNIH4,CNTN6,DAPK1,DGKG,DIO3,EGFLAM,FAR2,FOXQ1,FRMD6,GDA,GOLGA8A,GSE1,GUCY1A2,HK1,HS1BP3,IL6R,IMPA2-AS1,IRF8,KIF13A,KIFBP,KIRREL3,LUZP2,METTL2B,MYO18B,NDN,NOX3,NRXN1,NTSR1,NUP107,RAI14,RNASE1,SLCO1B1,SNX29,SPDYE21,TAC1,TLE3,TLN2,TMCO5A,TNFSF12,TOX2,UPP1,VWDE
1074	ABAT,ADAMTS5,AGPAT4,ANKRD9,ARNT2,ATP10A,BNIP2,C11orf87,CA10,CACNA1E,CCDC179,CCL2,CDH10,COPB2-DT,CRYL1,CSGALNACT1,DLK1,DOCK5,EIF3F,ENPEP,ENSG00000206356,ENSG00000249111,ENSG00000251615,EPHA7,FCGR1A,FOXN3,GABRG3,GRIN3A,GTF3A,LINC00559,LRFN2,MAN2A1,MAP2K3,MYO5B,MYOM1,NCAM1,PCDH15,PLEKHH2,POM121L12,PUS7,RGSL1,RIT2,SOD2,SPACA7,SPRY4,TMEM114,UBL3,ZNF516,ZWINT
1075	ARRDC2,C8orf90,CCBE1,CDH18,CDH9,COBL,CPS1,CPZ,CYP2A6,EBF3,EMX2,EPB41L4A,F2RL2,FARSB,FGF14-AS2,GALNT2,GALR1,GATA3,HAPSTR1,LEPROT,LINC01532,LRATD2,MCTP2,MTPAP,NCAM2,NSMCE2,NXPH1,PARD3B,PBX1,PCDH17,PIP4P2,PLA2G4A,PLPPR5,PRDM1,PROK1,PYROXD1,RBFOX1,SBNO2,SH3GL2,SIPA1L1,SLC8A1,SPTLC3,SVEP1,TCFL5,TIMELESS,TNIK,TOX,TPO,ZNF195
1076	AMY1C,ANO6,BAIAP2,C9orf72,CADM2,CD164,CIMIP5,CMKLR1,CNTN5,CREG2,DSEL,ECT2L,EFNA5,ENSG00000271795,ENSG00000287083,ENTREP2,ERG,FRMD1,GFRA2,GREM2,HDAC9,HK1,IRF8,KCNV2,LBP,LDLRAD4,LMO7,MAP4K3,MARCHF1,MICAL2,NCAM2,NXPH2,PLXNA4,POM121L12,PPP1R1C,PRKCSH,PTPRH,QSOX2,RNGTT,RORA,SORCS1,STX2,SYNDIG1,TBXAS1,TECPR1,TSNARE1,USP6NL,VSTM2A,ZNF257
1077	ABLIM2,ADAM17,AMER3,ANKRD55,BTBD3,CABP1,CXCL8,DDX60L,ECT2L,ENSG00000286797,EVI5L,FAM90A26,FHIT,GLRX3,HNMT,HNRNPU,HS3ST2,HSD17B4,IRAG1,IRAG2,LARP1,LHX2,LRRC4C,MARCHF11,MAT2B,MCTP2,MRPS9,MYH13,NALF1,NGEF,NLRP3,NOX3,OPRM1,OSBPL5,PCDH7,RFX8,RGMA,RIMBP2,SHANK1,SLC16A6,SORCS1,TENM4,THSD7A,TIMM21,TNS1,VSTM2A,ZNF384,ZNF773
1078	AADAT,ADCYAP1,AGA,ATF7IP2,ATP11A,BRINP3,DSP-AS1,ENSG00000286625,FAM13A,GCFC2,GJA3,GLYAT,HSD17B4,ISOC2,KDR,LHFPL6,LINC03109,LRCH1,LZTS1,MARK4,MED13L,MTRES1,NTMT2,OLFM3,PHGDH,PMM2,PRKCA,PRKCI,PTPRM,PWRN1,RTL6,SCMH1,SDK1,SFXN1,SLCO1B1,SMAD3,SNTG1,SOCS1,SOX30,ST3GAL1,TBX3,TFF2,TSHR,TSPYL5,UQCRFS1,VSTM2A,ZIC1,ZNF528,ZNF536
1079	ACO1,ADAMTS5,ADGRG1,ADGRL2,AKR1B15,BCL11B,CARS2,CAVIN3,CDH9,CERS4,CFH,COL27A1,DLC1,DPP6,FAM241B,FAM246A,FASTKD1,FGF12,FLYWCH1,FSAF1,GALR1,HPS1,IGFBP5,IRF2BP2,KCNK2,LCA5,LINC00674,LRCH1,LRRC4C,MBOAT1,MORC1,MTHFD1L,MYO16,OSBPL10,PAX2,PCDH7,PPP2R2C,PRAG1,RBPMS,RHOJ,RMI1,RREB1,SEM1,SEMA6D,SP4,TENT4A,TRIB2,UGT8,USP24
1080	AGAP1,AGTR1,APBB1IP,BCL11B,BMP2,CBLN2,CCSER1,CD1E,CDK5RAP2,CELF2,CHRM5,CNTNAP2,CSMD1,CXCL12,CYP4V2,DGKI,ENSG00000230333,FAS,FBXO8,FLRT2,FMN1,FRY,FSTL5,GBE1,GMDS,GRIFIN,HAPSTR1,IQGAP2,KCNC2,KDM3A,KLRF1,LINC01508,LINC03059,LONRF1,MAP2K4,MDFIC2,MED4,MFAP5,NEDD1,PHF21B,PLCB1,PLXNA4,RBFOX1,SH3YL1,STMN2,TECRL,TENM4,ZHX2,ZPLD1
1081	ADAMTS16,ANK3,CATSPERE,CD82,CDPF1,CELF2,DSCAM,ECRG4,EGF,ENSG00000285566,ERICH1,GALNTL6,GRM4,GSTA4,IL9,IQCA1,KATNIP,KLF2,LINC02283,LPIN1,LSAMP,LYZL1,MIPEP,MORN3,MPPE1,MYBPC1,MYO3B,OLFM1,PCDH10,PCSK1,PIP4K2A,PLCB1,PPFIA1,PPP2R5C,PRELP,PRICKLE2,PSMD12,PSTPIP2,RBFOX1,RBM15-AS1,RTN4RL1,SNX29,STARD13,STPG2,TAF1C,TMEM135,TMEM229A,UMOD,ZWINT
1082	ABCB5,ADGRG1,ATG10,BUD13,C1orf220,CDC73,CNGB1,CNTN4,COBL,COPB1,DERL1,DHRS4,DMRTA1,DSEL,DYNC1H1,ENSG00000249782,FAT3,FBXO32,FHIT,FRMD4A,GALR1,GDF6,GRIN2A,GRM7,HS6ST1,KHDRBS3,LGMN,MPP7,NELFCD,NETO1,NR2F2,PARP14,PLA2G4A,POC5,PSME3IP1,RBFOX1,RBFOX3,SGCZ,SLC15A2,SLC1A1,SLITRK1,STMN2,TIGD2,TMEM114,TWSG1,VPS16,WDR35,ZFAT,ZNF431
1083	ADAMTS17,ADPRM,AKAP1-DT,ANKRD55,ANO3,APP,BARD1,CCDC179,CHLSN-AS1,CNTNAP5,COL15A1,DLGAP1,DLGAP2,DPP10,EEA1,ENSG00000283228,ENSG00000288828,ENTPD4,ESYT2,GATA3,GMNC,GRB10,HAS2,LINC02699,MAF,MRPL39,NANOS1,NBPF3,PMM2,PRKN,PRTG,RAB38,RAI14,RBFOX1,S1PR1,SKOR2,SLC2A9,SLC30A10,SMOC2,SNRK,SPARCL1,SVOPL,TCERG1L,TMEM132C,TMPRSS2,VIP,VTCN1,WARS1,ZDHHC2
1084	ABHD17C,AHI1,ANKRD55,ANKS1B,AXDND1,CAMK2A,CAMTA1,CD8B,CFAP418,CREG1,CRIM1,CUBN,DAOA,DLC1,ENPEP,ENSG00000287514,EPHA5,GALNT10,GRIK4,HGF,HKDC1,ID2,IER2,IGSF21,LINC00433,MGAT5,MRTFB,NRXN3,NSG1,PPFIA1,PPP2R2B,PREX1,PREX2,PRMT6,PTPRD,RARS1,REPS1,RGS21,RPL7L1,SDK1,SLC8A1,SPATA17,SRL,ST8SIA6,TECRL,TMEM132B,TRIO,TYK2,ZFAND1
1085	AADAT,ADGRB3,ADGRL3,AGAP1,AGTR1,BCR,CA8,CCDC179,CCNG1,CORO2A,CRACD,CRH,CRYAA,DCDC2,DPYSL2,DSEL,EDIL3,EDNRA,ENSG00000288075,GALNT15,HAND2,HGF,KCNK10,LINC02027,LRATD1,LRIG1,LUZP2,MMP8,NPRL3,NUP50,ORC5,PCDH15,PCNX2,PDSS1,PRR5-ARHGAP8,RBFOX1,RGCC,RGS7,SDK1,SLC2A9,SOX11,SPAG17,STIM2,TCERG1L,TLL1,TMPRSS15,UTS2,VIPR2,ZNF516
1086	ASTN2,BUD13,BZW2,CACNB2,CARMIL1,CCDC102A,CCDC179,CD40,CDH10,CELF2,CNTN5,COX10,CRIM1,DNAH11,DNAJC15,DZANK1,ENSG00000225885,FANK1,FGGY,FSTL5,FXYD5,GNAI1,HSF2,IL7R,IMMP2L,KDM4B,LINC01954,LINC02021,MAPT,METTL4,MRO,MRPL39,NAALADL2,PCDH15,PENK,RNF181,ROBO1,ROBO2,SLCO3A1,SLIT2,SRL,TAS2R16,TENM3,TMCO5A,TMEM213,TULP3,UBE2E2,ZFAND3,ZFP36L2
1087	ADAMTS2,ADCY2,ADGRV1,CREG1,CSGALNACT1,CYRIB,DTWD2,ENSG00000233974,ENSG00000267320,ETV6,F3,FAM181B,FAM98A,FBXO36,GPD1L,GUSBP1,JARID2,KCNQ5,KLHDC7A,LCE1A,LRRC32,MBL2,MCPH1,MGAT5,NFIA,NMBR,NOSTRIN,NRIP1,OR7C1,PLCB4,PLD5,PPARA,PRKCE,PRR20A,RERG,RUNDC3B,SDK1,SGCZ,SLC2A13,SLC36A1,SNCA,SORCS1,SPRR2B,SPTA1,SUCLG2,TAFA5,TBX5,TM4SF20,TNFSF18
1088	AASS,AK9,ALG8,ATE1,C1orf21,CDH13,CDH18,CHRNA9,CNTN5,CNTN6,CTNND2,CWC22,DPP6,DYNC1I1,ELFN2,ENSG00000285646,ENSG00000288612,FAM135B,FLVCR2,GRIA1,IGF1R,KCTD7,LPIN2,LRRTM4,MCC,MPZL1,MROH2A,MSX2,MUC20-OT1,NOS1AP,NQO2,PAM,PCDH7,PDE3A,PKP1,PYDC2,RBMS3,RFPL4B,RNF32,SAMTOR,SCD5,SPATA31C2,STAT5A,TENM3,TMPRSS2,ZBED5,ZNF608
1089	ABHD17C,ACCSL,ADAMTS20,ADGRL3,ADIPOR2,ANKRD10,BCKDHB,BHLHE40-AS1,CACNB2,CALN1,CBX7,CDH13,CEP20,CHRM3,CRIPT,CSMD2,CSMD3,CST3,CTNS,CXXC4,DPP10,DSEL,DYNLRB2,ENPP6,ENSG00000284686,FAM89A,FHIT,HELT,IGFBP3,ISM1,ISOC2,KLF13,LAIR2,LARGE1,MRPL39,MTHFS,POM121L12,RELN,SASH1,SHH,SHISA9,SLC7A8,SP4,SUDS3,TCERG1L,TNS3,TRPC4,VGLL3,ZNF639
1090	ADAMTSL2,AGA,BPHL,CADM1,CD9,CNTN4,DDIT4,DPF3,DSEL,ENSG00000285566,ENSG00000286798,ERI1,EVA1C,EYS,FEZ1,FHIT,GALNT13,GALR1,GLB1,GRIN3A,HERC6,KCNH7-AS1,KLHL36,LINC00662,LRATD1,MACROD2,MAGI1,MRPL39,MTHFS,NAF1,NUP107,PHF2,POU1F1,RGS3,RUNX1,SAMD9L,SGCZ,SH3TC1,SLC10A2,SMARCB1,SOX11,SPAG9,STAB2,STXBP6,SYNGR2,TLR10,TMEM132B,UGT2A2
1091	AGAP1,AGTR1,APOD,ARRDC4,BANF2,BCO2,C5orf58,CAPN13,CCDC148,CCDC179,CNTNAP2,COLGALT2,CPEB2,CREB3L2,CSMD1,DEFB131A,DIAPH3,ENSG00000254687,ENSG00000266369,ENSG00000285566,ENSG00000289710,FOXN3,FSTL5,ICE1,IQSEC1,JARID2,KCNJ2,LINC00877,LINGO2,LMO4,MCPH1,MN1,MR1,MSX1,MSX2,NENF,NFATC2,NFE2L3,NT5C1B,NXPH1,OPCML,PEX14,POM121L12,SERPINB11,SPSB1,SYNPR,TRPM3,ZEB2,ZNF385D
1092	ADAMTS3,ATXN7L3B,BCL11B,BCR,CARTPT,CDC73,DAOA,DLGAP2,EEF2KMT,EPB41L3,FLVCR2,GALR1,GOLIM4,HAS2,IL22RA2,KLHL1,L3MBTL4,LHX5,LMO7,LRATD2,MLN,MX1,NAV2,NETO1,NLRC5,NOCT,NR3C2,PDC-AS1,PHGDH,PIEZO2,PRDM10,PRR16,RBM19,ROBO2,SH3BP4,SIPA1L2,SMKR1,SPP1,TAFA5,TENM2,TENM3,TMEM200A,TTC21B,UGT8,ZNF385D,ZNF470-DT,ZNF804A,ZPLD1
1093	ADAMTSL1,AGA,ANKRD55,AUTS2,BHLHE22,CADM1,CAPN2,CAVIN3,CCDC74A,CDH5,CDH9,CSMD1,DLD,ELAVL3,ERBB4,GC,GRIK2,HDAC9,HLX,ISOC1,LPIN2,LRRC4C,MARK3,MTHFR,MTMR7,NETO1,NXPH1,OSBPL10,PPP1R3A,PTCHD4,PXDN,RAPGEF1,RBFOX1,RBFOX3,SLITRK5,SMPDL3B,SPIN1,STC2,STK35,TACR3,TRIM36,TUBGCP3,UGT2B7,USP24,VEGFC,VNN2,WFDC1,ZDHHC19
1094	ADRA2A,AKR1C3,ALDH1A1,AOAH,AUH,B3GALNT2,BRME1,CCER1,CFAP69,CHST13,CYRIB,DAOA,ENSG00000251488,ENSG00000257252,ENSG00000286110,FZD7,GALNT17,GOLGA8M,ING2,JPH2,KC6,KCTD16,KIF16B,KLHL1,LINC01482,LINGO2,ME3,NCAM2,NID2,PDGFD,PFKP,POLR1D,PRLR,RAB11FIP5,RBFOX1,RGS10,SBNO2,SDK2,SERPINB8,SGCZ,SLC24A3,SLC8A1,TRIB2,TRPM6,TULP3,UBE2E2,XYLT1,ZBTB40
1095	AIRIM,ANKRD33B,CCDC7,CLEC10A,CSGALNACT1,CSMD1,DNAH9,DRC8,EMX2,ENSG00000285082,ESM1,EXOC2,FAIM,FLRT2,GLUL,HS3ST1,IDH2,LPCAT1,MEGF6,MINAR1,MSR1,NCOA5,NOL11,ODC1,PDGFA,PLCB1,PLSCR5,PLXNA1,POLN,PSD3,PTPRT,RAMP3,RBFOX1,RP1,RYR2,SERINC5,SFMBT2,SGCZ,SPOCK3,TEKT5,TENM4,THSD7B,TMEM63C,UBE2L5,UBR5,WNT4,ZMAT4,ZNF823
1096	ABCB5,ACSL3,ASB1,ASRGL1,ATP5MC1,CHRM3,CNTNAP5,CST2,CST9L,DDX20,DLG2,EMP2,ENOSF1,ENSG00000267149,ENTREP2,GALNT17,GRIK3,GYPE,HABP2,HUS1,KAZN,LDLRAD3,LRRC30,MAP2,MGLL,MVB12B,NCAM2,NPSR1,NR3C2,PARN,PCDH10,PDE1C,PNLDC1,PTPRK,RAMP3,SEMA5A,SETD4,SGCG,SHH,SLC28A3,SLC45A4,SNTG2,ST20,STIM2,TLE4,TPK1,UNC13C,WNT11,ZNF385D
1097	ACADM,ADAMTS16,ADRA1D,AGTR1,ANKRD34C-AS1,CCDC102B,CDK15,COL11A1,COPRS,DPP10,DSEL,EDEM1,EIF3E,ENSG00000226994,ENSG00000256484,ESRRG,FLYWCH1,FMN1,FOXK1,FRMD4A,FZD4-DT,GRIFIN,HLX,HRH1,IRX1,LATS2,LINC00667,LYAR,MORF4L1,MYO16,NAA35,NCAM2,NCK2,NXN,PDE3A,PDGFB,PEBP4,PLCH2,PLD5,RBM19,RREB1,SNX16,SNX19,SOX4,TBL1XR1,TMCO5A,WSCD2,ZFPM2,ZNF644
1098	ADCY8,AGTR1,ANKRD55-AS1,ANXA1,CCNH,CNTN4,COL18A1,CORIN,DGLUCY,DIAPH3,DLGAP1,DNAH10,DYRK1A,EDIL3,ELAC2,ENSG00000206356,ENSG00000262873,ERCC4,GLIS3,GRHL1,GRM8,HECA,HK2,LAMA4,LINC02613,LINGO2,LUZP2,MYLK4,MYOM2,NCAM2,NDRG2,NDUFA4,NEDD4,NELL1,NUF2,OSR1,PAPPA,PAX7,PLD1,PPP2R2C,RAP2B,SAMD5,SLC39A11,SMIM31,ST8SIA6,SUGCT,TMEM132B,UTP18,VIT
1099	ASB1,ATG4C,BCAT1,BET1,CCL18,CCSER1,CD36,CDH13,CNTN4,CPEB4,DCC,DIRAS2,ENSG00000260361,ENSG00000263551,EPHA5,ETS1,FLRT2,GALC,GALNT15,GCH1,HLA-DMB,IL4R,INSYN2A,IPMK,KLHL1,LMBR1,LPA,MAPRE1,MYO7A,OR56A1,PCM1,PDCD4,PDHA2,PLCB4,POM121L12,RPS24,SARAF,SGCZ,SH3BP4,SLC16A7,SRP54,TLE4,TLL1,TMEM132D,TMEM170B,VWDE,XYLT1,YJU2B
1100	ACOXL,ADIPOR2,ADRA2A,AFAP1,APOLTP,ARHGAP22,ASAH2,C16orf95,CD164,CNTN4,DIPK2A,ELAVL2,EMP1,ENSG00000258803,FLRT2,GATA3,GFOD1,GLRA3,GRIA2,GRIK2,GTF2H5,MCTP2,MCUR1,MRPS10,N4BP1,NBEA,NPY2R,NWD1,PAEP,PAX7,PHACTR3,PLOD2,POM121L12,RAPGEF2,RERG,RNASEH2B,ROR1,RTN4,SLC39A11,SMPD1,SPOCK1,SUCLG2,TBX18,TCF4,TMEM132B,TMEM200A,TNFRSF10C,VLDLR,ZNF804B
1101	ALCAM,ANGPT1,ARID2,ASIC2,ATXN1,AUTS2,C1QTNF9,CBLN2,CCZ1,CLDN17,CRADD,CSGALNACT1,CTNNA3,DAOA,DERA,ENSG00000259434,FARS2,GPR6,HMGCLL1,HS3ST4,HS6ST3,KCNJ5-AS1,KIF2B,LINC02050,LINC03002,LY86,MKLN1,NAALADL2,NRXN3,OAT,OLFM3,PIWIL4,PLOD2,PRR16,RER1,RPL9,SOCS6,SYNE1,TCERG1L,TCL1B,TEAD1,TIMMDC1,TPRA1,UBE3C,USP25,USP29,WDR5,ZFP64,ZIC1
1102	ADCY2,APOL4,C1QTNF3,CBLB,DAB1,DAOA,DESI2,DGCR8,DNAJB9,DRC8,EHHADH,ENSG00000272696,ENTREP2,ERAP1,ERBB4,ERRFI1,FAM43A,GNG7,HIKESHI,IFNG,IGFBP5,KCNB1,KCNIP4,LAMA2,LAPTM4B,MYC,NOL11,NXPH1,OLFM1,PDHA2,POU5F1B,PPDPFL,RBFOX3,RBM47,RCHY1,REST,RIOK2,SCCPDH,SEMA6B,SIPA1L2,SPOCK3,TAF1B,TBC1D1,TBC1D22A,TECRL,THSD4,TLE1,WIPI2,ZNF774
1103	ABCA1,ACVR2A,ANKRD46,ANO1,ATOSB,ATP6V1C1,CAB39,CNTN5,CREB5,CTSO,CXCL12,DIPK2A,EIPR1,ENSG00000285082,ENSG00000287694,FHIT,FOXP1,FSCN1,GABRB3,GLIS3,HSPB3,IRAG2,ITGA8,KDM2B,LINC02147,LINC02506,MANEA,NALCN,NAP1L4,NKAIN2,PIP4K2A,PPDPFL,PSG4,RGS17,SLIT3,SMIM31,SNTG1,SNX20,SOX11,SPACA7,STMN2,STON1,TBC1D4,TESC,TLL1,TSPAN11,VAT1L,WDR72,WLS
1104	ABCC8,ABO,ADCY8,ADGRL3,ARHGEF15,CD46,CDH4,CDK15,CTNND2,DOCK1-AS1,DYNC2H1,EPDR1,FAT1,GALNT13,GALNT17,HACE1,HHAT,HNMT,LGALS8,LINC02064,LINC02434,LRRC32,LZTS1,MAGI2,MCF2L,MKI67,MTCL1,MYLIP,NDUFA4,OSBPL10,PABPC3,PDE10A,PMEPA1,PRDX3,RASGRP3,RFC3,RUNX3,SF3B5,SGIP1,SNX29,STK39,TFAP2A,TPK1,TSC22D1,TSNARE1,TWIST2,UNC13C,USP7,YBEY
1105	ADD3,ADGRL3,AGA,AKAIN1,ATP2C1,C3orf33,CCDC179,CCZ1B,CD163,CHIA,COL13A1,CRISPLD2,CRTAM,DMRTA1,ENOSF1,ENSG00000188897,ENSG00000232807,FAM98A,FAT4,FEM1A,FGF14,FNDC3B,FOXP4,GALNT18,GALNTL6,GLT1D1,GLYATL2,HRH2,KAZN,KCNMA1,KLLN,MANEA,MUC20-OT1,NFIA,PARD3B,PLA2G4A,PYDC2,RUBCNL,SLC4A7,SMOC2,SV2B,THY1,TLL1,TNIK,TUSC3,UNC5D,VEPH1,VSTM2B,ZDHHC14
1106	ADAMTS20,ADGRL3,C14orf132,CALN1,CCKAR,CDH2,CELF4,CHRM3,CST4,DCT,DNER,DPP6,ESRRG,EVC,F13A1,FAM181B,FARS2,G0S2,HPGD,HS6ST1,INSC,KLK6,LARGE1,LINC03058,LRP1B,MAN2A1,MGMT,MIATNB,NOS1AP,NR2F2,NRSN1,NTRK3,OSBPL1A,PATJ,PLEKHH1,PRICKLE2,PRP4K,RGMA,SERPINI1,SLC12A1,SNX2,SOCS6,SPP1,TFF3,TOMM7,TSPAN17,TUSC1,UBE3C
1107	AMACR,ARAP2,CCER2,CDH13,CDH18,CDH6,CELF4,CERS6,CFAP54,EDEM1,ENSG00000267173,ENSG00000276007,ENSG00000286751,FAM180A,FAM181B,FETUB,GABRA1,GATA4,GGTLC1,GRIA2,GRK5,HNRNPF,IGFBPL1,ITPK1,KCNAB2,KLF13,LINC03051,MCPH1,MTPN,NFIB,NWD2,PCDH7,PCLO,PITRM1,PLXDC2,PYHIN1,RIT2,SIRAL1,SNTB1,SORCS2,SPACA7,SUCLG1,TCERG1L,TCIM,TCL1B,TLR1,TMEM132C,ZFAT,ZFP42
1108	ACSL1,ATP6V0D2,BNC2,C5orf58,CLEC3A,CNTNAP2,CNTNAP5,COL11A1,DAOA,DCLRE1C,DDX11,EEPD1,EIF2B5,ETS1,FAM98A,FGD4,FOXL1,GATA6,GLRX3,GRAMD2B,IRF8,ISX,KLK14,LINC01697,LRP1B,NKAIN2,NPY,OPRK1,POLE4,PTPRC,RGMB,SAMSN1,SESN1,SLC10A2,SLC8A1,ST6GAL1,TENM4,TMEM132B,TOP2B,TP53BP2,TPK1,UGT2A3,VDR,ZMIZ1,ZNF354A,ZNF468,ZNF71,ZP4
1109	ABCC8,ABI3BP,ACKR3,ADGRB3,AEBP2,ALDH5A1,C11orf96,C14orf132,C8orf34,COL4A1,COL5A1,CSMD1,CTNND2,DTNA,ENSG00000287694,FOXO3,GABRB3,GALNT13,GPC5,HACE1,HEBP1,HNF4A,HNRNPUL1,HS6ST1,IRX2,JAZF1,LMX1A,MEP1A,MRPL55,NOS1AP,NPY2R-AS1,NRSN1,PBX1,PKD2,PPM1L,PPP2R2D,PXDN,RGS1,RHNO1,SEPTIN11,SHH,SPRY2,STUM,TECRL,TMEM114,TMPO,TRPA1,UNC13C
1110	C4orf33,CABIN1,CADPS,CIMIP1,DNAH5,DYNC2H1,ELL2,FAM98A,FAT1,FAT2,FBN2,FHIT,FMN2,GPRIN3,HAS2,HDDC2,ICE1,ITGA4,KCNT2,KIAA0232,LINC01378,LRRC3B,LRRFIP2,LYPLAL1-DT,MARCHF1,MB21D2,MYRIP,NCKAP5,NUP88,OR1L8,OVOL2,PDHA2,POU2F1,PPP1R3B,PRKG1,PTK2,PTPRD,SCARA3,SERGEF,SERPINA10,SLC12A9,SLC35F5,SLC4A7,SMPD4,TENM3,TMTC1,TTC22,TTC7B,UBE2E3
1111	ADGRG5,ADH7,ARID1B,BCL11B,C12orf75,CCZ1B,CELF2,CSMD1,ENSG00000285733,ENSG00000287376,GABRG3,GNRHR,HAS2,HEMK2,KCNB1,LHX1,LINC00578,MAF,ME3,METTL25,MIPEP,MN1,NDUFA4,NFIL3,NUP35,OBSCN,PBX3,PCDH15,PLA2G4A,PLXNA2,PRKN,PRTFDC1,PTCH1,RBM46,RBM47,SGCZ,SNX19,STEAP1,SULF2,TAFA5,TENT4A,TGM6,TMEM132D,TMEM170B,TMEM207,TRAM1L1,UEVLD,ZFAND5,ZFPM2
1112	ADGRL3,ARHGAP17,ATPSCKMT,CDH19,CFAP100,DEFA6,DGAT2,EBI3,EFNA5,ENSG00000287694,EREG,FER1L6,FOXN3,FRMD4A,FSHR,GALNT2,GRM3,IGF1R,IRX1,ITGA11,ITGB3BP,KLF7,KLHL2,LINC00305,LMBRD1,MAGI2,MECR,MGRN1,MVB12B,NUP107,OPA1,OR51E1,PAM,PLCB4,POU2F3,PRR16,PTER,PXYLP1,RAB4A,RHCG,SLC35B3,SOX2,TAFA5,TBC1D32,TGFBR2,TIAM2,ZNF266,ZNF469
1113	ADCY9,ADGRG7,ADGRL3,ALOX5AP,AQP4,ARG1,ARHGEF37,BRINP1,CCER1,CDCA2,CHST10,CNTNAP2,EFNA5,ENSG00000284070,EXOC2,FGGY,FMO3,GJA10,GUCY1A1,HS3ST1,LDLRAD3,MBD2,METTL15,MYO1F,NANOGP8,NFIL3,NRIP1,NSG2,P3H2-AS1,PELI2,PFKFB3,PLD5,PRSS51,PSMD5,RAPGEF5,RESF1,SEPTIN5,SHANK1,SHANK2,SMAD2,SVIL,TBC1D22A,TBX5,TMEM178B,TRMT9B,TSPAN13,WNK2,ZNF286A,ZNF845
1114	ALKAL2,ALX4,ANKRD27,ATP2A3,ATP9A,BCR,C10orf90,CAMK1D,DSCAM,EMCN,ENSG00000273734,FAM241A,FRMD4A,FSCB,GNG7,HS3ST3A1,IDO2,IGFN1,IQGAP2,KCNA5,KIRREL3,KLHL1,LINC00645,LINC02319,LRATD2,LRRC4C,ME1,NFATC2,NOVA1,OLFM1,PITPNC1,PKN2,PLEKHB2,PTPRD,SOX4,STEAP1B,TBX3,TCERG1L,TENM4,TENT2,THSD4,TLR10,TMOD2,TUSC3,UFM1,UGP2,YWHAE,ZSCAN5A
1115	ACIN1,ADGRL3,ANKRD7,ANXA2,ART5,ASB1,BOD1L1,CDH11,CDKAL1,CDO1,CPSF6,CXADR,CYB5R2,DIPK2A,FAM181B,FUT9,GABRG2,GADD45G,GCC2,GRIN2A,HDAC9,HTRA3,IGFBP3,KCNC2,LMNA,LRFN5,MRPL38,MX1,NCAM2,NEGR1,NEIL3,NOVA1,PDGFRB,RBFOX1,RGMA,SIK1,SNX19,SPESP1,SPOCK3,ST8SIA6,SYT6,TCF7L2,TMEM135,TMEM65,TTYH2,VAT1L,VTCN1,XYLT1,ZNF706
1116	ACSL5,ADAMTS15,AP1M1,APCDD1L,CASP4,CSMD1,DLGAP1,DOCK5,FAM107A,FLRT2,HAAO,HACD1,LINC02359,LINC02414,MC4R,MICAL3,MPO,MPP7,MYO3A,NKAIN2,NMBR,NOL4,OAT,OBP2B,PAPPA,PCDH10,PIEZO2,PPP2R2B,PRKG1,PTPRD,PXDNL,PXYLP1,RERE,RMC1,ROBO2,RREB1,SDK1,SHANK2,SLC2A10,SOX5,SYTL3,TECRL,TFEC,TTLL11,VEPH1,VWC2,WDR11,ZMIZ1,ZNF804B
1117	AADAT,ANTXR2,ARMC3,BMPER,BNIP2,CDH13,COL12A1,CTNNA2,CTSC,DAB1,DAP,ENSG00000267173,ERCC4,EYS,FAM135B,FRMD4A,GRM7,HTR3A,IDO1,KIF6,KLF6,LARGE1,LHFPL2,LINC02603,LRFN5,MALRD1,MINAR1,MTPAP,NALCN,NLRP12,ODAD3,PLXDC2,POM121L12,POMC,PPAN,PRPH2,RNF144B,SGCZ,SH3PXD2B,SLC17A6,SLC1A6,SLC2A14,TH,TMPRSS15,TRIM2,VAV3,ZFAT,ZPLD1
1118	ACTR3B,AGTRAP,ANKRD46,ARHGAP22,ASB5,BCAT2,BRINP1,CBLB,CCNG2,CUBN,DCSTAMP,DDX11,DDX18,ENSG00000230628,ENSG00000288985,ESRRG,FAM107A,FAM107B,FAM81A,HEMK2,IFTAP,LAMP3,LINC01356,MUC12-AS1,MYO16,NPTX1,NR5A2,NUTM2G,PAM,PCDH15,PCDH7,PDSS1,PLA2G4A,PLOD2,PROSER2,RFC3,SI,STXBP6,TENM4,TMEM132C,TMEM212,TNS3,TRIB1,TRIM62,UTP23,VWF,ZMAT4
1119	ADAMTS9,AP1M1,ASB3,CCDC179,CCDC88C,CDC73,DLC1,DLGAP2,DMAC1,ENSG00000287507,ENSG00000288520,ENSG00000289158,EYS,FAM153CP,FER1L6,FGF14,GABRG2,GADD45B,GDNF,GMPR,GRIN2A,GRXCR1,GSDME,LCT,LINC01252,MEAK7,MRPL23,MTPAP,NBAS,NUF2,PDE3A,PITRM1,PRDM6,PXK,QKI,RAP2A,RBPJ,RGS6,RIGI,RNF14,SALL3,SERPINI1,SLC25A26,SNRPN,SVIL,TEKT5,TENM2,TRG-AS1,USP6NL
1120	ADRA1A,ARHGEF18,ATG7,CBLN2,CCM2,CDH13,CNDP2,CRBN,CYP4F2,ENSG00000278840,ENSG00000288600,ETS1,FOXF1,GRIK2,HAS2,HHIPL1,HLA-DQA2,ICE1,IGSF10,INPP5D,IPMK,ITM2C,LCORL,LGALS8,LINC00640,LINC02826,MACC1-OT1,MACROH2A1,MYEOV,PCDH7,PDE1C,PPP1R3B,PRL,PRMT6,PVT1,RAVER1,RGMA,RPE65,SELENOF,SERPINB10,SERTM1,SPRY2,ST8SIA6,TBC1D16,THSD7B,TMEM196,ZFHX3,ZNF385D,ZNF536
1121	ABCC4,ANO5,ARID2,CAPZB,CNTN3,CSMD1,CTNNA2,CTSO,CYLC2,ELK3,ENSG00000259828,FAM181B,FHIT,GFRA2,GGCX,GML,GOLGA6L1,GRM7,HHAT,IFT25,INPP5D,ITGB2,KCNIP4,KCNU1,KDM8,LELP1,LUZP2,MCTP2,MED27,MYC,NADSYN1,NPS,NUDT12,OLFM3,PMAIP1,PRCP,PROSER2,PROX1,PSMA6,RFC3,RYR2,SH3BP4,SLC39A10,SYT1,TJP1,TMEM132C,TPD52L1,ZNF282,ZNF626
1122	ANKRD55,ARHGAP10,CCNG2,CDC14C,CDH8,CKB,CRYL1,DMAC1,DRD1,DSCAM,ENSG00000276742,ENSG00000281613,FOXK1,FTO,GLDC,GULP1,HMX1,HOMER3,HS3ST1,JAG1,KLF5,LHFPL3,MAPK8,MCHR2,MED13L,MGAT5,MKX,MRPL39,NEIL2,NELL1,NKD1,OLFM3,OR52N2,OSMR,PCDH17,PLEKHG1,PNOC,QKI,RASSF10,RGS7,SEL1L,SLC4A3,SUSD5,TNS3,TPK1,USP44,ZNF385D,ZNF845
1123	ARHGAP42,BMP4,CAB39,CAND1,CDH18,CDH23,CMPK2,CNOT6L,CNTN4,CYLC2,DNAH11,EDIL3,ENPP6,ENSG00000289223,EVC2,EZR,FAT4,FERMT1,FSHB,GALC,GMDS,GRM7,HAS2,HERPUD2,IPO5,MAGI2,MAPT,MSH3,NKAIN2,NOD2,OCA2,OR10G3,OR13D1,PCDH15,PCDH8,PDGFC,PLB1,PRB3,PTPRU,RORA,RP1,RSPO2,SFMBT2,SGK1,SPOCK1,VSTM2B,ZCWPW2,ZNF648,ZNF787
1124	ANO3,AP3B1,CALB1,CDH11,CLIC4,COL6A3,CPNE4,CPS1,CRIM1,CYRIA,ENSG00000283321,ENSG00000288075,FAM181B,FHL2,FOXL3,GRM5,IL2RA,LDB2,LHFPL6,LINC00877,LINC02842,LPIN1,MYO16,NXPE3,PPP1R13B,PPP1R36,PRDM16,PRMT6,RASSF3,RNLS,RSPO4,SBF1,SCGB2B2,SEMA6A,SLITRK5,SMPD4,SQOR,SUMF1,TACR3,TECRL,TMEFF2,TMEM132C,TNFRSF11A,TRAV14DV4,TRIB2,TTC29,USP22,ZFP64,ZMYND8
1125	ADAMTS18,ASIC2,BCKDHB,C16orf74,CBLN4,CHODL,CNTNAP4,CYP4F3,EMX2,ENSG00000227090,ENSG00000286123,FCRL5,GALNT17,GLT1D1,INSIG2,ISOC1,KLF6,LINC02342,MALRD1,MAN2A1,MSRA,MTUS1,MUC4,MYCN,NCAM2,NCKAP5,NCL,NLRC5,NRXN1,OXA1L-DT,PCDH10,PCDH18,PLA2G4C,PLD5,PLGLB2,PXDC1,SERPINA12,SERPINB8,SETD4,SHISA6,SLC7A11,SLC7A2,SPP2,STEAP1,TECRL,TNS3,TUSC3,ZMYND8,ZNF479
1126	ANAPC4,ARHGAP20,ARHGEF28,C14orf132,C1QTNF7,CARS2,CCNG1,CDH20,CEP78,CGNL1,CHRM3,CRNN,DDX20,DNAAF9,DUSP26,ENSG00000236543,ENSG00000263033,ENSG00000275393,FBLN5,FSTL5,GADD45G,GALNT18,GLRA3,ITPR2,KCNK2,LINC01164,LINC01231,LINC02318,LINC02884,LSAMP,LTBP2,MCTP2,MKI67,MTAP,NCAM2,PCDH15,PTPRN2,RBFOX1,RIT2,RPTOR,SEC61A2,SLC22A3,SLITRK6,SPHKAP,STIM2,SULF2,TMEM184C
1127	ABHD12,AGA,AGPAT4,AKR1E2,AREG,BCL2,BMP2,BTBD16,CASS4,CCDC158,CPE,CTSC,DCC,DROSHA,EEPD1,FAS,FUT2,GATA5,GDI2,HES1,ICA1,IQCJ-SCHIP1,ITK,LINC00395,LRRIQ3,MCPH1,MCTP2,MTRR,NTN1,OPRK1,PALD1,PARP4,PAX7,PLXDC2,PTPRM,RCSD1,RIOK2,RUNX2,SLFN11,SMAD7,SOX5,SPDYE21,SPG7,SSBP2,TLE4,TMTC1,TRAPPC9,WNT7B
1128	ACKR1,ADGRF5,ADGRL2,ADPRHL1,AGAP1,ARL4A,C12orf75,CACNA1C,CACNA1S,CEP290,CHST9,COG7,DISP1,DLC1,DMAC1,DMRT2,DOCK1,DPH5-DT,ENSG00000271978,ENSG00000287338,ENSG00000288520,ENSG00000289710,FGF9,FLRT2,GABBR2,GCAT,GJB2,LRFN2,LZTS1,MAGI1,MRPL39,NCAM1,OLFM4,PABPC4L,PCDH7,PDZD2,PITRM1,PRKCE,PTPRK,SEMA3E,SMOC2,SP100,ST8SIA3,STXBP6,TLL1,TOM1L1,UBR2,UGT2B4,ZNF783
1129	ADCY2,AKR1C8,CNTNAP2,CSMD1,CYRIA,DLEU7,ELAC2,ENSG00000271978,ENSG00000284624,FTCDNL1,GABRG1,GAP43,GPC6,GRID2,HUNK,KCNIP4,MCPH1,MCTP2,NECTIN1,NUP35,OR10G3,PADI1,PDGFC,PGR,POF1B,PRKD1,PTPN14,RBFOX1,RERG,SCARF2,SHISA6,SKA3,SLC10A2,SLC16A4,SMYD2,SNRPN,SPOCK3,SULF1,TAFA5,TEX29,TG,TMEFF2,TMEM63C,TNFRSF19,TNFSF8,TRAPPC12,UNC13C,ZIC1,ZNF804B
1130	ACSL5,ADAM29,ADARB2,ANKRD7,C16orf82,C1QB,CADPS,CARD11,CCDC150,CDKAL1,CELSR1,CHST10,CORO2B,CRYL1,CTSB,DPP6,EFHC1,ENSG00000289510,ETV1,FLRT2,GGPS1,GPR107,GRHL3,HNRNPU,IFNG,IRF8,KBTBD2,LINC01082,LINC02482,MFSD11,MICU3,NBEA,NOX4,NTF3,OPRM1,POM121L12,PRKN,ROBO2,SBNO2,SEMA6D,SHQ1,SIX2,SLN,SPP2,SUMF2,TF,TOX3,TPO,WAC
1131	ANGPT2,CACNB2,CCL4L2,CCNE1,CDH11,CDH24,CEP162,CISD1,CNTNAP2,CYLC2,ENSG00000257252,ENSG00000284686,ENSG00000287602,FECH,FHIT,GALNTL6,GCC2,GLI3,GLRB,GNAI1,HPAT5,IL18R1,KIAA1217,KIF26B,LIMCH1,METTL16,MINAR1,MMP16,MPPE1,OPCML,PACRGL,PARP12,PIK3CG,PLCL1,POLB,PTPN1,SCAF11,SHISA9,SMARCA2,SPRY4,STOX2,SYNDIG1,TMX3,TOM1L1,TRIM29,TUSC3,VAMP4,YTHDC2,ZFHX3
1132	APMAP,BSPH1,C8orf34,CD200,CDH4,CNTNAP2,COMT,CPT1A,CYTH4,DCC,DEUP1,DSEL,DTWD2,EIF3G,ENSG00000253354,ENSG00000263279,ETV6,FMN2,GARS1-DT,GUCY1A2,IMPG1,IPO5,IPO8,KLHL1,LIPA,LYZL1,MACROD2,MAF,MED10,MSR1,MTAP,MTMR9,NMBR,PCDH18,PRMT2IP,PTPRD,RNF6,SEMA6D,SH3YL1,SLC24A2,SLCO3A1,SLITRK1,SUNO1,TCIM,THSD4,TOX3,TPK1,ZNF562,ZNF728
1133	ACOX1,ANO2,ANO3,BCAS1,BRINP3,C9orf153,CACNA2D1,CCER1,CCL2,CDH6,CLEC4M,CNTN4,CRYBG3,DENND1B,DYNC2H1,EBF1,ENSG00000282142,ENSG00000286957,FBXO25,FBXO6,GLB1,HAS2,HNF4G,ITK,KCNIP1,KLHL25,KLK10,LITAF,MEX3C,MRPL39,NCAM1,OPRM1,PCDH7,PCP4,PDE4B,PDE7B,PIWIL3,POMT1,PTGER4,SERPINB4,SH2D4A,SPDYE21,SSTR2,TCERG1L,TUSC3,UBC,ZBTB40,ZNF608
1134	ADAMTSL1,AGTPBP1,ALCAM,ARRDC4,BTBD3,C16orf95,CD6,CHST12,CNTNAP2,CSMD3,CTRB2,DDIT4L,DDX1,DLC1,DSEL,ENPP2,FLRT2,GFOD1,HS3ST2,HSD17B13,HSDL2,KHDRBS3,KLF4,KLHL1,LINC00504,LINC02018,LINC02273,LINC02726,LINC03214,MEGF10,MGLL,MICAL2,MN1,MTPAP,MTUS2,MUC20-OT1,MYO10,MYT1L,NDST4,NLGN1,PLEKHA7,PRCP,RELCH,RFPL1S,SLC7A10,SLCO3A1,TAFA1,TRANK1,ZNF385D
1135	ANO5,BEND4,BMS1,C8orf34,CEP63,CNOT6L,CNTN3,COL18A1,COMMD10,CRACR2A,CYB5R3,CYP26B1,DGKD,DOK5,EDIL3,ENSG00000270062,GALNT9,GALNTL6,GPR158,HHIPL1,HS6ST1,IGLL5,IQSEC1,ISOC1,KCNB2,LINC00511,LINC01785,LRFN5,METTL16,MKRN3,NR3C1,OSTF1,PLEKHA1,PRR18,PTPRU,SEC23IP,SLC20A1-DT,TECRL,TFCP2L1,TMPRSS15,TNS3,TRIB2,TRIM35,TRMT9B,UGT2B17,VSTM2B,WDR11-DT,XPNPEP1,ZNF385D
1136	AFAP1,ARRDC2,ASB3,CMPK2,CYP46A1,DDX60L,DEFB1,DLD,DTWD2,ENAM,ENSG00000235152,ENSG00000264151,FAM240B,FBXO28,FGF9,FN1,GALR1,H3Y1,HBG2,HYDIN,KCNJ6,LRP1B,LRRC4C,MCHR2,MEOX2,MPDZ,MRI1,MTUS2,NKAIN2,NMBR,NPFFR2,NRXN1,NXPH1,PDE10A,PRDM8,PTPRK,PTPRU,RAB28,RGMA,ROR1,SELP,SMOC2,SPRY1,STOX2,TENM3,TRIB2,TRPM2,TTLL2,ZNF608
1137	ALDH1A2,ANO3,ARHGAP8,BCL11A,BRINP3,CELF2,CLDN24,CNTNAP2,CNTNAP5,COLEC10,COMMD10,COX7C,CTNND2,DCT,ENSG00000260671,EVC2,FCRL5,FTMT,GFER,GJE1,GLIS3,GOLGA7B,GPRIN3,HEXB,IRX3,KHDRBS3,LHFPL6,LINC01530,LRRC4C,MAP3K21,MASTL,MTHFD1L,OPN3,PACRGL,PCDH7,PLCB1,PROX1,RGS9,SGCZ,SLC1A1,SMPDL3B,SNX7,SUCLG1,TECRL,THBS1,THBS2,TLE1,TSNARE1,ZNF124
1138	ANKRD30A,C4orf50,CACNA2D3,CACNG2,CAMTA1,CAPN5,CAVIN3,CBX7,CNTN3,CSMD1,CXADR,DLGAP2,DNAH11,DTHD1-AS1,DUSP10,ENTREP1,EPHA1-AS1,EPHA4,FOXF2,FOXL1,FSTL5,GADD45G,GALC,GYPE,IPMK,ITGB8,KIAA2012,MME,MTPN,NTM,PEX5,PIEZO2,PRPS1L1,PSMA2,PTGR3,PTPRC,RYR2,SLCO1B3,SLITRK5,SNX16,SORCS1,SRSF6,SULF2,SYNJ2,TAS2R1,TLE3,TRPV1,XIRP2,ZPLD1
1139	ADCY2,ADGRB3,ATXN3,AVL9,BCAT1,BCL2L13,BCR,CCDC9B,CDH11,CREB5,DNAJB6,DUSP10,EFCAB3,ENSG00000285751,EPHA5,EPHA7,ERAP1,GPR149,GRM7,H3Y1,HMCN2,ISX,KCNA1,LINC00507,LINC00649,MBL2,MIR4500HG,MPZL1,MYT1L,OR1A1,PHF24,PNLIPRP3,PRECSIT,PRKCQ,PSD3,PTGR3,PTPDC1,RAB31,RIMS1,SFMBT2,SLC1A3,SLC39A8,SRBD1,STARD3NL,TMEM154,TRAPPC9,ZFP42,ZNF648
1140	ADAMTSL1,ADD2,AJAP1,ANKRD34C,ARGLU1,ARPIN,ASIC2,C8orf34,CCDC68,CDH26,CDH4,CHRM2,COBL,COL26A1,CTBP2,CTNNA3,CUEDC1,CYLC2,DEFB131A,DLGAP1,DOCK9,DYNLRB2,ENSG00000261783,ESRRB,FBXO33,FCRL3,FMN2,GDAP2,GRM7,INPP4B,JAKMIP3,KLF12,MAGI2,MKLN1,NPAP1,OTOP1,PACRG,PLEKHG1,PSD3,RIPK3,SEMA6A,SEZ6L,SLC12A2,SLC38A9,SMIM42,SMOX,SNTG2,UNC5A,WRNIP1
1141	ADARB2,ADRB1,AMN1,BHLHE22,C2CD2,CAPS,CDC123,COPRS,DOCK2,DSC3,ENSG00000226276,ENSG00000250075,FGF9,FLVCR2,FOXK1,GADL1,GOT2,HGF,HRH4,HRK,IFNL4,IRX3,KLHL1,LEMD1,LRP5L,LRRC4C,LRRTM4,LUM,MGMT,MTPAP,NCAM2,PCBP1-AS1,PCDH7,PIGN,RAB28,RAD51AP1,RAP1GDS1,RASGRP3,RBFOX1,RFX8,SEMA4B,SST,STAC,SULF2,TERF1,TEX29,VPS11,ZNF236,ZNF648
1142	ADGRG6,AEBP2,ANKRD55,B4GALNT2,BCHE,C8orf34,C8orf48,CACNG3,CALD1,CASP9,CCDC148,CCDC91,CDH8,CENPC,CSMD1,DLGAP1,EDEM1,ENSG00000235419,ENSG00000269796,FGF9,FREM2,FSD1L,GALNTL6,HDHD5,HMGA2,IGFL2,IQCE,KHDRBS3,LINC00173,LRFN2,MASP1,MMP20,MYOCD,MYOM1,NAV2,NCAM2,NUP50-DT,PKDCC,PREX1,RGS6,RNF216P1,SIRPB2,SKI,SLC16A7,SLC25A26,SVIL,THRB,UGT2B4,UQCRFS1
1143	ADAMTS16,ATP2C2-AS1,CACNG7,CAPS,CDH12,COX10-DT,CPEB2,CRELD1,DAOA,DGKI,DIRAS2,DNAH5,ENSG00000272799,EXO1,EYS,FERMT2,GRK5,HS3ST1,IGFBP7,IGSF21,KLF13,KLHL8,LPAR1,MCF2L2,MPHOSPH6,MYOF,NALF1,NEIL3,NOVA1,NPAP1,PLA2G4A,PLSCR2,PRKG1,PTPRS,PTPRU,PYROXD1,RALGAPA1,RIN3,SGCG,SIM2,SLC35D4,SLC7A11,SLITRK6,SS18,SUGCT,TMEM174,TMPRSS3,ZNF525,ZNG1A
1144	ADAM28,ADD3,ANGPT1,AOAH,ARAP2,C1orf94,CADM2,CCAR2,CDH6,CDYL2,CEP192,COX11,CRTAC1,DNAH9,FAM135B,GALNS,GOLM1,GRIN2B,IKBKB,KIF6,LINC00519,LINC02347,LINC02842,LMBRD1,LRP1B,LUZP2,MAGI2,MED27,MORN5,MRPL57,MTHFD1L,MTRR,NAMPT,NCAM1,NRIP1,NSL1,OPRM1,RPL31,RPS29,SERPINB8,SI,SIAH2,SLC16A7,SLC7A5,SLFN13,TMEM72,TRAM1L1,XYLT1,ZFAT
1145	ADGRE5,ADGRV1,AMY1C,ATP6V1C2,CARD11,CDKAL1,CDRT4,CREB5,DGKB,DIAPH3,DPP10,ENSG00000237378,ENSG00000260640,ENSG00000286022,ENSG00000289546,ETV1,ETV6,EXOC2,FGF12,GLRX3,GRM7,HINT1,KHDRBS3,KIF16B,MS4A4A,NHERF1,NSG1,OLFM4,PCDH18,PLPPR5,POM121L12,PPM1H,PRIMA1,PROK2,RAB6C,RERE,RPL30,SNRPN,SNX19,TBC1D4,TMPRSS15,TPRG1,TRIB1,TRIM5,TSNARE1,UGT8,ZNF484,ZNF519,ZNF804A
1146	AGL,BEND4,C12orf50,CACNA2D1,CD84,CEP78,CNTN3,CNTNAP2,COL4A3,CSMD1,CXADR,DIPK2A,FAM181B,FOXN3,GMDS,GRIK2,HAND2,HDDC2,HRH2,HS3ST5,KIF26B,L3MBTL4,LILRB2,LINC00320,LINC02754,LRRTM4,MIR3147HG,NALF1,NCAM2,NINJ1,NPBWR1,PIK3C3,PRL,PROX1,PRR20E,PSG4,RIT2,RPS14,SELE,SHISA9,SIK1,SLC10A2,SLC13A3,STIM2,STX18-AS1,SYNE3,TMTC4,UBE3A,ZNF532
1147	ALDH1A2,ANKRD30A,ANKRD30BL,ANO4,BACH2,CDC16,CFH,CHRM3,CPXM2,DCC,ELAVL2,ENSG00000230333,ENSG00000250971,ENSG00000259060,ENSG00000286109,ENSG00000286700,ENSG00000288069,ENSG00000289710,ESRRB,F13A1,FRG2C,FRMD4A,FZD8,GADL1,GALR1,GOLIM4,ITGA6,KCNN2,KDM4C,LDLRAP1,LGR5,MGAM,MKI67,NAT1,OPCML,PRR16,PSMC5,PTGDR,RPS6KA5,SEL1L,SKOR2,SLC2A9,SLCO1A2,TBC1D31,TBX3,TNFSF9,UTRN,WDR1,WDR27
1148	ALDH7A1,APP,CAMK1D,CARD8,CASP9,CDKAL1,CDYL2,CRYBA4,DPP10,DRC8,EBLN2,ENSG00000289225,ETV7,FREM2,FSTL4,GFRA1,GMNC,HNRNPDL,HS3ST3A1,HS3ST4,HS6ST1,KLHL1,LYZL1,MACROD2,MCPH1,MTHFD2L,MYL12A,NANOS1,NAV2,NCAM2,NOVA1,PITX2,PPFIA1,PREX2,PTPRN2,PTPRQ,RBFOX3,RDH5,SLC2A5,SLC6A2,SLCO4C1,SRRM4,TCF21,THBS2,TMEM200A,TMX3,UMOD,VRK3,ZFYVE28
1149	ABCG5,ACOT11,ATG12,BRINP2,CXXC1,EYA2,FAM181B,GATA6,GC,GCLM,GPR12,GSE1,HACE1,KCNK17,KCNV1,KIRREL3,KIZ,LCLAT1,LRFN2,MTNR1B,MUC20-OT1,MYH13,MYO3B,NAALADL2,NALF1,PATJ,PLXNA1,PRKCQ,PTGFR,RESF1,SGCE,SIRT5,SNTB1,SPAG17,SPHKAP,SPOCK1,SPOCK3,STK32A,STPG4,TEX36,THBS2,TMTC4,TREM2,TSNARE1,UNC13C,USP25,ZNF114,ZNF385D,ZNF701
1150	ABCG5,ACO1,ADAMTS16,AGA,ARHGAP18,ARHGAP28,CAPN13,CCDC157,CFAP157,DOK5,EEF1AKMT1,ELOVL4,FGF12,FSTL5,GALNT14,GATA3,HAPLN1,HS6ST1,IZUMO3,KCNN2,KDM7A,KLHDC4,LARGE1,LINC02882,OR1A2,PLXNA1,PPFIA4,PSG11,RIOK2,RNF217,RORA,RSPH1,SEC24B-AS1,SH3PXD2B,SLC20A1-DT,SLITRK1,SOX17,ST6GAL1,TCTN2,TLE4,TOMM7,TRIB2,TUSC3,TYRP1,UACA,USP43,VLDLR,ZNF728
1151	ARAP2,ATP5F1C,BLVRA,BTBD3,C14orf180,C9orf72,CNOT2,COL13A1,DAAM2,DGKB,ECRG4,ELMOD1,ENSG00000197991,ENSG00000287335,ETV1,FAM241A,FAM98A,FEM1C,FRMD4A,GP6-AS1,GRIK2,GSC,IFNAR1,LINC00658,LINC01060,LINC02218,LINC02641,LINC02884,MBD3,MDFIC,NEDD9,PADI4,PLCB1,PNLIPRP3,POM121L12,POU3F3,PRKCA,PRL,RAP2B,SLC19A1,SLC39A10,TFEB,TMEM260,TMPO,TNR,WAC,ZCCHC2,ZNF266,ZNF737
1152	ADGRL3,AHR,ARID1B,BANP,CDH13,CELF2,CLDN16,CNTNAP5,COBL,COMT,CPQ,CTH,DLC1,DYSF,EDIL3,ENSG00000267774,ENSG00000277763,EPHA7,ERCC4,FAM110B,FDFT1,FLYWCH1,FMO4,FRMD3,FUT8,GLP2R,GPAM,GPR12,GRIA1,IQSEC1,KAZN,LAMA5,NCKAP5,PRKG1,RGS7,RXRA,SLC12A2,SLC25A48,SMAD5,ST18,SUN5,TBC1D14,TENM4,TFCP2L1,THSD7B,TMPRSS15,UNC5CL,WWOX,ZBTB7C
1153	ADGRL3,CCDC168,CHL1,CNTN5,COL11A1,COMMD1,COPS8,CPEB2,CSMD3,DAOA,DGLUCY,DPF3,ENSG00000283563,ERICH6B,FLI1,GARS1,GRXCR1,HEMK2,HNF1B,IL1R1,IRX2,MAX,MCPH1,MEPE,MINDY4,MYOF,NUBP1,NUDCD3,OR51L1,PDK4,PRKCA,PRKN,PRR5L,RNF144A,RPS6KA5,SCARB1,SEMA5A,SLC2A14,SLC7A11-AS1,SPRY2,SULF2,SUSD1,TASP1,TDO2,TIMM21,TRIL,VEGFC,ZBTB38
1154	ADRA1B,ALCAM,B3GAT2,BLOC1S5,CHRM3,DPP6,EEF1E1,ENSG00000232063,ENSG00000285566,FAM167A,FAM20A,FAT1,FRMD6,FSIP1,FSTL5,GADD45G,GALNTL6,GDF3,GOLGA6L6,GUCY1A2,HS3ST3A1,IFNE,LPIN1,LRRC4C,LYAR,MAD2L1,MAP2,MARCHF1,MFF,MMP2,MUC16,MYCT1,NAALADL2,NEDD9,NFIB,NRN1,PAPPA,PDE5A,PPP1R14C,SEPTIN9,SGPL1,SORBS1,STIM2,STMN2,TENM3,TLE4,UBAC2,ULK4,UTS2B
1155	ACAD11,ACCSL,ACIN1,ADRB1,AHI1,ARHGAP25,ARHGAP31,BUD13,CDO1,CFAP276,CHORDC1,CNOT4,CTSC,CYP11B1,CYRIA,DPP6,ENSG00000287189,ENSG00000287306,ETV1,FGFR3,FRAS1,IRX1,KLF4,LINC01252,LTA4H,MCPH1,MRPL39,MTHFS,NCKAP5,NDUFA12,OSBPL3,PPM1H,PRDM6,PTPRS,RBMS3,RGS6,RNF144B,SCYGR1,SEMA4D,SLC16A13,ST6GAL2,SYNE3,TEX29,TMEM130,TMEM132B,TRPC3,TTC7B,YJU2B,ZMAT4
1156	ACADSB,ACAN,ADGRL4,APOB,BCAS1,BMP2,C6orf118,CALML3,CNTNAP2,COL28A1,CPA6,CTDP1,CYLC2,ENSG00000234626,ENSG00000251488,ENSG00000287888,ETV1,FBXO25,GALNT13,GPC5,GPR26,GREM2,GUCY1A2,ING2,INPP5D,IRAK3,MCPH1,METTL4,MN1,MYC,NACC1,OCA2,PCDH1,PCDH7,PITX2,SCYL3,SLC10A2,SLC39A10,SLCO1B3,SLITRK6,SMOC2,SUCLG1,SYNDIG1,TACC1,TPRG1,UGT2B4,ZNF610
1157	ACSL3,ADAM29,AGBL1,AIRIM,ANAPC4,APOL3,BOD1L1,C16orf95,CBLN2,CDH18,CNBD1,CORIN,COTL1,CPA6,CPXM2,CUL1,DCHS2-AS1,DNM3,ENSG00000237378,ENSG00000272839,FTO,FYB2,GDAP1,HAPSTR1,HDGFL2,IGFBP7,KCNAB1,LOXL2-AS1,MCPH1,MTPAP,NUGGC,P2RX6,PLD5,POMT2,RASSF10,RBMS3,RGS2-AS1,RNF144B,RNF20,RYR2,STUM,STX16,TMEM230,TMPRSS11D,TUT7,TYRP1,USP25,WDR27,ZNF98
1158	ACSM1,ARSJ,ATP6V0E2,B4GALNT3,CASZ1,CCDC59,CCSER1,CDH9,CDHR3,CLDN24,CLYBL,COMMD6,CPNE8,CTNNA3,DLG2,ENSG00000197991,ENSG00000234818,EPHA6,EYS,FAM50B,FCRL5,FOXK1,GC,INSIG1,KCNAB1,KCNK9,KIDINS220,MFGE8,MSI2,MTHFS,NAT1,NCAM2,NCKAP5,NRN1,NXPH1,PSD3,PYROXD1,RMDN1,RNF32-DT,RTTN,SH3GL2,SLC13A1,SYNDIG1,TJP1,TMTC1,TPST2,WRN,WWC1
1159	ABCB5,ANTXRL,ARHGAP18,ARL4A,BICC1,BUD13,CACNB4,CADM2,CLVS1,CMTM7,CSMD1,DOCK10,DPYS,ENSG00000206356,ENSG00000285784,ENSG00000289495,EVC2,FAH,FAR2,FHAD1,GC,GRM7,HDGFL1,HSPA12A,KCNK9,KCNQ1,KIF25-AS1,LDLRAD4,LHX5,LINGO2,LRTM1,LTBP1,MGAT5B,MSI2,MUC7,NRXN3,PALM2AKAP2,PDE10A,PLPPR5,POSTN,RPL10L,SCYGR5,SLC39A11,ST6GAL1,SULF1,TBC1D7,TNKS,TUBA3C,ZHX2
1160	AADAT,AGAP1,C12orf50,C14orf132,CELF2,CELF2-DT,CNTN5,CPEB4,CTBP2,ELAVL2,FAM98A,FAT3,FGD4,GALNTL6,GATA3,GCC2,GP2,GRM7,HDAC4,HDGFL1,HHIP,HS3ST1,IFFO2,IL17D,JPH4,KIR2DL3,LINGO2,MYOM2,NAGK,OGFRL1,PARD3B,PDE5A,RASSF8-AS1,RORB,SALL3,SEMA3D,SGCZ,SH3PXD2B,SIGLEC10,SNCA,STT3B,SYBU,TCERG1L,TENM3,TENM4,TLE3,TM4SF4,TMEM132D,TTR
1161	ABCC4,ADGRE2,AKAP19,ALPK2,ARHGAP28,ARL4C,BCKDHB,BLID,C5orf15,CRIM1,CTNND2,DMRTA1,ENSG00000267364,EVC,FGF14,GBE1,GJA1,IGF2BP2,KLHL5,LRATD1,LRFN5,LRRC7,MRPL28,MTMR7,MTUS1,NPAS3,NPS,OLA1,PARVA,PCDH15,PLA2G4A,PPM1H,PRKCB,PTPN14,PTPRD,RFPL4B,SAMSN1,SCUBE1,SGCZ,SLC7A5,SLC7A7,SLITRK3,SMPD4,TBX19,TMEM132C,TRIML2,ULK4,UNC5CL,USP22
1162	APOC2,ARRDC4,ASAH2,ASTN1,C4orf50,CARD11,CGNL1,CYLC2,DNAJC6,ENSG00000288017,FSTL5,GALR1,H3Y1,IPCEF1,KLHDC8A,LAMA2,LINC00662,LINC02050,LINGO2,LYPD3,LYSMD4,MCPH1,MCTP2,MSRA,NPY,NSUN3,NXN,PACRG,PARK7,PLCB1,PLSCR4,POTEC,PRICKLE2,PUS7,SGCZ,SOX9,ST6GAL2,STOX2,TACR3,TENM4,TF,THRB,TLE1,TNS3,TRHDE,UGT2B10,UGT2B7,ZNF281
1163	ABCA9,ABRACL,ACADSB,ADGRL3,ALPL,BET1,BPNT2,CARMIL1,CDKN2AIP,CDO1,CNTNAP5,COL22A1,DAB1,DCLK2,ENSG00000249290,EXT2,FGF1,FMN2,FOXI3,GRM7,GSE1,HSBP1,HTR1F,IGFBP7,INTS1,KAZN,KCNT2,LRP1B,LRRC3B,MC4R,MCPH1,NAALADL2,NCAM2,NOCT,NXPH1,PLD5,RAB28,RGS17,SERPINA12,SLC66A2,STEAP1B,TFAP4,THBS2,TMEM63C,TNS1,TRPV3,ZBTB16,ZNF728
1164	ADGRL1,ASB13,BANK1,C1QTNF9,CALN1,CCER2,CDC14C,CDH6,CNTNAP4,CPNE4,EIF2A,EIF5,ENSG00000286625,ERCC6L2,FREM1,FSCB,GABRG2,GABRG3,GRM7,GSTA4,INPP4B,IRX2,ITGB7,KLF13,LINC01606,LINC02790,LRP1B,MANEA,MGMT,NCAM2,PCP4,PIK3C3,POM121L12,PTPRD,RDH14,RIOK2,SEC11C,SEL1L,SEMA6D,SFMBT2,SLC9A8,SP110,TECRL,TRHDE,TRMT44,VAT1L,VSTM5,XPO6,ZNF385D
1165	ABR,ADGRE1,ALCAM,ANKRD30A,AP1M1,CACNA2D1,CCDC54,CD83,CDH6,CHST11,CHST6,CLDN24,CNTN4,DPF3,ELP1,ENOSF1,ENSG00000285218,ENTPD6,FMNL2,FZD8,GALC,GBE1,GDI2,ID2,KDM4C,KIF26B,LINC00667,LPP,LRATD2,MARCHF1,MDFI,MGMT,MTHFS,MYT1L,NPIPB3,PARP15,PCDH17,POGK,PPA1,PRDM9,RFX3,RIMBP2,SLC10A2,SP140L,STK24,TENM4,TMEM114,TMEM174,TPP2
1166	ABCA1,AJAP1,ARL5B,ARPP21,ATP10A,ATP2B2,BLOC1S4,BRINP3,CDH10,CDH9,CDYL2,CITED4,CLEC2D,CNTN5,CNTNAP5,DEGS2,ENSG00000288698,GMDS-DT,GRM7,HLA-DQA2,HNRNPU,HS6ST1,KLF13,LECT2,LINC02185,LPIN1,LRCH1,LRP1B,NETO1,NOVA1,PCDH10-DT,PDE4B,PEBP4,PMP22,PTPDC1,RPS14,SERTAD2,SGCZ,SLC36A2,STPG2,SYNDIG1,THSD7A,TLE1,TMEM132D,TMEM200A,TMEM260,TRBV11-2,ZNF516,ZNF804B
1167	ADAMTS2,ALDH7A1,ARHGEF3,BTBD3,BTF3,CDH13,CPAP,DAOA,DCC,DOCK4,DSC3,DYNLT1,EBF3,EIF5A2,ENSG00000287725,ENSG00000289710,EPHA8,FAM81B,FGF18,FOXN2,GABBR2,GAS7,GATA5,JHY,LRFN5,LRRC42,NAT2,PDE6C,PIP5K1B,PKN2,PRR16,PRSS23,PTPN21,PTPN6,PVT1,RASSF8-AS1,RBFOX1,RIPK4,RNF32-DT,SDHAF3,SLA,SLC22A10,SLC25A18,SORBS1,TBX20,TENM3,THADA,TMEM192,UGT2B4
1168	ADGRL2,ALCAM,API5,BAMBI,BANF2,BOD1L1,BRINP3,CACNA1C,CCSER1,DPP6,DSCAS,EPHA7,FBXL7,FDX1,FHOD3,FSHB,FSTL5,HGFAC,IRX2,JHY,LINC00871,LIPC,MGST2,MICAL2,NALF1,NCAM2,NRN1,PLGRKT,PNPLA3,POU2AF1,PRKCA,PRR5-ARHGAP8,QKI,RGS7,RUNX1,SGCD,SGCG,SGO1,SOX2,SPDYE21,STT3A,TACR3,TENT5A,TXN,TXNRD2,WEE2-AS1,ZFYVE28,ZNF804B
1169	ADGRB3,AFAP1,AREG,ATP8A2,BLOC1S5,CACNA1A,CCSER1,CELF5,DCC,DCHS2,DGKI,DOCK1,DRD1,DSEL,ENSG00000229203,ENSG00000283809,EYS,FGF14,HSP90B1,IMMP2L,IQGAP2,KCNJ16,KIAA1549,LARGE1,LRATD2,MED13L,MYO1B,NCKAP5,NEGR1,NKX3-1,NPBWR1,NRXN1,PHOSPHO2,PIK3C3,PIK3R4,RASSF2,SDK2,SGCZ,SHH,SIPA1L2,SPOCK3,SPTLC3,TAF1C,TBC1D32,TMPRSS15,TSN,ZMYND12,ZNF385D
1170	ABAT,ADGRB3,AKR1E2,APBB2,ARRDC4,ATCAY,ATP6V0E2,BDKRB2,C4orf33,C6orf118,CNTN3,CNTN6,CYP7B1,DCDC2C,ENSG00000287117,ERCC6L2-AS1,ETV1,FEZF1,GIP,GLIS3,GNRH2,GRIN2A,KCNJ18,LRRC7,MCPH1,ME3,MIR646HG,MPI,NAPG,NOS1,NRXN1,PCDH7,PELI2,PMP22,PTPRG,RAB11FIP2,RAPGEF5,RASSF9,RDH13,RIT2,SLC15A1,SLC2A14,SLITRK5,SLITRK6,TMTC1,UBR3,UNCX,VEGFC,XKR4
1171	ABCF3,ACP3,ARID1B,ARMH4,ATL2,AVPR1B,BDKRB2,CAVIN3,CDH12,CEMIP2,CFAP43,CNTNAP5,ENSG00000287464,ENSG00000287544,ETFRF1,ETV1,FAM135B,FTO,FZD7,GCNT2,GRB10,HIVEP1,IFI27,KRR1,MCPH1,MRPL42,MSX1,MYOC,NAV3,NEDD1,NEIL3,NLRC5,NPBWR1,NRXN1,OR10G2,OSBPL10,PLA2G4A,POLM,PRDM16,PROK2,PTPRT,RNF182,SESTD1,SPCS3,SSU72L5,STON2,TCERG1L,TNP1
1172	ADAMTS12,AGBL1,ANKRD50,CMPK1,CRADD,DENND2A,DNAH5,EFHB,ENPEP,ENSG00000282142,ENSG00000287939,FAM120AOS,FBXW7,FEZ2,FGGY,GAS2,HEATR3,HLA-DQB2,IMPG2,KLHL29,LHX5,LINC01331,LRRC4C,LRRIQ3,LRRTM4,MACROD2,MGMT,NCAM2,NETO1,NLRP3,PCDH15,PDE5A,PDYN,PRKCB,PWRN1,RAP1GAP2,RBFOX1,RUNX3,SERPINB8,SLIT2,SOCS6,SPAG17,TFAP2A,TNS3,TPCN2,UST,VPS13C,VWC2
1173	ADAMTS16-DT,ADAMTS5,AMY1C,ANGPT1,CADM2,CCDC122,CCSER1,CDH13,CDHR3,DAOA,DICER1,DOCK2,EFCAB3,ENSG00000285566,FAM107B,FGGY,FSIP2,FTMT,GJB6,GNG5,GPC6,H3Y1,HIC2,IGSF5,KCNJ1,KLHL1,LDLRAD3,LINGO2,LMBR1,MAF,MANSC1,METTL5,MLPH,OPRM1,PCDH18,PNLIPRP3,PPFIBP2,PTPN7,PTPRM,RGS7,RNF32,SCUBE2,SNHG17,SRC,SRL,SVIL,SYNE3
1174	AMPD3,ARHGEF4,BSG,C1orf94,CAPN11,CATSPERE,CDH9,CLMN,CNTNAP2,DCAF13,DKK2,DNAJB6,ENSG00000224138,ENSG00000286922,F11,FAM184A,FAM90A26,FARP1,GLRX,GP2,GRM7,IRS1,ITGBL1,KATNAL1,KCNK9,KDM4B,KPNA4,LINC00592,LRP1B,LRRC7,MYC,MYLIP,NCAM2,NCKAP1,NECTIN3,NEK2,NMBR,NUP35,PRKCE,REG3A,SERPINF1,TFAP2A,TFCP2L1,TGM3,THSD7B,YKT6,ZNF330,ZWINT
1175	AADACL2,ADAM29,ADAMTS5,ATP8A1,ATXN1,BMPR1B,C16orf82,C6orf118,CCDC167,CDH12,CLIC5,CNTNAP2,DAOA,ENSG00000286260,EPHA5,FRMD4B,GADD45A,GLRX3,IFTAP,IRX2,ISM1,KCNT2,KLF13,KLHL1,LINC00348,LINGO2,LIPC-AS1,LMCD1,MARCHF1,NAP1L4,NPSR1,NRDE2,OTOP1,PDGFA,PKIA,PPDPFL,PPIC-AS1,PRKCE,PTP4A3,RBMS3,RGMA,RGMB,SLC16A7,SPACA1,TBX18,TMEM108,TRIM35,USP25,YBX3
1176	ADCY9,ANKRD28,ANXA6,ARHGAP22,ATP11A,BCL11B,CBLN2,CD83,CNTNAP2,CRIM1,EFNB2,FAM72A,FRMD4B,FUZ,HECW1,HMMR,KCNK9,KDELR2,KRT77,LINC00620,LINC00937,LRP1B,MRPL39,MSX2,MTDH,NAALADL2,NELL1,NOX3,NR2F2,NTM,NXPH1,OCA2,PALM2AKAP2,PRAMEF20,RAB28,RARB,RFX3,RYR3,SFRP2,SLC39A10,SLC6A11,TBC1D13,TLN2,TMPRSS15,TUSC1,ULK4,VOPP1,WDR5
1177	AARD,ABAT,ANTXR1,APOL4,ATP8A2,BSND,CDH18,CDH9,CNTN4,CREB3L3,DAOA,EFHB,EGFLAM,EVC2,FAM98A,GREM2,GZMB,HS1BP3,HSD17B4,HTR2A,IPMK,ISG20,KIAA0825,KIN,MRPS18C,NOVA1,PDZRN3,PROK1,PSMD2,PTMA,PTPDC1,PXYLP1,RBFOX1,ROBO3,RYR3,SACS,SCN3B,SEMA5A,SGCD,SIX2,SLC67A1,SLCO3A1,STAC,TYRP1,TYW1B,UNC13C,UQCRFS1,YAP1,ZFAT
1178	ANTXR1,B4GALT5,BANF2,BASP1,BMF,BZW2,CA4,CDYL,CLYBL,CPE,CPN1,CTNNA3,DNAH11,EIF5A,ENSG00000269825,FOSL2,GALNTL6,ICA1,INSR,KAZN,KIF4B,KIF6,LINC01721,LRRC7,MDH2,PAX7,PINX1,PRKCE,PTPRD,RAPGEF2,RBM19,RESF1,RNF32,RSL24D1,SCFD1,SFXN4,SH3BP4,SH3RF3,SLC39A10,SNRPD2,SNX7,SOX17,TMED3,TMEFF2,TRIB2,TRIQK,UBXN10,ZNF726
1179	AOX1,ARHGEF28,ATP10A,CCER1,CECR2,CNTN5,CPEB4,CST8,CXCL8,DNMT3L,ELAC2,ENSG00000235979,ENSG00000263105,FECH,FHDC1,FLRT2,FMN2,GPR78,HS3ST4,KCNK10,LRFN5,LY6E-DT,MN1,MTUS2,NFATC2,PARM1,PCDH9,PINX1,PIRT,PLOD2,PPARA,PSAT1,PTH2R,PTPRU,QKI,RBMS3,RIN2,RNF19A,RNF32,RPL6,S1PR3,ST8SIA4,STIM2,TAFA5,TINAG,UBA6,YIPF1,ZNF133
1180	ACTB,AIFM3,AMY1C,ARHGAP26,C2CD4A,CACNA2D1,CDH26,CDK8,COL15A1,CRISPLD1,DMAC2L,ENSG00000288520,FAH,FEZ2,FOXG1,FRMD4A,GLIS3,GORAB,GUCY1A1,HGF,IGFBP3,IRS2,JAKMIP1,KIAA0753,LDLRAD3,LRP1,MAP2K2,NDN,NOCT,PBX1,PHGDH,PITX2,PLPP7,PRKG1,RFPL3S,RNASEH1-DT,ROBO2,RORA,RP1,SLC6A5,SLCO1B3,SNAP25,SOX9,STOX2,TBC1D1,TBC1D32,ZBED11
1181	ACADM,AK4,ANK2,ARHGEF28,BCL11B,CACNA2D1,CCDC3,COL4A1,COX10,CYP4F3,DAPK1,DPPA4,DSC3,ENSG00000284600,EPB41L4A,FAM181B,FOXD4L5,GCNT3,GRM7,HELT,HLA-DRB5,IL2RA,KAT2B,KCNT2,LDHA,LINC01839,LINC01915,MAP3K20,MTRR,NCAM2,PBX1,PDGFC,PI4KA,PODXL,PRKCE,RAMP3,RBAK,RBFOX1,RNASE6,SEMA3E,SH2D6,SLC25A44,SLC9A2,SUCLG1,SYK,TSNARE1,TUSC3,UGT2B15,ZNF622
1182	ADGRB3,ATF7IP,C1D,CARS2,CASP1,CDC37L1-DT,CSMD1,CYRIA,DCC,DHX35,DLX4,EN1,FNDC3B,FSTL4,GRIP1,HLX,IGFBP7,KALRN,KCNT2,LHX9,MACROD2,MOGAT1,NDST4,NQO2,NR2F2,PLA2G4A,PLCB1,PLCL2,PREX1,PRR16,PRUNE2,PTPRM,PZP,RALGAPA2,RFX3,SIPA1L2,SPRY2,SV2B,SYNPO2,THORLNC,TMEM18,TRPA1,TTLL7,USP24,USP43,VGLL3,WAC,XYLT1,ZNF429
1183	ADAMTS18,ADAMTS7,ADGRL2,AKR1E2,AOAH,BNIP3L,CAAP1,CEP128,CNTN5,CNTN6,COL22A1,CPEB2,DOCK10,EYS,F11-AS1,FAM107B,FRMD4A,FRMD6,HACE1,HS3ST1,ISYNA1,KCNG1,KRT10-AS1,LARS1,LINC00861,LINC01356,LRP1B,MAP3K21,MIR7-3HG,NOX3,PCDH9,PDIA4,PTPRD,RBFOX1,RRS1,SALL1,SEMA6A,SNX18,SPART,SPOCK1,TBX5,TCL1A,TEKT5,TFCP2L1,TMEM132B,TYR,VLDLR,ZNF525,ZNF639
1184	ARHGAP42,ATF7IP,CAPN8,CD1A,CENPC,CHRM3,CNTNAP5,COX10-DT,EDN3,ENSG00000254086,ENSG00000273734,ENSG00000286856,EYA2,FAM181B,FAT4,FHIT,G3BP1,GALNT17,GCFC2,GLRX3,GTF3A,HDGFL1,ICE1,IPO5,IVNS1ABP,KCNJ5,LINGO2,LTBP1,MRPL39,NEIL3,NTM,PABPC4L,PAX7,POTEB2,RBFOX1,RIMBP2,SEMA4D,SMAD4,SPATA3,STK24,TBC1D32,TFCP2L1,TOX,TUSC1,UNC5D,VGLL3,VPS13C,ZDHHC4,ZFAT
1185	ADARB2,ATE1,BCKDHB,BPHL,CDC14C,CDH9,CDYL2,CHRNA7,CNTN5,CPNE4,CRY1,DSP,ELOVL6,ENSG00000241679,ENSG00000251410,ENSG00000254277,ENSG00000282142,ETV1,GLI2,GP2,GRIK4,GRM7,HMGN1,HS6ST3,INSIG1,LARGE1,LCMT1,LINC00507,LINC01115,LRFN2,MGAT5B,MSR1,MYO10,PIK3AP1,PMM2,PRKCE,PRSS23,RALYL,RAP1GAP2,RBBP8,RYR3,SERPINA10,SERPINB6,SLC16A7,SLC39A11,TGFBR3,TM2D1,UST,ZPLD1
1186	AGA,CADM1,CCSER1,CDYL,CHST9,CNTN4,CNTN5,CTSO,DGKB,EFNA5,ENSG00000285664,ENSG00000286591,EYS,FAM135B,FDFT1,FMN2,FOXA2,FUZ,GFRA2,GLIS3,GPBP1,HDAC4,IGHMBP2,KIRREL3,LHFPL3,LINC01341,LINC02359,LSM14A,MTHFD1L,NCAM2,NPS,POM121L12,RARB,RPL34,SDK1,SEL1L,SHANK2,SLC2A1,SLITRK5,SNTB1,SORCS1,TBX15,TMEFF2,TMEM132B,TNS3,TOMM7,VSTM2B,ZNF385D
1187	ABTB2,ADAMTS12,ADGRB3,AGBL1,ANGPTL3,APBB1IP,B3GALT1,BLZF1,BTBD3,CD83,CST2,DAAM2,DNAH5,DUSP4,EML1,ENSG00000278740,FHIT,FIGN,FSHB,FSTL5,GRM8,HDAC4,KCNMB2,KLHL24,LONRF1,MAGI1,MINDY3,NRIP1,OTUD7A,PABPC1,PAX9,PLA2G5,POTEC,PPARGC1A,PROSER1,PTPRD,SCAF4,SCN7A,SLC35G4,SLC4A3,SLIT1,STIM2,TCERG1L,TFAP2A,TLE1,TMEM132B,WARS1,ZFAT
1188	ABCA9,ADGRL3,ANO3,ANTXR1,APOD,ARHGEF28,ATP2B2,BMP2,CA10,CAP2,CDH11,CMPK2,CRYBB2,DCC,DGKG,DOCK10,ENSG00000256258,ENSG00000288529,EPHA6,FBXO33,GGH,GOLGA5,ITGB8,KCNAB2,LINC02325,LINC02718,LRRC74B,MCPH1,MDGA2,ME2,MRPL39,NCAM2,NXPH1,PCDH7,POU2AF2,PRKCE,PTPRD,RASGRP3,SLC23A2,SLC4A3,SLC7A11,SOX4,SPRY2,TINAGL1,TRHDE,ULBP3,WDR11,ZNF215
1189	ADAMTS18,ADGRG1,ARHGEF3,ATP8A1,BCL11B,C1orf141,CCDC179,CHPT1,CPEB2,CTNNA3,CYLC2,DGKB,DRC8,DYNLRB2,DZIP1L,EFNB2,ENSG00000237378,ENSG00000283674,ENSG00000285471,ENSG00000285534,FARP1,FES,IYD,KCNK16,NCAM2,NFIL3,NPY,NUP210,OLFM4,OR4E1,PACRG,PCDH7,PDE10A,PIK3C3,SCO1,SHH,SLC16A4,SLC9D1,SLIT3,STK32B,STON1-GTF2A1L,TC2N,TENM2,TMEM132B,TMEM135,TPI1,USP20
1190	ADGRL2,AJAP1,ALK,CDH13,CDH2,CNTNAP2,COL4A4,CPEB2,CSMD1,CSMD2,DDX49,DEFA5,ENSG00000232153,ENSG00000285218,EPHA4,EPHA5,EPHA6,FRMD3,GFRA2,GPR12,GPR31,ITGA4,KHDRBS3,KLHDC7A,LINC02315,LOXL3,MINAR1,MORN1,MRM1,MRPL39,MTUS2,MYO16,PCDH7,PRKCE,PTGR3,RALBP1,SEC16B,SHISA9,SLC35F3,SORCS2,SPIN1,STAB2,STXBP6,SUMF1,SUSD1,TRPM3,UGT2B7,ZPLD1
1191	ANXA2,ASB3,ATP11A,CCDC102B,CCDC110,CDH9,CLRN3,COMT,CORO2B,DET1,DNTTIP2,EDEM1,EIF2AK3,ELMOD1,ENSG00000242588,ENSG00000267320,ETV6,FAM240B,FEM1C,FMOD,IGFBP7,IL22RA2,INTS10,KCNQ1,LRATD1,LYPD6B,MACROD2,MCF2L,MFSD2A,NDUFC1,NTRK3,OR4K3,OTUD7A,PDE10A,PDE4B,PLPPR3,PRKG2,PTPRU,RAB31,RNF220,SDC1,SGCZ,SNTN,SP140L,SRBD1,TACR1,TSNARE1,ZNF528,ZPLD1
1192	ABTB3,ADCYAP1,AGA,ALDH1L2,ASS1,AUTS2,BEND3,CACNA1A,CAPZB,CELF2,COL18A1,COL6A5,CPB1,DGKB,DPPA4,ELOVL6,ENSG00000278730,ENTPD1-AS1,EPHB3,ESRRB,EYS,FAM216B,FAM98A,GCC2,GIGYF2,HOPX,HS3ST3B1,IPMK,LARGE-AS1,LINC02375,LMBRD1,LYZL2,MACC1,MRM1,MTMR7,MTPAP,NAT1,NAV1,NUDT12,PLOD2,PTH2R,REV3L,SGCZ,SLC10A2,STAM,STPG2,SYBU,SYK,TEX9
1193	ABAT,ANO1,ANTXR2,B3GLCT,C19orf12,C6orf132,CDH18,CDH9,CFAP54,CHRM2,CISD1,EGFLAM,EHF,ENSG00000224376,ERC1,FAM131C,FBXO21,FTCDNL1,GCNT1,GRIA1,GRIK2,GSTT2B,GULP1,HTR1B,ITGB1BP1,JARID2,LINC02975,LMX1A,MRM1,MSR1,NAT2,NUAK1,PCDH15,PLAC8,PLEKHM1P1,PNLIPRP3,POM121L12,PPP3CA,PXDN,SAMSN1,SCN1A-AS1,SEMA6A,SLC9A9,TBC1D4,TBL1XR1,TMEM132C,UTRN,XRCC5
1194	AGA,ASB13,ATE1,ATPSCKMT,C16orf95,CD163,CELF2,CEP170,COL22A1,DYNC2H1,FAM114A1,FAM241B,FRAS1,GAS5,GLE1,GXYLT1,HDHD2,INPP4B,IZUMO3,JRKL,KCNQ3,KIF3C,LARP1,LONRF1,LPP,MAP2K2,MISFA,NALF1,NEK10,NMUR2,PID1,PPP3CA,PRMT6,PRR20A,RBFOX3,RGMA,SALL3,SERPINB8,SH3PXD2B,SLC7A8,SNX19,SOX11,SPRY4,TMPRSS15,TRPC6,TYRP1,ZMIZ1
1195	ARL4A,ASAP1,BCKDHB,BCL2,C16orf82,CACNA2D1,CCSAP,CNTNAP5,CPSF2,CYP4B1,DMRTA1,ENOSF1,FAM98A,FLI1,GCM1,GNPDA2,GRM7,IER3,IGHMBP2,IMPG1,IRF2BP2,KCNS3,LINC02562,LINGO2,MBL2,MTRR,NEU4,NTN1,PADI6,PALM2AKAP2,PTGIS,PTPRD,RNASEH2B,RPS6KA2,SGK1,SLC25A26,SLC2A9-AS1,SLIT2,SSTR4,TCERG1L,TCF3,TRIM5,UNC5B,UNC5CL,WDR27,WDR64,XXYLT1,ZMAT4,ZNF468
1196	ABCA8,ABR,ACO1,AGL,AKR1E2,BCL11B,BRDT,CDC7,CDH13,CHST10,CITED4,EPHB1,ERCC4,FAM162B,FCRL6,GALNT8,GLIS3,GLRX3,HS3ST3A1,IFT46,IGFBP7,INHBA,KAZN,LDLRAD4,LRRC61,MED30,NIPAL2,NSUN2,NXPH1,OBSL1,OCA2,PCDH18,PLCB1,RSU1,SEMA3C,SEMA6B,SH3BP5,SLC39A11,SPATA31A3,TDO2,TENM2,TENM3,TMEM132B,TSPAN13,VLDLR,VPS26A,WIPI1,WWOX,ZNF85
1197	ALDH1A2,ARAP2,ARHGAP24,AZIN1,CALN1,CCDC50,CCDC54,CCDC7,CCNG1,CNPY1,CRIM1,CSGALNACT1,CSMD1,EFNB2,ENSG00000233974,ENSG00000234626,EPHA5,ESR1,FAT4,GOLGA8N,GPR55,IGFBP7,KCNIP4,KLHL1,LHB,LINC00395,LMF1,MRO,NCOR2,NECTIN3,NFATC2,OLFM3,OPN3,PID1,PIK3C3,PRICKLE2,RAP2B,RGPD2,RIBC2,RNF144B,SEC14L1,SGCZ,SORCS1,TSHZ2,TTLL2,WFS1,YWHAZ,ZEB2,ZNF169
1198	ADGRL3,ARHGEF28,ASS1,BRMS1L,C19orf47,CDH13-AS2,CLDN14,CLTCL1,CTNND2,CYFIP1,CYP4F12,DOK6,DSC3,ENSG00000226454,ENSG00000285471,ENSG00000286971,ENSG00000287578,ERMARD,FAM98A,FETUB,GALNT18,GPC6,GPR39,GUCY1A1,ISG20,KCNJ6,KCNT2,KLF13,LACRT,LARGE1,LINC00571,MFN1,MTUS2,MYO16,NHIP,PDE5A,PIGT,PRL,PTH,SENP6,SLC24A2,SLITRK5,SNX18,SPHKAP,TCF7L1,TNFAIP8,TTLL2,VSX1,ZNF124
1199	ABAT,ANGPT2,CARTPT,CD83,CDC73,CDH11,CDH13,CRBN,CSMD1,CTRL,ENGASE,ESR1,F11,FAM135B,FBXO15,FGF9,GMDS,GMDS-DT,LRFN2,METTL4,MICAL2,MND1,MPC1,NMU,NRXN1,PARD3,PMP22,POLI,POM121L12,POU3F3,PRKG1,PROKR2,PTK2,RSPO4,RUFY4,SMOC1,SOX17,SPG7,STAT1,TBC1D15,TFRC,TMEM196,TTC27,TTC7B,UBE2E2,WWOX,ZEB2,ZNF608
1200	ACO1,ACP1,ANO6,CALM2,CAPS2-AS1,CLCC1,CNTN4,CNTN5,CREB5,CSMD1,CSN2,CTNNA2,DIDO1,DPRX,DYRK1A,EMX2,EPSTI1,EYS,FTMT,GOLGA5,KCNMB2,LHPP,LRATD2,MAF,ME1,MN1,MNMIP1,NDST1,NELL1,NPAP1,NRN1,OPA3,PABPC4L,POTEC,PRKCB,PSD3,RALGAPA2,RBM46,RYBP,SERPINB8,SHISA9,SPHKAP,SPNS3,TACR2,TBC1D9,TH,TMTC2,TPBGL,ZBTB10
1201	A4GALT,ABCC4,ACTR3B,BCL2L14,BICD1,C18orf63,C1GALT1,CARD8-AS1,CBLB,CDH18,CMPK2,CNTN5,CTNNA2,CXADR,DPP6,ENOX1,ENSG00000224239,ENSG00000229321,GRXCR1,IFTAP,ITGB1BP1,KCNH5,LAMA2,LINC00700,LINC02981,LNPK,LSG1,LY6H,MBD5,MCPH1-DT,MECOM,NYAP2,PBX1,POLE4,POLR1E,PTPRT,RFPL3,RGS7,SAA2,SGCZ,SLF1,TACC2,TMX4,TSHZ2,TTLL11,ZBTB16,ZC3HAV1,ZP4,ZPLD1
1202	ACO1,ADAMTS12,AIFM2,ARAP2,C3orf85,CCK,CDH26,CNTNAP2,CSGALNACT1,CYRIB,DSC3,DTWD2,ENSG00000237378,EPCAM,EPHX2,FAM120AOS,FAXC,FLYWCH1,GABRB1,GASK1B,GPM6A,GRM7,GSAP,IRF8,KCNE4,MFHAS1,MPHOSPH6,NCAM1,NR2F2,NRSN1,POM121L12,PREX2,PROK2,PSG4,PWRN1,RAB28,SASH1,SPAG6,STIM2,TJP1,TMEM14B,TOP3B,TOX3,USP36,XCL2,ZFAT,ZHX2,ZNF677,ZNF705B
1203	ABHD5,ACAN,ANO6,AQP3,AUTS2,BCAT1,CDH9,EFHD2-AS1,ENSG00000227101,ENSG00000288088,EYA2,FAM180A,FLRT2,FMN2,GPATCH2,GRIA1,HACD2,HECW1,IRX2,IRX6,KCNQ5,MCTP2,MEG8,MRPL15,MYH8,NBAS,NCAM2,NLRC5,PADI1,PCDH7,PCSK5,PITRM1,PLA2G4A,PRDM6,PRLR,PROK1,PROKR2,RARB,RHOU,SALL4,SLC25A37,SOX9,SYNPR,TMEM132B,TOX,TSHZ2,ULK4,ZNF608
1204	ACADM,ACTB,ACTR3B,ADRA1B,ANKRD30BL,ARAP2,BID,CAMTA1,CCDC85A,CFAP77,CLEC3A,CPXM2,DOK6,DRAM1,EFEMP1,ENSG00000259164,ENSG00000259668,ERCC4,ESM1,FAT4,GJA1,GNAI1,GPAM,GPC5,GRM4,ICOSLG,IGFBP3,IRX5,JRKL,KCTD8,LINC02856,LPIN1,MANEA,MAS1,METTL15,OSBPL2,PAK5,PAPPA,PTPRT,RB1CC1,RBFOX3,RORB,SMIM21,SOX11,THSD7A,THSD7B,TMEM132B,TRIQK,WWOX
1205	ABCC4,ABO,ANTXR1,AVPR1A,CACTIN,CCDC192,CCNG1,CDH9,CFAP52,CHD7,CHRM3,CHST11,CLIC5,CNTNAP2,CNTNAP5,DCDC2C,DDX60L,GCLC,GNG2,GPR156,HACD4,HBG2,HHIPL1,IGFBP7,LARGE1,LINC00987,LINC01088,LINC02885,LPP,METTL15,NDUFB1,PDE8B,PLXDC2,PRMT6,PRR27,RAX,RBM24,RPRM,S1PR1,SALL3,SFSWAP,SHQ1,SMARCA2,STK32A,TBX3,TMEFF2,USP29,ZNF143
1206	ACSM5,ACTR3B,ADGRB3,AHCYL2,AKAP7,ATP5PO,BARD1,BCL11B,CDH13,CHST8,CLNK,DLGAP1,EDEM1,EFR3A,EIF5A2,ENSG00000233735,FN1,FRMPD1,GRM8,GSTT2B,GUSBP11,HACE1,IGFBP7,IL2RA,KCNT2,LMOD1,LUZP2,MFGE8,MTRR,NAGK,NETO1,NRF1,ONECUT1,PACC1,PCDH7,PID1,PLEKHG1,PLOD2,PTPRD,SLC8A1,SMLR1,SMOX,SPATA3,SPOCK3,TGFA,TMEM132C,TMTC1,VAV1,VRK1
1207	ACO1,ACTR3B,ADGRL4,AKAP1-DT,AOAH,ATP10B,C1orf174,CDH13,CENPP,CNTNAP5,COL5A1,ENSG00000249341,ENSG00000287877,ENSG00000289439,ERBB4,GABRG3,GBE1,GRIK4,GUCY1A2,KCNK1,LDLRAD4,LINC00539,MC4R,METTL4,MTPN,NTPCR,NUDCD3,NXPH2,OTOP1,PARD3B,PTGDR2,RBM15-AS1,RNF152,SDK1,SLC6A6,SLCO1A2,STAT4,TENM4,TLL1,TMEM200A,TRIB1,TTC7B,TTLL2,TTYH3,UBE2W,UMAD1,VAV3,ZNF572,ZPLD1
1208	ADGRL3,ANKRD18A,APP,CBLB,CCDC3,CDKAL1,CIROZ,CORIN,COX4I1,DIRAS3,DNAH5,EIPR1,ENSG00000239920,ENSG00000286022,ENSG00000287877,FBXO25,GABRB3,GABRG3,GIMAP8,GRAMD1B,HIF1A,IL12B,ITGA3,JAK2,JRKL,KRAS,LARP1,LRATD1,LRFN2,LTA4H,MAGI1,MAN2A1,MGLL,NDUFAF6,NECTIN3,OR1J1,OXR1,PCED1B-AS1,PCM1,PCSK5,RASA3,SPHKAP,SULT1B1,TH,TMEM132C,TRIM5,ZEB2,ZFP42,ZNF385D
1209	ALDH1B1,ANKRD55,ARHGAP42,AUTS2,BCAS1,C1orf198,CCDC34,CCNJL,CPSF6,CTNNA2,DSCAML1,EIF3H,ENSG00000232006,ENSG00000236075,ENSG00000272970,ENSG00000287898,ENTREP2,ESRRB,FSTL3,GDF10,HS3ST1,JADE1,LETR1,LINC02241,LNPK,MARCHF1,MEGF11,NAALADL2,NXPH1,OPCML,PLOD2,PPP1R3B,PRODH,RARS2,RETN,RPL14,SALL3,SGCZ,SLC22A23,SLC38A10,SLC46A3,SOCS6,SORBS2,SPATA31C2,STYXL1,TMEM260,TTYH2,VAT1L,ZNF285
1210	AADAT,ADCY8,AHI1,ANKFN1,ARHGEF10L,CCBE1,CCDC171,CCDC74B,CMPK2,DISP1,DPP10,ENSG00000249926,ENSG00000285566,ENSG00000286481,ENSG00000286922,ETV7,FBXO25,FHIT,IGFBP7,IMPG2,IRX3,KDM4C,KIRREL3,MAP3K7,MARCHF1,MGAT5,MIR646HG,MLPH,NSUN3,NTN1,PCDH15,PHYH,PID1,PLEKHA5,PLPPR5,PLXDC1,PRSS12,RNF7,SAMD5,SAMSN1,SH3GL2,SMYD2,SNTG2,TLL1,TRPS1,TSPAN5,UGT1A6,ZBTB7C,ZDHHC7
1211	ADGRB3,ADGRD1,AGMAT,AHNAK,ARHGAP44,C14orf132,C1orf174,CHRDL2,CPVL,DTNBP1,EFEMP1,EFR3A,EN1,ENSG00000229116,ENSG00000255491,ENSG00000287428,ENSG00000289045,FGF14,FGFR2,GADD45G,GNG2,GRM7,HMCN2,HS6ST1,IGF1R,KCND3,KCNK1,LINGO2,LYZL2,MEIS1,MOB2,PIWIL4,PLGRKT,PLOD2,PRRC2C,PTPRG,RALGDS,RAP2A,RBP4,RESF1,RPH3A,SGCZ,SLC16A7,SLC45A2,SPOCK3,TUBA8,ZHX2,ZMAT4
1212	B3GALT1,C13orf42,C4orf33,CDH12,CDH26,CMKLR2,CNTN4,COL8A1,DERA,DNAH9,DPP6,ENSG00000229618,ENSG00000286818,EXOG,FAM135A,FLI1,GFM1,GSE1,HAPLN3,HPAT5,HS3ST1,IGSF21,IL4R,ISX,KCTD16,LRATD1,MGST1,NEK7,OPRM1,PARM1,PMM2,PPP1R12C,PRKG1,PYDC2,RASSF6,RGS16,RNF32,SLC6A3,SOX14,SPRY2,SSBP2,TAFA5,TLL1,UBE2E1,UMAD1,VMO1,ZMAT4
1213	ABHD4,ADAM29,APBB1IP,C10orf90,CCDC88A,CDH10,CNTN5,CUBN,DCHS2,DDIT4,DGKB,DNAJB9,ENSG00000257065,ETV1,FGF18,GATA3,GPAM,HHAT,HS3ST4,IRS2,KCNH5,KLF11,LINC01504,MARCHF1,MB21D2,MCFD2,MYO7A,NCAM2,NMBR,NTN4,OLFM3,OPA1,PARP11,PDE1C,RALGDS,RBFOX1,RCVRN,SI,SKA1,SLC35F1,TAFA5,TBC1D8,TGFBR2,TMEM132C,TMEM167A,TNRC18,UBE2E2
1214	APLF,ASPG,BORCS5,CDH13,CDH7,COL21A1,CPPED1,CSMD1,DAD1,DAP,ENPP1,ENSG00000263594,ENSG00000288075,EPHA7,ERVK13-1,FAM43B,FIGNL2,GALC,GCAT,GCK,GFRAL,JAG1,KAT14,KLF12,MARK3,MDFIC,METTL4,MTERF1,PARD6G,PCDH10-DT,PLEKHA5,PPP1R2,RAB12,RIN2,RIPOR3,RNF125,RTP4,RUNX1T1,SCG5,SLITRK5,SNCA,SVOPL,TGFB2,THBS2,TIMM21,TLN2,TTC32,ZIM2,ZNF516
1215	ABTB3,APOA5,AVEN,B4GALNT2,BID,C1orf87,C4orf50,C8orf34,CCDC186,CD109,CHST11,CNTN4,CNTNAP5,COBL,CXCR4,DHCR7,DSC3,EFR3A,EYA4,FAM78B,FGF1,GRIK4,GRM7,HAS2,HCLS1,HMHB1,HS3ST2,IGSF21,IPO8,KIAA1671,KLF12,MPHOSPH6,NDST4,OSCAR,PCDH7,PLD1,PRICKLE1,PTH2R,RDH13,RYBP,SALL1,SAXO5,SP4,SPRY2,TAAR1,TRERF1,VLDLR-AS1,XXYLT1,ZNF385D
1216	AFF1,AKAP13,ARGLU1,BATF,BNC2,CD44,CLEC4E,CLSTN2,CNKSR3,CNTN2,CTNNA3,DIPK2A,DLK1,ENSG00000229727,FHL5,GMPR,GPM6A,GTPBP10,HAND1,HAS2,HES1,HIBADH,HS3ST1,ICE1,IL20RB,KCNAB2,LTA4H,MAGI2,MMP26,MYSM1,NWD2,OTOL1,PIEZO2,PITRM1,PLAGL1,PRR20G,RBFOX1,RGS18,SGSM1,SNTB1,SOX11,STIM2,TEX29,THSD7A,XIRP2,XXYLT1,YPEL5,ZNF622,ZPLD1
1217	ADCY1,ALCAM,ANKRD26,APOL5,ARRDC3,ASIC2,CADM1,CDKAL1,CWF19L2,DENND3,DUSP16,EDEM1,ENPEP,ENSG00000233081,ENSG00000266602,FAM90A26,FLRT2,FLT3,FMN1,GRIK3,HTR2A,IGHMBP2,IQGAP2,IRX4,LINC02328,LMCD1,MBTPS1,MIR3663HG,NOMO3,NOVA1,NPIPA9,NPY,P3H2,PCSK2,PEBP4,PGM2,PRKCD,PRR20G,RASGEF1B,RIPOR2,RNF216P1,ROBO1,SPSB1,TELO2,THBS2,TMEM39A,TRAM1L1,USP38,ZNF548
1218	ABCG2,ACOXL,ANKH,ASGR2,BASP1,C4orf50,CALN1,CAMK1D,CHST11,CLINT1,CNTNAP5,CST7,CXCL5,DCDC2C,ENSG00000271949,ENSG00000286833,GUCY1A2,GYG1,LRRC63,MRC1,MRPL13,NOG,ONECUT3,PACC1,PDZD8,PFKP,PKN1,PLXNC1,PPFIA2,PTBP2,PTPRD,PTPRE,RBFOX1,RREB1,SDC1,SERINC5,SGCZ,SLC75A1,SORCS1,STEAP3,SVIL,TMED3,TP63,TRPM3,TTC23L,TUBGCP3,UGT8,WDR59
1219	ABHD2,ANKRD30A,ARGLU1,ATP8B4,BCL2L14,C4orf50,CCDC167,CCDC3,CNTN6,CNTNAP5,DLGAP2,DUSP4,EPHB3,FAM20B,FRMD4B,GLRA1,GNAO1,GRM7,GSDMC,INSC,KIF16B,LINC02359,LITAF,MALT1,MC4R,MYOCD,NSG1,PAFAH1B2,PDE1C,PIM1,PLCB1,PLD1,PODXL,PPP1R15A,RAP1A,RBFOX1,RDX,SERPINA4,SERPINB8,SFRP1,SGCZ,SLC10A2,SMAD6,SMC2,SRSF6,TLL1,TMEM135,WDR1,ZNF175
1220	ACTR3B,ADH1C,AGA,AUTS2,BANP,BMP4,C8orf90,CDH13,CDYL2,CNTN3,DNAH5,DOK6,ERC1,EYA3,FBXO15,FOXB1,FSCB,GDAP2,HAPSTR1,HBG2,KIAA1217,L3MBTL3,LRFN5,LRRC27,LTO1,MYOM2,NALF1,NCK1-DT,NCKAP5,NELL1,NSMAF,OR2Z1,OTOP1,PCBP3,PCDH15,PCDH7,PCM1,PENK,PHACTR2,RIT2,SASH1,SCAT1,SLC12A8,SLC30A8,SLC7A14,SLCO4C1,SNCAIP,STARD13,TXLNB
1221	ABRA,ACO1,ADAMTS12,AGAP1,AKR1E2,ATXN7L3B,BASP1,CALN1,CCND3,CDCA7,CLDN23,COX7C,CSMD1,CX3CR1,DPH5-DT,ENSG00000272396,EQTN,ERICH1,GATA3,GNG8,GPC6,GRIN2B,GRIP1,KIF2B,LDLRAD3,LINC00507,LPIN1,MAF,NAXD,NECTIN3,NFASC,OLIG3,PDE5A,PIGN,PRDM16,PRKCB,PRMT6,PTPN7,SGO1,SH3BP4,SLIT3,SLITRK5,SOX1,SPRY2,TM7SF3,TRIB1,UGT8,UTRN,WNT4
1222	ASB5,ATXN3,BBS10,BICD1,CDH19,CDH4,CDH6,CNTNAP2,CTDP1,CTNNA2,DNER,DRC8,DYNC2LI1,ECI2,EEA1,FLRT2,GPR149,GSE1,IGLV2-11,IRX6,KCTD3,KLHL29,LINC01648,LINC02347,LPAR3,MAGI2,MEGF11,MEIS1,METTL4,MKRN3,MYH11,MYO16,MYOM3,NCR2,NDST4,NOS1,PANK1,PDE1C,PGM1,PLIN2,PLPP4,RAX,RNF144A,RPL14,SLC8A1,SNTG2,TMEM114,UQCC6,VAT1
1223	ABCG2,ADCYAP1,ADRB1,AMY1C,AOPEP,ATP10A,BCRP3,BNC2,CCDC60,CDH9,CNTN5,COL22A1,CSMD1,CSN3,CXADR,DPF3,DSEL,FAR1,GATD3,GJD2,IRX1,KCNJ2,KCNQ5,KCTD12,MIATNB,MN1,NLRC3,NRDE2,OTOL1,PCDH7,PKP4,PLEKHA5,PRKAG2,PRKG2,PRMT8,QRFPR,SCIMP,SDC4,SEMA3D,SNHG5,TBX3,TENM4,TNFRSF11B,TPO,TPRG1,UQCRFS1,VLDLR,WDR11
1224	ACSL3,ADAP1,ADRA1D,ALDH3B2,ATE1,CDH10,CDH18,CDH7,CNR1,CYP4V2,DAOA,DOK5,ENSG00000270321,ERCC3,ETV7,FAM50B,FAT4,GJA1,GLIPR1-AS1,GPC5,IMPA2-AS1,KRR1,LENG8,LYZL2,MEG8,MEIS1,NDC1,NRP1,PCDH17,PPP2R2C,RBFOX1,RGMA,RPS23,RRP1,SASH1,SHISA3,SLC10A2,SNX5,SPOCK1,ST6GAL1,TFAP2A,TSHZ3,VWA8,XYLT1,YWHAE,ZFP42,ZNF280B,ZNF385D,ZNF57
1225	ADGRA3,AMY1C,AP5M1,ATE1,CCDC190,CDH9,CEP162,CHL1,CNTN5,DDX18,DLC1,DPP6,DSCAML1,EDEM1,ENTREP2,EPHA4,EVC2,FLT3,FLT4,GABRB2,GMDS,IQGAP2,KCNT2,KLK7,LYPD6B,MAP3K7CL,MARCHF1,MCTP2,NEK6,NFKB1,NOVA1,PCDH10,POU5F1B,PRR16,PSAP,PTPRT,RALYL,RBFOX3,RORB,RPS6KC1,SNX5,SNX9,ST6GAL2,SULT1C2,SV2B,TMEM178B,USP31,ZP3,ZPLD1
1226	ABCA10,ACOT11,AK4,ASTN2,ATP1B1,BARX2,CACNB2,CACNG5,CAST,CCDC179,CYRIA,DSEL,EHD4,ENSG00000226375,FRMD4A,FXYD2,GCC2,HDAC9,HELB,IMPG1,IRX4,ITGB1,MRPL39,NXPE1,NXPH1,PAPSS1,POM121L12,POU2AF2,PRR16,PTPRD,RBBP8,RYR2,SGCD,SGCZ,SGO1,SI,SLC1A3,SMARCA2,SNX19,SOX9,TBX3,TNRC6A,TSPAN9,TTC17,USP25,WWOX,ZNF791
1227	ADCY5,ALDH8A1,ARAP2,ASAH1,BLOC1S3,BTG1,C14orf132,C6orf118,CACNA2D1,CHAT,CNTNAP2,CYRIA,DGKB,DNAH5,FAM181B,FOXG1,FSTL5,FXYD2,GLP1R,GPR39,GRIK2,HK1,IL20RA,LAMA1,LRRC37A2-AS1,LRRC4C,MAGI2,MEGF6,MRGPRE,MUSK,MYOM2,NDST3,NDUFA3,NDUFB4,NFIB,NR4A2,PDE10A,POM121L12,POSTN,PROKR2,RAB28,SNX19,SOX11,SPNS3,TMX3,TOX3,TUB,ZNF717
1228	ABCA8,ADGRL3,ANXA10,ARHGEF35-AS1,ATAD1,BCAT1,BPHL,CDH10,CHRM3,CRIM1,CXCL3-AS1,DAPK1,ENSG00000249109,FAM135B,FCGRT,FOXP1,FTMT,GATA3,IGF1R,JARID2,KLF3,LPIN1,LPL,MAP1LC3B2,MROH9,MYO16,MYO1F,NR4A2,ORC4,OTOL1,PATJ,PIEZO2,PRNP,SEMA3C,SIPA1L2,SLC16A7,SLC39A11,SMIM31,SNTB1,SORCS1,SOWAHC,STAT1,STEAP1,SUCLG1,SYPL1,TAFA5,TBX4,TMEM132D,VPS13B
1229	AADAT,ACHE,ADAMTS9-AS2,ADCYAP1,ANO4,ATP2B2,ATXN10,CASS4,CCDC9,CELF4,CITED2,CLDN23,CLEC6A,CSMD1,CUBN,DACH1,DCLK1,DDX11,DLG1,FOXQ1,FTMT,GATA3,GNG2,GRIK4,JMY,KBTBD11-OT1,KCNH5,LINC00662,MACC1-AS1,MAGI2,MED30,NCKAP5,NID1,NME1,NR2F2,PLXDC2,PRKCB,RBM47,RGS18,SETD3,SEZ6L,SMARCA2,SORD,STIM2,TENM4,THSD7B,TMEM132B,VPS26A
1230	ADAMTS5,AGTPBP1,ALLC,BAIAP2,BECN2,C1orf52,C6orf118,CACNA2D1,CCER1,CDK14,CHL1,CMC1,COX18,CRIM1,CTNNA2,DOP1A,ENSG00000237921,ESM1,EYA4,FERMT1,FGF1,GALR1,GBE1,HDAC4,IFI44,ITGB3BP,KCNIP4,MACROD2,MEGF6,MINDY3,NAF1,NCK2,NCOA5,NEUROG3,NT5C3A,NTM,PCSK9,PLOD1,PRTFDC1,ROBO3,SCAMP1,SPOCK3,ST8SIA6-AS1,SUCLG1,TECRL,TG,TRIM61,TTC7B
1231	ACAA1,ADRA2A,AP1S3,ATP2C2,ATP8A2,BMP5,BTBD3,CCDC175,CD164,CGNL1,DLGAP1,E2F7,ENSG00000250519,ENSG00000289378,GOLGA6L7,HS3ST4,IL20RA,JAZF1,KCNT2,KDR,KHDRBS3,LRRTM4,LSAMP,MALT1,MCTP2,NAT2,NAV3,NR2F2,PAQR3,PCDH18,PDXK,PGPEP1L,PRKCB,PTPRN2,SALL3,SDK2,SLITRK6,SORCS1,SSTR2,SYNPR,TBX5,TMEM114,TMEM44,TMTC1,TMX4,TRPC7,VAV2,ZC3H11B,ZNF90
1232	ACKR3,ADAMTS17,APBA2,CASP4,CHD6,CNTN3,CNTN6,CSMD1,DNAJC12,DOCK9,EBF2,EEPD1,ENSG00000206356,ERBB4,FAM107B,FAM181B,FAM98A,FARS2,FSTL4,GGTLC2,GREM2,GRM5,HIGD1A,IRX2,LINC00963,LRP1B,LRRC1,LRRC4C,LRRIQ3,LZTS1,MTUS2,MUC20,NCALD,NR2F2,NTN1,PCDH18,POM121L12,POU2AF2,PRKCE,RP1L1,SCML4,ST6GALNAC1,TMEM135,TMX3,TRIM67,UBE2E1,ZNF622,ZNF835
1233	ADCY2,ADGRE1,APBB2,ARAP1,ASIC2,CCDC68,CTNNA3,DAOA,DMRTA1,DNAH11,ENSG00000237378,ENSG00000287992,ERMP1,ESM1,EYA2,FHIT,FLCN,HAS2,HBG2,IQGAP1,JADE1,KCNIP1,KLF16,KLHL1,LINS1,LRATD2,LRFN2,LUZP2,NBAS,NDN,NRP1,NRXN3,PADI1,PDE10A,PRR5L,RMDN1,SERPINB8,SLC35F4,SLITRK1,SORCS2,TAAR6,TENM4,TLE4,TMEM182,TMEM196,TNPO1,ZPLD1
1234	ACSL1,ADAM32,ALCAM,ARRDC4,AUTS2,CAMTA1,CAPZB,CARD11,CBLB,CCDC3,CCSER1,CD83,CNTN5,CNTNAP5,COPS8,CTNNA3,CTSO,DPH6,DYSF,ENSG00000249240,EPB41L4A,FAM184B,FAM241B,GLS,GRM7,HS3ST3A1,INTS8,JRKL,LINC01088,MAGI2,METTL24,MLIP,MRAS,MYLIP,MYT1L,NKX3-1,PLEKHG1,PLXNC1,PREX2,PRKG1,SGCG,SOX11,SP100,STAC,TNC,TRIB2,UGT8,WDR1,YWHAH
1235	AGMO,ANGPT1,AOAH,APBA2,APOB,ATL2,ATP5MC2,CAP2,CASC15,CBLN2,CCDC74B,CDH8,CELA3A,CLEC12A,COL28A1,COL4A2,CST6,DEFB112,DHX15,ENSG00000286110,FCN1,FFAR1,FSTL5,GALR1,LINC00964,LRRC4C,LRRC75A,LY86,MED13L,NCK2,NXPH1,PDE10A,PKP1,PLOD2,PODXL,PRODH,PRR16,SAMD15,SERPINE2,SGCG,SLC8A1,SMIM3,TAF4,TNP1,TUBA3C,UBE2E2,WIPI2,XPO4
1236	ACSL3,APOL4,BCL2L11,BHLHE40,CAMK1G,CDH4,CEP170B,CIBAR2,CLHC1,COG2,COLEC10,CSMD1,CTIF,CTSH,CYLD,DEFB131A,EPHA5,ERICH1,FREM1,GABRG3,GLRX3,GPC5,HLCS,HMOX1,HNRNPDL,KL,LINS1,LRRC4C,MAGI1,MMAA,MYO10,NPY2R,PDE1A,PIK3R4,PPP3CA,PTTG1,RIMS2,SEL1L3,SORBS2,SOX5,STOX2,STT3B,TBX20,TENM4,TLE3,TMC1,TSHZ2,VWC2,WSCD2
1237	ACKR3,ADGRL3,APBB2,ASB3,ASIC2,ATP11B,ATXN1,CASZ1,CCZ1B,CDA,CDH12,CDH13,DCDC2C,DLD,DSP-AS1,EDIL3,ERICH6-AS1,FAT3,FLRT2,GRIN3A,GTSF1L,HEATR3,HNMT,IQSEC1,KAZN,KIF26A,LSAMP,MYT1L,N4BP1,NAV3,NFKB1,NPIPA6,NTRK3,NUDT7,PEX11A,PRDM9,PRKG1,PTPRG,RAB6C,RDH10,RNF150,SLC25A24,SLCO1B1,TMEM132C,TMT1A,TTLL7,VAV2,VWC2,ZNF761
1238	ABI3BP,AQP1,B3GALNT2,B3GAT1,BRIP1,CDH11,CDH9,CSMD1,CST1,CTNNA3,CYLC2,DLC1,DOK6,DPYS,EMP1,ENOX1,ENSG00000283757,FDCSP,GLI2,ICA1,IGSF21,KLHDC7A,LRRC4C,MIF,MIR100HG,NECTIN3-AS1,PEBP4,PFKFB3,PSMG1,PYDC2,RASGRP1,RCC2,RFC3,SERPINE2,SLC41A2,SMARCA2,SOX11,STRA8,TBL1XR1,TDH-AS1,TENM3,TMEM135,TMPRSS11E,TRIB2,TSPAN13,TTC39B,VSIG10,XKR4
1239	ALDH1B1,ARL4A,C2orf80,C4orf33,CECR2,CFL2,COL4A2,COL9A3,CSF1R,DCDC2,EDN3,ENSG00000232197,ENSG00000233081,ENSG00000288075,ETS1,FAM135B,FSTL5,GALNT2,GLO1,GSC,HACE1,HSBP1,HSD17B3,ID4,JAG1,LCE2D,LHFPL6,LRPPRC,LRRC4C,MRPS6,NAV2,NRIP1,OR52K1,PCDH15,PCSK5,PHYH,PRUNE2,RNF6,SERTM1,SETBP1,SIK1,SIPA1L2,SLC22A2,SMIM31,SPDYE21,TARS1,TFAP2A-AS1,TGFB2,USP25
1240	ADAMTS16,AGBL3,ATP2A3,BPNT2,CCDC88A,CSMD1,DCDC2C,EFR3A,ENSG00000215156,ENSG00000224404,ENSG00000229618,ENSG00000262521,ENSG00000273259,ERBB4,FAM135B,FAM241A,FARS2,FGF20,FREM2,GRIA2,GRK7,HELT,HELZ,JARID2,KCNK2,KSR2,LINC01648,MGAT5,MTUS1,NPIPA8,OLFM4,OR2B11,PI4KA,PLA2G4A,POU5F1B,PRODH,PRR20A,RIBC2,SLC10A2,SLC8A1,SLCO2A1,SLITRK6,SMYD2,TAFA2,TAS2R1,TUSC1,TUSC3,VRK3,ZNF518B
1241	ABCB11,ACADS,ADAMTS17,AKR1E2,ANKRD30A,ARHGAP26,ARSJ,C1orf94,CDH11,CHN2,CHRM3,CNTNAP2,CSMD1,CST3,CYP4F3,DERA,DHRS1,DTWD2,EIF3H,ENSG00000273167,EVL,FAM135B,FAT4,FRZB,FSTL4,GALNT2,IGHMBP2,IKZF1,KCNK1,KLRK1-AS1,LINC00681,LINC02609,NALF1,NKAIN1,NME2,NPY,NR2F2,OTOP1,PIK3C3,POU5F1B,PTK2,SNRPE,SOCS1,STARD3NL,TACC2,TBC1D1,TMEFF2,TNRC6A,TUSC3
1242	ABCA12,ACIN1,ADGRL3,AGMO,ALG10,ARHGAP26,ATOH1,CDH17,CEP104,CFAP44,CLVS1,CTNNA3,DOCK7,FBXO7,FMN2,FSTL5,GPR26,GRM7,ISOC1,LINC03040,LINGO2,LPP,MALRD1,MDFIC,MPP3,MYT1L,NAMPT,NLRP5,NOTCH1,NR2F2-AS1,NUDT5,NXPH1,OTUD7A,PCSK5,PDE1C,PKDCC,PTPRD,QKI,SLC10A2,SLC25A39,SOWAHC,SQOR,TPD52L1,UMAD1,USP29,VPS13A-AS1,ZNF214,ZNF385D,ZNF536
1243	ACTL8,ADD2,ADO,ANO3,BACH2,BAZ2B,BPNT2,BRINP1,BTBD3,CA10,CARD11,CCDC192,CD5L,CES1,CNTNAP5,COLGALT2,DLC1,DLG1,DUSP26,ENSG00000285082,FAM240B,GSDMC,IRX1,JAG1,KIF21A,KIRREL1,LINC01874,MBTPS1,MCPH1,MX1,MYOC,NTM,PMEPA1,PPP1R2,RASSF9,RDH14,SALL1,SDK2,SGCZ,SNX29,STIM2,STXBP6,TMPRSS15,TNFAIP3,UBE2E3,ZNF385D,ZNF407-AS1,ZNF608
1244	ACTRT2,ADAMTS19,ADGRL3,ADRA1D,ARHGAP27,BLTP1,BRINP3,COA6-AS1,CRELD1,DCHS2,ENSG00000293570,ETS2,EYS,GATA3,GFRA1,GPR107,H3Y1,HEMK2,HMHB1,ICOSLG,INPP4B,INPP5F,ITGB1,LACTBL1,LIMK2,LYSMD4,MYO10,NCAM2,NFATC2,PFKFB3,PGA5,POU5F1B,PTPRZ1,RAB6B,RALA,RBFOX3,RXFP1,S1PR3,SOX17,SPMAP2,STIM2,TBC1D22A,TRIB2,TTC3,TTC6,UACA,WLS
1245	ADAMTS5,ADGRB3,AHI1,ANLN,APOLTP,ARMH4,BTC,C7orf25,CARMN,CDH9,CHRM3,CIMIP1,DSEL,ENSG00000286967,FABP6,FAM98A,FCRL5,FSTL5,GALNT11,GCLC,GNAI1,GRIN3A,IFTAP,KAZN,KLHL9,LRP1B,LRRFIP1,MFHAS1,NPAP1,NR5A2,OLFM3,PKHD1L1,PRMT8,QPCT,RBFOX1,RCAN1,RDH8,SLC44A1,SLC4A3,SMARCA2,SYNPO,TAFA4,TMEM14C,TOMM20,UFD1,VDAC2,WDR1,XYLT1,ZSWIM2
1246	ABCC2,ACKR3,ANO3,APCDD1,ATP2B2,CAMTA1,CBLN1,CCDC179,CELF4,CHST11,CLSTN3,COPS7A,CTSC,CTXND1,DDX10,DLC1,EBF2,ENSG00000230922,ETFDH,ETS1,FAHD1,GAN,GLI2,GPC6,KCNK10,KCNMA1,LINC01331,LRRC4C,LUZP2,MAGI2,MEI4,MITA1,NCAM2,NMT2,NYAP2,PARP12,PDE10A,PRR20A,RAF1,RGS6,SHISA9,SMOC2,SSPN,TOM1L1,TPO,UCMA,VTI1A,WHAMMP1,ZNF532
1247	ACBD6,ADGRL2,ASTN1,ASTN2,ATP2B4,BTBD3,CARD10,CARMIL1,CDH9,CEP170,CHRM3,CNTNAP5,CRABP2,CTSO,DTWD2,DYNLRB2,ENSG00000260362,ENSG00000286221,ENSG00000287306,FCGR2A,FER1L6,GCNT2,GLRA3,GRIN3A,HEMK2,KIAA1549L,LRRC4C,MMP16,MRC1,MYOM2,NFASC,NOX4,OPCML,PARP16,PDE10A,PNLIPRP3,PPIL2,PSD4,PTPRE,PTPRM,RFX4,RTL1,SEMA4D,SI,SLC35F4,TNFRSF1A,TPK1,TRA2B,VAPB
1248	ACO1,ADGRL3,AGBL1,ARAP2,ARHGAP17,ASGR1,C2CD2,CBLN1,CD164,CDCA3,CHRNA10,CLN8-AS1,CNRIP1,CNTN5,CRISPLD2,CYP20A1,CYP39A1,DNER,DOCK7,EDEM3,ENSG00000206356,ENSG00000288088,ERN2,FAS,GYPB,HS3ST3B1,KCNJ15,L3MBTL4,LBX1,LINGO2,LRRC4C,MAGI1,MN1,MPHOSPH6,NELL1,NPFFR2,PNO1,RASA4B,RBAK-RBAKDN,RIN3,ST3GAL1,ST3GAL1-DT,TENM4,TMTC2,TRIM67,XYLT1,ZCCHC14,ZNF385D,ZNF677
1249	ARID1B,BARX2,C2CD2,CDH17,CEP120,CLEC9A,CROCC,DSEL,EBAG9,ELOVL6,FAM241A,FLRT2,GNAI1,HDAC4,HERPUD2,HES1,HMCN2,HS3ST3B1,IRX2,KLHL6,L3MBTL4,LHFPL6,LINC02541,MAILR,MALRD1,MN1,MSI2,MTSS1,NBAS,NDST4,NOVA1,NRXN3,NSG2,PCDH20,PDC-AS1,PDZD2,PLD5,RAB31,RXFP2,SEMA3A,SGCD,SLC39A11,STPG2,TAF5L,TGFB3,TLE3,UQCRFS1,WDR37,ZNF114
1250	ACTR3C,ADAMTS5,ADGRB3,ARRDC4,CASQ1,CDH4,CSMD1,DLEU7,DOCK10,ENSG00000280878,FBXO7,FGFR1,GALNTL6,GCNT1,GPR158,GRIN2A,HOXC13,JARID2,LHX2,LINC00343,LINC00595,LINC00654,MMP3,MYEOV,NCF4,NKAIN2,NUP107,NXPH1,PIGY,PWRN4,ROR2,S1PR3,SLC22A2,SPATA31C2,SYT1,TECTA,TMEM154,TMEM163,TMEM181,TNS3,TP63,TSPYL5,TUBA1C,U2SURP,VAV3,VSX1,ZNF302,ZNF519
1251	AFAP1,AGTPBP1,ART5,ATP13A4,BPNT2,CHRM3,CLDN23,CLEC17A,COX7B2,CPNE4,CYP2S1,DYRK1A,ELAC2,ENSG00000272505,FARS2-AS1,FSTL5,GABBR2,GALR1,GLIS3,GMNC,GREM2,HELZ,KAT14,L3MBTL3,LINC02064,LPAR3,MAFB,MARCHF1,MOXD1,NCAM2,NOCT,NOX4,NUDT7,PIK3C3,PRCD,PRKCB,RGS6,SFT2D2,SHPRH,SNX16,SOCS6,STMN4,SUGCT,TMPRSS15,UGT8,VCPKMT,ZNF208,ZNF519
1252	ADAMTS5,AGR3,ART3,B3GAT1,BBOX1,C1GALT1,CCDC85A,CSMD1,CYLD-AS1,DNAH9,EBLN2,EPHX4,GCNT1,GRHPR,ID2,IGLL5,ISM1,KCTD20,LINC01559,LINC02018,LYZL1,MARCHF1,MAT2B,MGMT,NAALADL2,NLRC3,NPVF,PLD1,PPP1R3B,PTPRU,RBFOX1,RPS14,SH3YL1,SLCO4A1,SMAD3,SPRY2,STEAP2,STMN4,SUCLA2,SYNJ2,TBL1XR1,TBX18,TBXT,THSD7B,TRIM36,TRIML2,VAV3,ZNF385D,ZP4
1253	ADCK1,ARHGEF3,ARNT2,CATSPERE,CDH23,CHORDC1,CHRM3,CLPTM1,CTNNA3,DEPTOR,DSCAML1,FAM114A1,FBXO15,FNDC3B,FOXK1,GLRX3,HAND2,HNRNPC,KCTD15,LPP,LYZL2,MAFB,MBOAT1,NALCN,NAV2,NRSN1,NXPH1,OPA1,P4HA2,PCDH18,PCSK5,QDPR,RAB11FIP2,RBAKDN,RBFOX1,SEMA4B,SRD5A1,STK35,STOX1,SYT6,TBL1XR1,TBX18,TENT4A,TGFB2,TMEM72-AS1,TRIO,VAV3,ZNF213-AS1
1254	ADAM7,AFF3,ALK,ANO5,ARRDC4,CACNG5,CASP14,CCSER1,CDC123,CELF5,COL24A1,CRIM1,ENOSF1,ENSG00000286751,ERICH3,FAM110C,FOXF1,GARIN1A,HS6ST1,IZUMO3,KAT2B,KCNG1,KLF3-AS1,MAB21L1,MRM1,NADSYN1,NOX3,NRXN1,OR3A2,OXGR1,PKD1L1,PLA2G4C,PRMT6,RASGRP1,RIDA,RPH3A,RREB1,RYBP,SNRPN,SSPN,ST3GAL1,STPG2,TENT4A,TMC2,TMEM132D,TMEM167A,WDR75,WWC1,ZCCHC14
1255	AOAH,ARHGEF28,BMP4,BRINP1,CABS1,CACNG2,CDH8,CLDN1,CXADR,DAD1,DGKB,DMAC1,DTHD1,DYNC2H1,ENSG00000289387,FAM90A1,FGFR2,HSD17B4,ITGB3BP,LINC00544,LPCAT1,LRFN2,LSM8,LTBP1,MKI67,MPZL1,NAV3,NCAM2,NECAB1,PAQR3,PARD3,PIP4K2A,RFX3,RYR2,SHISA9,SIK1,SLCO1B1,SLIT2,SNX16,SV2C,TENM3,TENM4,TPP2,TTK,VRK3,WWOX,ZDHHC14,ZNF516,ZPLD1
1256	ACSM2A,ADGRB3,AKR1C3,B4GALT5,C1orf53,CEP43,CHORDC1,CMPK2,DLC1,DPP6,FNDC3B,GLRX3,GNAT3,GRAMD2B,INKILN,KRTAP5-6,LINC01018,LINC01194,LINC01885,LY6S-AS1,LY86-AS1,MRPS22,NT5E,NTM,NXPH2,OLFM3,PAMR1,PCDH12,PHGDH,PMP22,PRKN,PTPRN2,RAB31,RASA4B,RBFOX1,RBM19,RPTOR,SCP2D1,SI,SLC25A48,SLC2A9,SVIL,TACSTD2,TCERG1L,TDRD3,TIMM21,TMEM128,USP12,ZNF667-AS1
1257	AJAP1,ASAP1,BAMBI,C10orf71,C16orf82,CDC14C,CFAP61,COL5A2,DUSP26,ECI2,ELAVL2,FCGR2A,GSTA3,ICE1,KANK2,KCNIP1,KLF6,LASP1,LMAN1,MIF,MIOS,NAP1L4,PBX1,PCDH15,PDZRN3,PTH2R,RBMS3,SAMD3,SEL1L,SLITRK6,SLX9,SNRNP48,SNX16,TAFA1,TENM2,TENM4,TLE4,TMEM200A,TMEM98,TYW3,XYLT1,ZFP36L2,ZHX2,ZNF438,ZPLD1
1258	ACO1,ANKRD28,CCSER1,CDH2,CDH4,COL8A1,CPNE4,CTBP2,CYB5B,CYREN,DIRAS2,DOCK2,EEA1,EMCN,ENSG00000239920,ENSG00000253821,ESM1,FAM181B,FAT4,FGGY,HDDC2,ICE1,IFRD1,JPH1,KSR2,LINC00964,LNX2,MMP8,MUC22,NEDD4,OSTF1,PDZD2,PFKFB3,PLPPR5,PPP1R3A,RASL11A,SCAMP1,SDK1,SERPINA11,SGCZ,SI,SILC1,SLC36A4,SUMF1,TMX3,TNP1,UFM1,ZNF302
1259	AADAT,ADAMTS9,ADCY8,ARL8B,ARRDC4,BOD1,CA6,CACNA2D3,CBLN4,CCDC192,CPE,CSMD1,DACH1,ENSG00000272256,ENSG00000278071,ENSG00000288075,EYA2,FRAT1,GRIA1,GRIN2A,HAPSTR1,HBG2,HS6ST1,KALRN,KANSL1,LARGE1,LRP1B,LRRTM4,MTMR9,MUC19,NKPD1,NRSN1,NXN,PDZRN3,POGK,PTPRD,RASD2,RMDN1,SLC24A3,SOX1,SOX4,STAB2-AS1,STK24,TBC1D31,THSD7A,TMEM64,USP31,YTHDF3
1260	ABCC8,ADAMTS9,ADCYAP1,ADGRL2,AFDN,ALAD,ASTN2,BIK,CDH7,CPEB2,CRIM1,DAOA,DNAH9,DNAJC13,EGLN3,ERCC4,EXT2,FBXO3,FPR1,FRMD6,GATM,GPAM,GPLD1,GSDMC,HLCS,ICA1,LY9,LYPLAL1,MACC1-OT1,MALT1,MAX,MYO15B,NAMPT,OSBPL10-AS1,PNLIPRP2,POM121L12,RSL24D1,SLC15A4,SLITRK5,SNTB1,SNW1,SNX16,SORCS1,ST7L,TBX3,TYRP1,VLDLR,VPS18,ZNF286A
1261	ADAMTS18,AGA,ANO3,ARHGAP28,ARPC5,BMP2,C4orf50,CAPRIN2,CD82,CDH10,CDH9,CERS3,CFL2,CNDP2,DLGAP2,DSC3,DTNBP1,ENSG00000282033,ENSG00000285471,GRIFIN,GSTA4,HACE1,HS1BP3,HSF2,HTR6,KCNIP4,KIF26B,LILRB4,LINC02109,LIPC,LRATD2,LYZL1,LZTS1,MCC,ME3,MED10,MFAP3L,NALF1,NRXN1,NUDT12,PCDH7,PDE5A,PRDM8,RBM19,SERPINE2,SPRING1,SPRY4,SUMF1,ZNF608
1262	AADAT,ARSB,ATP13A4,BOD1L1,CBLN4,CRYBG3,CYRIA,DIAPH3,DIPK2A,DISC1,DLAT,DOK5,DSC3,DTWD2,EEF1A1,ENSG00000233974,ENSG00000253354,ENSG00000286975,EXOC2,FAM50B,FGF9,GALNT18,GALNTL6,GAS7,HGF,IGFBP7,LRATD1,LURAP1L,LUZP2,NCAM2,NPIPA8,NR2F2,NSG2,PCM1,PTGER3,RINT1,ROBO2,SLC2A9,SOX5,SPAG16,TAFA5,TMEM59L,TMEM92,TPK1,UGT2B10,WWOX,ZNF407-AS1,ZNF85
1263	ACO1,ACOX3,ACTN1,ADCY2,ADGRE2,ARRDC4,ATP2B2,BUD13,C2orf76,C5orf47,CD200R1L,CHORDC1,CLNK,CLSTN2,CPNE4,CYB5A,DPP6,DSEL,ENSG00000248262,ENSG00000251545,FGF9,FRZB,ID4,IRF2,KCNN2,KIFBP,KIT,KLF5,KLHL42,LINC03062,MEST,NAT1,NTMT1,OR51E2,PAX5,PDYN,PDZRN3,PLOD2,PLXDC2,PSAPL1,SLC6A19,SNX10,SPOCK3,SRSF3,THAP12,TMEM200A,TPH2,ZNF436
1264	ADAMTS2,ADAMTS9,ADRA1B,ANO4,ARRDC4,BMF,CAPZA3,CD44,CDHR3,CNTN4,CPED1,CSMD1,DAPK1,DENND2A,EFCAB11,FAR1,FREM3,FUT8,GSE1,ISX,KCNJ15,KCNS3,KIF16B,KIF26B,LIN54,LRRFIP1,MRPS2,PFN2,PLXDC2,PPP2R2A,PRB2,PRKCA,PRKCB,SCARB1,SEMA5A,SGCG,SGIP1,SLC17A6,SLC2A9,SYNDIG1,TACC2,TCP10L,THSD7A,TMEM132B,TMTC1,TNFRSF11B,TPBG,XIRP2,ZWINT
1265	ADARB2,APBA2,ARL1,ATP6V0E2,CNTNAP5,COL23A1,CRIM1,CRPPA,DENND2C,FSTL4,GRIN2A,HERPUD2,HS3ST1,IGF2,IGFBP7,INSC,ITPR2,KCNH5,KCNQ5,LINC02069,LINC02211,LSAMP,MCTP2,MICAL3,MUC20-OT1,NCOA3,NFU1,PAK5,PDE2A,PLPPR5,PLXNA2,POTEC,RMI2,RPS6KA2,SALL4,SEMA3D,SERPINB5,SNHG14,SPON1,SUCLA2,SYT6,TBC1D16,TBCE,TJP1,TMEM114,TOP3B,TUNAR,UNC13C,VPS13A-AS1
1266	ALCAM,ALDH1A3,ALDH7A1,ALK,APBA2,CDH10,CEBPB,CPEB2,CYP2F1,DOCK1,DOK6,EIF2B5,EN2,ENSG00000248973,FGF20,FLRT2,GABRB3,GATA3,GRM7,LINC02027,LRP1B,LYZL1,MACROD2,MAP2K3,MAP3K7,MCPH1,MEGF6,N4BP2L1,ORC5,PCDH7,PLD1,POLR1F,PRKN,RORA,RPL39L,SEC61G,SEMA3E,SLC11A1,SPDL1,SRC,TMEM132C,TOP3B,USP15,USP25,ZFP42,ZMAT4,ZNF160,ZNF804B
1267	ABHD3,ADAMTS1,ADAMTS12,ADARB2,AK8,ATPSCKMT,CCDC171,CCNB1IP1,CDH2,CNTN5,CTSO,DMRT2,DSEL,DUSP16,ENSG00000267364,ENSG00000287550,EPHA7,FBXO15,FBXO17,FERD3L,FRMD1,GLIS3,GNAI1,GOLGA7B,GRHL2,ICA1,IGSF5,IQGAP2,IRX1,KIF26B,KL,KLRC2,LSAMP,NDUFA4,NR4A2,OPRK1,PLPPR5,POM121L12,PRKG1,QKI,RDX,SCCPDH,SEMA6A,SEMA6D,SLC14A2,SLC8A1,TMEM131,UNC5C
1268	ANXA10,BCL11B,CHSY1,CRPPA,CRYZ,CTNNA2,DLC1,ELFN1,EPHA5,EPHA7,EYS,FAM174B,GSDMC,IGFBP7,IRX5,KIT,KLF2,LARP1,LDLRAD4,LHX1,LINC00472,LINC02562,LIPC,LYAR,MAF,MGAT5B,MRPS22,NDN,NEU4,NIPA2,NPRL3,NRSN1,NSG1,NXPH1,OR1Q1,RAB31,RGL4,SGPP1,SLC1A6,ST18,TBL1XR1,TREML2,VWC2,XYLT1,YAP1,ZNF169,ZNF519,ZNF667-AS1,ZPLD1
1269	ADAMTS19,AMY1C,ARAP2,BTBD9,CADM2,CALCOCO1,CAMK1D,CCDC88C,CDH18,CEMIP2,CLDN10,CNTNAP2,CPEB2,DAOA,DUXA,ENSG00000225885,ENSG00000257729,ENSG00000265542,ENSG00000266928,GALNT7-DT,GEM,HDAC4,HS3ST4,IMMP2L,IRX2,LHPP,LINC00320,LINGO2,LRRC30,MAP3K1,METTL4,MIR31HG,MPPE1,MRPL19,NABP1,NELL1,PDE3A,PDE5A,PRDM16,PTPRG,RASGEF1B,RXRA,SERPINB8,SPINK2,SYNE3,SYT6,THAP9,TOM1L1,TRPM3
1270	ADAMTSL1,ANKRD28,BMP5,CADPS2,CAMK1D,CAMK1G,CAPZB,CDO1,CTDP1,DCDC2C,DOCK10,DSC3,DSCAM,ENSG00000284686,ENSG00000286580,FPR1,GPAT3,HS3ST3A1,HS3ST4,IRF5,ITGA9,ITPK1,LINC02402,MARCO,MMP17,MOGS,MTHFD1L,MYO5B,NAALADL2,NEFM,PCM1,PGBD5,PGS1,PIGN,PRDM16,RHOB,SDC3,SLC8A1,SLITRK5,SOX5,SOX9,TBX19,TENM4,THSD4,TMEM132B,UBL3,VSTM2A,ZFAT,ZPLD1
1271	ANXA6,ARPP21,ATP9B,CD226,CDH13,CNTN5,CREB5,CRYZ,CTSB,CXCR4,DTWD2,EPB41L3,FAT3,FSTL5,GALNT13,GTF3C5,HPCAL1,HSD17B4,HSPB8,JPH2,KCNK9,KCNT2,KLHL1,LPIN1,LRRC4C,MBL2,NFIB,NPVF,NRXN1,NUDT12,NXNL2,OSBPL1A,PDK4,PLA2G7,PRKCQ,PROK2,RAP1GAP2,RBFOX1,SACS-AS1,SEL1L3,SGCZ,SH2D4A,SMIM21,SPCS3,TFAP2B,TMEM192,TRIM2,VAPA,ZWINT
1272	ARHGAP15,ATP10A,BCL11B,BTC,CA10,CBLN4,CDH18,CELF4,CHST2,CNTN6,COX18,CYP1B1,DKK2,DMRTA1,DNAAF11,DSCAM,ENSG00000250775,ENSG00000287069,FLRT2,GAB1,GABRG2,GNA12,HAO1,HTR1B,IFNAR2,KLF12,LHFPL3,LINC01515,LY96,LZTS1,MAN1C1,MYT1L,NCAM2,OR51Q1,PDE1A,PHF21B,PIAS1,PLPPR1,PRKN,RBMS3,SPATA13,SPPL2B,TEX29,TFB2M,TMEM132D,TNFSF8,VEPH1
1273	AADAT,AGMO,AP1M1,ATP8A2,BMP5,CCDC3,CCT8,CENPQ,CEP57,CLDN16,COL5A1,CSMD1,DPT,EGFR,ENC1,ERAP2,EXOC2,GAS7,IGF1R,IL20RA,KCNH5,LINC03109,LRRC74A,MAD1L1,MAF,MEIS1,MPDZ,MPPE1,NRXN1,OTOP1,PCDH10,PCDH7,PDLIM5,PLEKHA1,PXDC1,RHOU,RND3,SALL3,SOCS2,SORCS1,SRL,TDO2,TMEM167A,TNS3,TOX3,TRPA1,TTC22,ZC3H11B
1274	ADGRB3,ADM,BPNT2,CARS1,CCDC172,CD33,CFAP410,CIMIP1,CNTN4,DDAH1,DPP10,EDIL3,ENAM,ETV6,FBXO32,GPR39,GRIK2,GRM5,HTRA1,IFTAP,IGFBP7,IMMP2L,ITGB2,KLF3,LINC02146,LINC02826,LRP1B,METTL4,MTCL1,NALF1,NOP56,NUP50,NXPH1,OLIG3,OSBPL3,PDS5A,RMDN2,SGCE,STC2,SUGCT,SULF1,SUMF1,SURF6,TANK,TENM3,TMEM132E,TRIML1,UNC13C,WTIP
1275	ADAMTS16,ADCY2,ADGRL3,AK4,ANXA2,AUTS2,BMP4,CDH15,CLRN1,CSMD1,CYTL1,DDX60L,EMCN,ERBB4,ESRRB,GATA3,GNAO1,GRIK3,HS3ST2,HTATIP2,HTR4,KIF2B,L3MBTL4,LIMS2,LINC01170,LINC03067,LRRC7,MMP13,MPHOSPH6,MXRA7,MYOM2,NCEH1,NLRP11,NR3C1,P4HA2,PCDH15,PRSS23,PVT1,RBFOX1,SIGLEC15,SPACA9,SPRY2,ST8SIA4,TCERG1L,TEAD4,TMEM150B,TMPRSS15,TOX-DT,ZNF354B
1276	ARHGAP29,ARSJ,ASIC2,C4orf33,CAMK1D,CAMTA1,CELSR1,CHL1,CRPPA,CSF1,DDX1,DPP6,EML5,ESRG,FAM3C,FBXL7,GABRB3,GALNT17,HDAC4,IL7,ILKAP,ITGB8,LRRC15,MEG8,MEI4,MYC,MYO9B,NCAM2,PITPNM3,PLPPR1,POM121L12,PRMT6,RAB20,SDK2,SERPINI1,SFSWAP,SGCG,SMCHD1,SOCS6,STIM2,TENM2,THSD4,TPST2,TRIQK,TSPYL5,TUSC3,VRK1,WDR74,ZNF347
1277	ABCA13,ACAN,AKAP1,AOC1,ARHGAP25,ATXN7L1,BAMBI,BANK1,BCAS1,BCL11B,CACHD1,CD82,CDH13,CDH4,CPEB4,CRIM1,CSMD1,FAT4,FRMD3,GOLT1B,GRM7,KIF26B,L3MBTL4,LINC00654,LINGO2,LPIN2,LRRFIP1,MTERF1,NBAS,PAFAH1B2,PGPEP1L,PHLDA1,PKD1L2,PLCH1,PLD5,POLG,PRDM5,SKOR2,SLC10A2,SLITRK6,TDRD3,TEKT5,TNFRSF8,TNFSF14,TOX,TTLL11,TUSC3,VAT1L,ZNF385D
1278	ADGRL3,ADRA1D,ADRA2C,AGL,ALCAM,AMY1C,ANAPC1,ASPH,ATAD2,ATP2C1,CAMK4,CCL1,CLINT1,CPNE4,DEFB131A,DLGAP1,ENSG00000283563,EPHA4,FCN1,GCNT3,GLRA3,GPC5,KIRREL3,LINC00908,LOXHD1,MTCL1,MYL12B,MYO18B,MYO1D,MYO1E,NADSYN1,NR5A2,OPRK1,OR1A1,PLCB1,PPP2R2C,PXYLP1,RASGEF1B,RIN3,RNF17,RNF6,SH3YL1,SLC25A26,SLITRK5,SNX13,TBL1XR1,TEX9,WDR11,ZNF32
1279	ADGRL4,CACNA1C,CAPN13,CBLN2,CEACAM7,CSMD1,DCLRE1C,DEFA5,DLGAP1,DPP10,DPP6,ENSG00000189229,ENSG00000230746,ENSG00000235007,ENSG00000268533,ENSG00000274322,EVC,GLDC,GOLIM4,GRHL2,HELT,IFT52,ITGB2,KCNS3,LINC01492,LINC01901,LOXL4,LRATD2,MRPS18C,MTUS2,NECTIN3,PLD5,PRDM16,PRIMA1,PRORP,PSMD6,RASSF5,RBPMS,RP1,RYK,SEMA4D,SLC15A5,SLC4A7,SLITRK5,SRBD1,STRN,TBC1D22A,TRIML1,VDAC3
1280	ABR,ADGRB3,ASTN2,ATP10B,BRINP3,C12orf50,CAMK1D,CDC25B,CDH9,CNTNAP2,COL22A1,CPEB2,ENSG00000228048,ENSG00000237378,EYS,FGD4,FLII,GALNT11,GRIK2,GRIP1,HERPUD2,HHIPL2,KLF14,LRATD2,MC3R,MREG,MTUS1,MUC22,MYO1G,NCEH1,NEGR1,PACRG,PRDM9,QPCT,RFX3,RYBP,SLC38A4,SMCHD1,ST3GAL1,SVOPL,TEK,TENM2,TMCO5A,TRIB2,TRIM24,TUSC3,ZBTB40,ZFAND2A
1281	ADAMTSL1,AGBL1,ASB3,ATP23,B3GAT1,CATSPERE,CCDC82,CD27-AS1,CDC73,COL23A1,CSMD1,CXADR,DAB1,DDX11,DIPK2A,DIRAS2,DSCAM,ENSG00000231189,EPHA5,IRX2,KDM4C,KTN1,LINC02016,LINC02055,LRRC7,MAML3,MC4R,MYO16,NAALADL2,NR3C2,OR1G1,POFUT2,PROKR2,PZP,RBFOX1,RPRM,SDK2,SGCZ,SNHG26,TMC6,TMEM170B,TNFSF4,TNS3,TRHDE,TSN,VRK3,WEE2-AS1,XYLT1,ZYG11B
1282	ABRACL,ADGRF1,BSPRY,CASP1,CCDC59,CD2AP,CDH4,CLIC4,CNTNAP5,COL13A1,COMMD9,CTSO,CXADR,DAP,DCP1B,DMAC1,EEA1,ENSG00000227088,ENSG00000258526,GALNT5,GSDMC,GTF2F2,HS3ST1,HTR2A,INF2,IRS2,MSRB2,PCDH18,PINX1,PLPPR1,PTPRC,PTPRN2,RBFOX1,SEL1L,SMIM31,SNX16,SPRY2,ST3GAL1,ST6GAL1,STARD13,STIM2,STK24,TMEM9,TMX3,UQCRFS1,VAPA,VRK3,ZFAT,ZNF385D
1283	ADAM29,ANKRD10,APBB1IP,APCS,APIP,ARRDC3,CBLB,CDH9,COX10-DT,DMRT2,DPP6,ENPEP,EPAS1,ERAP2,FBLN2,FNDC1,GABRA1,GLIS3,GRM7,GRXCR2,IMMP2L,IQCH-AS1,ITGA4,KCP,LPIN1,LRRC4C,MEAK7,MPP7,MSRA,MSX2,NCAM2,PCDH17,POM121L12,PRKD1,PTER,PTN,RAF1,RBFOX1,RFPL4B,SERPINB11,SLC17A6,SLC2A9,SLC35F5,TLL1,TMCO4,TMPRSS15,TNS3,TSPAN13,ZP4
1284	ABCA10,ADRA1B,AFAP1,ALAD,ARL4A,CCM2,CDCP1,CEP63,CEPT1,CLIC5,CTNNB1,DOK5,ENSG00000285601,ENSG00000286289,ENSG00000289710,EYS,FBN3,FIS1,GATA3,HMGCS2,MDFIC2,MYC,MYF5,MYO16,MYOM1,NRXN1,NXPH1,PAG1,PCSK5,PINK1,PRR16,PTPRB,RASEF,RBFOX1,RGMA,RHOU,SALL3,SLC6A2,SRRM4,TAFA5,TMPO,TMPRSS15,TSPAN18,TUBA3C,UNC5B,UNCX,VRK1,ZNF385D,ZNF536
1285	AKT1,AMZ2,ARAP2,ARHGAP42,ASS1,ATP8A2,CAPRIN2,CBLN4,CCDC179,CFAP36,CSMD1,DAOA,DCUN1D4,DHRS3,ENSG00000283563,EPHA6,EYA1,FAM86B2,FERMT1,FGF9,GRAMD2B,GRM7,HMCN1,HPGD,HS3ST4,IMMP2L,LINC00896,MAF,MAFB,MARCO,NADSYN1,NECTIN1,NEDD9,NWD2,PKD1L1,PRDM16,PTER,RBFOX1,RERG,RFX6,RGS6,SCN1A,SLFN12,SOX11,ST6GALNAC5,THRB,TNIK,UBE2E1,WDR72
1286	ACKR3,ACSL1,AGA,ANKS1B,ARAP2,ATF7IP2,BNIP5,CCDC179,CHORDC1,CIDEA,COPS8-DT,COX10-DT,CPEB2,CSMD1,DESI1,DOK6,ECRG4,ENSG00000266928,ENSG00000282012,ENSG00000285471,ENSG00000289580,EYS,GOLIM4,GRIN3A,ID2,KCNH5,LINGO2,LRIG1,MECOM,NRXN1,ODF1,PCDH7,PTPRD,RBMS3,RERE,RFWD3,RNF217,RP1,RPL23,SOX1,TGM3,TLE4,TMCO5A,TOX,TSHZ2,VTCN1,WDR36,ZBBX,ZNF695
1287	AACS,ANO3,APBA2,CCNY,CHRM3,CXCL12,CYYR1,DDX41,DOCK1,DPYD,ELAVL2,ENSG00000289710,GAS1,GCC2,GPAT3,GRID2,GSE1,H2AC6,INTU,KLHL1,LINC02245,LINC03051,LPP,MARCHF11,MTRES1,MTX2,NCAM2,NUP50,NXPH1,PCDH10-DT,PCDH7,PRKG1,PTER,REEP3,SALL3,SEL1L,SGCZ,SINHCAF,SLC18A1,SLC35D4,SLC39A12,SPTLC3,TGFB2,TMEM150B,TNIP1,YES1,ZNF765,ZNRF1
1288	ARAP2,ASAP1,ATF7IP2,AVL9,CACNA1A,CARD8,CDCA7L,CENPF,DEPDC1,ENSG00000241690,ENSG00000241754,ENSG00000260361,ENSG00000285733,ETV1,GRIN2A,HMX2,HPSE2,IL7,ITPR1,JARID2,KLF4,KLHL1,LINC01479,MAPK10,MDFI,MGRN1,NKAIN2,NPHS2,NRN1,PABPC4L,PARD3B,PLEKHA5,PMP22,PROX1,RBM47,RYR2,SIAH3,SOCS2,STK32B,TDRD15,TENM3,TNNI1,TPST2,TSPAN18,TTC7A,VCAN,VGLL4,XKR3,ZNF737
1289	AASDH,ADGRD1,ADRA2A,APOBEC3H,BHLHA9,BROX,CACNA1C,CST6,CTSZ,CYP11B2,DDX60L,DNAH11,DYNC2H1,EVC2,FAM107B,FBXL18,GALNTL5,GGTLC1,GLRB,H3-7,IGFBP3,KL,LCP2,LINC02846,MAP3K21,MRAS,NRXN3,PCDH7,PCGF5,PRB2,PRDM9,PRR20E,PTGER3,PTPRG,RBFOX1,RFX6,SEPTIN10,SIAH2,SLC10A2,SNX29,SPATA19,SPATA31C1,SRL,STARD13,THBS2,TMEM178B,TNFRSF21,WDR17,ZNF302
1290	ABCA13,ABLIM1,AIDA,AIFM3,AK3,ASTN1,CALD1,CERS4,CIB1,COX10,CTSL,DOK5,ENSG00000256417,FN1,FOXF1,FTMT,GALR1,INHBA,IRS1,ITGB3BP,KCNJ18,KCNS3,KDM8,LINC02561,MACROD2,MAGI1,MCHR2,MYO1E,MYO1F,MYOM3,NHLRC1,NRG4,PLXNA4,RNF150,RUNX1,SEL1L3,SLC28A3,SLC35F3,TBC1D2,TCERG1L,THG1L,TLE3,TNIP3,TPM1,TUT7,UGT2B28,VGLL3,ZMYND8,ZNF532
1291	ADORA1,ANKRD30B,ARRDC4,C1orf174,CACNA2D1,CACNA2D3,CCDC60,CD93,CDC73,CDH13,CHGB,CKAP4,CLHC1,CNTN5,COL15A1,COL6A3,CTSO,DRD1,EFCAB11,ENSG00000197991,FOXI2,GFPT1,GNB4,IGHMBP2,IRX2,KCNB2,KCNIP4,KDR,KLHL1,LINC00662,MLPH,MYH10,MYH9,NANOG,NEDD4,NID1,NPHP4,NR2F2,NTRK3,NUDT12,SEMA4B,SHLD1,SORCS2,SPTLC3,SULF1,TIGD4,TRBV5-1,XKR4
1292	ADAMTS16,ADAMTSL1,ADGRL3,AGAP1,AGBL1,ARAP2,ASIC2,ATP10B,ATP2B1,ATP2B2-IT1,BARX2,C9orf72,CA10,CHRM3,CLDN23,CPEB4,CSMD1,DEFB4B,DHCR7-DT,DNAH8,DPP10,ETAA1,EYS,FBH1,FBXO15,FBXO44,GOLT1B,HNRNPR,INSR,LRFN5,MEI4,MEOX2,MYO16,NCAM2,NYAP2,PCDH7,PGCKA1,PHLDA1,PRKCE,PXDN,RARRES2,SERPINB8,SLC30A8,SMLR1,SVIL,TBC1D1,WDR17
1293	ACSL1,ADAMTS19,ADRA1D,AKR1E2,ANKRD18A,ARHGAP18,ARHGAP35,ARHGEF28,CA8,CNTN5,COL6A3,CRAT,CYP26A1,DACH1,ENPP1,ENSG00000226994,ENSG00000255477,ENSG00000288741,ERVH48-1,EYS,GDNF,HES1,HMCN2,ID2,IL19,IZUMO3,JRKL,KIF26B,KLHL1,MAML3,MASP1,MBD5,NAT2,NCAM2,OPRM1,PAK5,PCDH7,PRDM16,RAB3GAP2,RASGEF1B,RIC3,SGCZ,SLC2A1-DT,SMIM31,SMYD2,SYN3,VEZT,ZNF331,ZNF385D-AS2
1294	ABHD4,AGA,AGTR1,ANKRD18A,ANO4,ARHGEF28,ATP6V0E2,CAMTA1,CNTN6,COBL,DOCK1,DOK5,EBPL,EIF3H,ENSG00000274090,ENSG00000282278,ENSG00000288000,FBXL7,FNIP2,FREM3,GOLGA8R,IGFBP7,KCNJ6,KCNK9,LYZL1,MGRN1,MYOM2,NDN,NSG2,NWD2,PAX5,PODXL,RBFOX3,RGS9,RNF144A,RNPEP,SLC1A4,SNAP25,SOX11,SOX4,STIM2,TMEM132D,VAX1,WWOX,XKR5,ZNF37A,ZNF804A,ZNF804B,ZWINT
1295	ARL16,CDH9,CRYZ,CSMD3,CTNS,DLGAP2,DMRTA1,DZANK1,ENSG00000188897,EPHA5,ERG,FGF12,FSCB,FSTL5,GAB1,GALNTL6,GFRA2,GLIS3,IGLL1,IPMK,LCP1,LINC02177,LMCD1,MGAT5,NCS1,NDUFA4,NDUFAF6,NXPH1,PABPC1,PABPC4L,PCDH7,PPP3R1,PTER,RAG1,RDH13,RORA,S100PBP,SCFD2,SDK1,SEMA3C,SETBP1,SLC28A3,TAFA2,TBX3,TENM4,TNFSF10,TNIK,ZMIZ1
1296	AGAP1-IT1,ARHGAP28,ATP11A,ATXN3,CDH19,CDIN1,CYYR1,DAOA,DNAH11,DNAH5,DPP6,ELAVL2,ENSG00000278071,ENSG00000285635,FOXC2,FOXD1,GATA3,GFRA2,GLI3,GPAM,INPP5D,INTS10,IQCM,IRAK1BP1,IRX2,LARGE1,LINC00861,LINC01234,LINC02021,MGMT,MSH3,NOX4,NRP2,NSUN3,NTAN1,PCDH7,PCTP,RDH13,RYR3-AS1,SALL4,SDK1,SEMA3C,SEMA6A,TGFBR2,TM4SF4,TRIML1,UTRN,ZNF862
1297	ANO3,ANO4,ARHGAP5,CCDC54,CCNA1,CDH4,CDIN1,CLUL1,CRYM,DBF4B,DPP6,DSEL,ENSG00000227718,ENSG00000233974,ENSG00000289113,ERMARD,ETS1,FAM3C,FAT4,FBN2,FSTL5,GPR26,IRX2,LINC02041,LINC02405,MKLN1,MROH7,NDST4,NPAS2,NUDT4,PARD3,PDCD6IP,PDE3A,PLXDC2,PMP2,PTGES,RBM46,REST,RIC1,SH3TC1,SLC45A1,SOX4,TPM1,TUSC3,TWIST2,UBE3A,VLDLR-AS1,WDR36,XYLT1
1298	AFDN,ANO4,ARAP2,ATP1B1,AUTS2,BICD1,BMAL1,BRINP3,CAMK4,CASP1,CNTNAP2,DGKE,DOK6,ENSG00000286299,FAM135B,FASLG,FBXO28,FGF20,FOXL3,GOLIM4,GPC6,HMX1,IGFBP3,LINC00525,LINC02018,LPCAT4,LRFN5,LZTS1,NECTIN3,OSBPL10,PPP2R5E,PPP3R1,RARS2,RHPN2,RMI2,RNASEH2B,RNF144A,RYR2,SEC61G,SLIRP,SMURF1,SPATA18,SPRY2,SYK,TMPRSS2,TRPM3,UBC,UBE2QL1,ZFP42
1299	ADGRA3,ADGRV1,ANKRD50,APBB1,BCAS1,CCZ1B,CSMD1,CTNNA3,DHX35,DOK5,DOK6,DPPA4,ENSG00000236744,ENSG00000253288,ENSG00000288253,FAM181B,FAM98A,HRH4,HTR1B,HTR1E,IMMP2L,IRF8,KCNS3,LIMCH1,LINC01811,LRRC74B,OLR1,OPRK1,PCDH9,PDE5A,PFKP,PHYHIP,POLR1D,PPM1H,PRDM11,PRND,RASSF2,SCD5,SEL1L,SLITRK6,STAB2,SYT9-AS1,TBC1D32,TMEM106B,TMEM181,TRPC4,TTC3,UNC5B,UQCRFS1
1300	ACO1,ADAMTS16,ADGRD1,ASB3,BEGAIN,BRINP3,CDH2,CDH8,CISD1,CNTN5,COL4A1,CPAP,CTSE,EFEMP1,ENSG00000269102,EPHA8,FUT2,GAD2,GNA14,GNG4,GRM7,HNF1B,KCNC2,LINC02055,LRRTM4,LY6D,MAP4K4,MCPH1,MFGE8,MTNR1B,MYOCD,NEDD4L,NRN1,OOSP4B,PDE1C,PTPRS,RAB2A,RSL24D1,SEMA3D,SEMA6A,SERPINB1,SILC1,TMEM132B,TRIML1,UCK2,VLDLR-AS1,WIPF3,ZBBX,ZFAT
1301	ADAM29,ALDH3A2,ATP11A,BANK1,BTBD3,CCBE1,CDKN2B,CELF2,CHI3L2,CNTNAP5,CTAGE15,CTH,DUSP19,ENSG00000244151,ENSG00000286209,EVC2,FOXF2,GABRB3,GALNT13,GBP3,GLRX3,IGF1R,IPMK,IYD,KCNE1,KCNQ5,KIAA1755,LILRB1,MYO16,NDN,OPRK1,OTOG,PCDH20,PDE5A,PIGN,PTPRR,RAB28,RFLNA,RGS6,ROBO2,SLC24A2,SLC9A9,SPATA31A5,TLE4,TMOD1,TMPRSS15,TSHZ3,UBE2E2,UNC5D
1302	ACSL5,AGL,ANK1,ANKS1B,C2CD4B,CACNB2,CBLB,CDC42EP4,CDKAL1,CTNNA3,DAPK1,DPYD,ENSG00000197991,HS3ST1-AS1,KATNBL1,KCNIP4,LAMA4,LBHD2,LIAT1,LIG4,LRRTM4,MACROD2,MAP3K1,MICU3,MKX,MRE11,OTOF,PADI4,PHACTR1,PPM1H,PRDM5,PTP4A3,RBM20,RFXAP,ROBO2,RXFP2,SGSM1,SLC15A1,SLC9B1,SORBS2,TENM4,TEX36,TMEM132C,TSN,UGT2B15,VSTM2B,WFS1,ZIM2,ZNF83
1303	ACKR3,ADSS1,ALG10,ARHGEF26,ATP2B2,BOD1L1,CSMD1,CSRP3,CXADR,DOCK9,DSC2,ENSG00000243089,ENSG00000248223,ENSG00000251488,ETV6,FLT3,FRMD4B,FSHR,FZD1,GALNTL6,GTF3A,KCNQ1,LGALS9,LINC00987,LINC02482,LPIN1,MYOCD,NCAM2,NELL1,NKAIN3,OPTN,PTPN18,ROBO2,SBNO2,SDK2,SEC61G,SERPINA5,SGK1,SMCP,SOX11,SYT6,TAFA5,TENM3,TMCO5A,TUBGCP3,XRCC2,ZUP1
1304	ADCYAP1,ASCL2,BACH1,BLM,CD86,CNTNAP2,COPS8,CYYR1,DCDC2C,DHX15,EDEM1,EIF2S3B,ENSG00000197991,ENSG00000283667,ESRRG,FAS,FCRL5,GALR1,GLI2,HTR3A,IGFBP7,IL4R,KCNN2,KHDRBS2,KIF12,KIF26A,KPNA2,LUZP2,MINDY3,NALF1,NALT1,NFKBIA,NOX4,NRIP1,PCDH7,PKHD1,PLCB1,PSPN,RBMS3,RHPN2,RNF144B,SCAMP1,SEL1L,SKOR2,SLC35F4,SOX9,ST8SIA2,SYN3,TRG-AS1
1305	ACTR3C,ADAMTS3,APBB1IP,ATP5PO,C8orf74,CCDC186,CDH11,CLDN5,CSMD1,CUBN,CYLC2,DTX4,EEF1E1,ENSG00000254000,ENSG00000287815,EVC2,FAM181B,FBXO3-DT,GALC,HLA-DQA2,IFTAP,LAMB3,LINC01697,LINGO2,LMCD1,MED27,METTL4,MKRN1,MRPS9-AS1,MYO1E,NUDT12,OR52E1,OTOP1,PCDH15,PDGFA,PLCG2,PLD1,POLE4,RBAK-RBAKDN,RERG,SDK2,SPC25,STT3B,TASOR,TENM4,TMEM167A,TRIML2,TRPS1,WASHC2C
1306	ABCA4,ABCA8,ADGRL1,BACE2,CBLC,CD300A,CFAP418,CHN2,CHST9,COL9A3,CPS1,CYRIA,DOCK9,DSEL,ENSG00000283674,ENSG00000289540,GALC,GALNT17,GCNT1,GRM5,HAUS3,HSD17B3,KCNA1,KLF4,LMBRD1,LRP3,MRAP2,MZT2A,NALF1,NR5A2,PDE3A,PTPRD,RCSD1,RPF2,SLC24A3,SLC39A8,SOX9,SYNPR,TBC1D22A,TENM4,TNFRSF13B,TRAP1,TRIML1,UTP23,ZFAT,ZFPM2,ZFR2,ZHX2
1307	ACSM5,ACTL8,ADCYAP1,ADRA2A,AJAP1,ALDH3B1,ARAP2,C16orf95,C6orf118,CACNA1C,CD9,CDH10,CDH12,CDH18,CDK18,CHRM3,COCH,COL5A2,COPRS,DSEL,ENSG00000285566,EPHA4,EPHA8,EYS,FMN2,GOLIM4,GRIK2,GUCY1A2,LVRN,NCAM2,PCDH18,PLCB1,PREX1,RNF217,RORB,RWDD3,SLC35D1,SLC36A2,SLC39A10,SMAD2,SOX11,ST8SIA4,STK32B,TBXT,TNS1,UCK2,VNN1,ZNF91,ZWINT
1308	ACTR3C,ACTRT2,AHR,ANK1,CCT5-AS1,CDC123,CDH9,CLNK,CNTN6,CPA6,DTHD1,DUSP29,ENSG00000286254,EYA4,FBXW7,FCRL5,FREM2,GALNT13,GPD1L,INHBB,JAG1,KIF25,LAP3,LINC01884,LINGO2,LRATD1,LRRC30,MCPH1,MEGF10,MEGF6,PCDH15,PCLO,PID1,PIGN,PIP4K2A,PLCL2,PPFIA1,PUM1,QRFPR,RBM38,RGS13,RREB1,SGCD,SLC15A5,SNX29,TLE3,TOGARAM2,ZBTB18
1309	ABCA1,ARHGAP20,BSG,CA10,CAMK4,CLMN,CNTNAP2,CST1,CTSL,DARS1,DLEU7,ENSG00000286864,EPHA4,FBXO15,FHIT,GABRG2,GALR1,GHRHR,GRIK2,GRM7,ITGA6,KCNIP1,KIAA1958,LDLRAD4,LINC02041,LINC03072,OTOP1,PCDH7,PIK3C3,PLCG2,POU5F1B,PTPRT,RBM23,RPRM,SALL3,SCFD2,SHISAL1,SLC4A4,SLC8A1,SOX9,SPATA7,TBC1D22A,TLN2,TMPRSS15,TOX,TSPAN11,XYLT1,YWHAE,ZNF761
1310	ABCC4,ADAMTS5,ADGRL3,ADRA1B,ALPK2,APIP,B3GNT7,C4orf54,CCDC190,CCNG2,COL4A3,CSMD1,CYRIA,DDX11,EDAR,ELAVL2,ENSG00000277229,FOXD4L6,GSG1L,GUF1,KDM4C,KLHL29,LINC02147,MGMT,MS4A7,MTRES1,NCAM1,NCAM2,OAS2,PACRGL,PGR,PTPRN2,RABGGTB,SEZ6L,SLC35F3,SLC39A10,STMN2,STPG2,TACR3,TBC1D22A,TBL1XR1,TMEM114,TRAPPC12,TSHZ2,TSN,UFM1,ZIC1,ZNF366
1311	ADGRB3,ALDH8A1,ANKRD50,BASP1,BCKDHB,CACNA2D3,CDH26,CNTN3,COA1,CYLC2,DGKB,ENSG00000237342,ENSG00000270426,ENSG00000287848,ENSG00000288757,EPHA4,FAM234B,FBLN2,GLG1,HERC2,KAZN,KRT8,LINC01273,LRIG1,LRRC4C,MXRA7,MYH9,NAP1L4,NRXN3,OLFM4,OR1Q1,PDZRN4,PLGRKT,PLXDC2,PODXL,PRDM5,PRKAG2,PTPRD,RAB38,RBFOX1,RNF144A,SGCG,SMIM21,SOCS6,SOX11,SOX5,TRPC4,YBX3
1312	ABCA13,ABCC4,ADCY9,ANKH,ARRDC4,ASIC2,ATXN7L1,CAMTA1,CNTN6,DMKN,ECI2,EMP1,ENPP6,ENSG00000285553,ERBB4,FAM181B,FOXP1,FSCB,GMDS-DT,GMPR,GNG12-AS1,GPR158,HMGN1,IMPG1,JARID2,LINC00189,LINC02342,NKAIN2,NPRL3,NTRK3,PAK5,PARM1,PIP4K2A,PKDCC,PLPPR4,PRDM16,PRMT8,RNF144A,RPP40,RPS14,RYR2,SLC31A1,SOCS6,SORCS3,TCL1A,TMC2,TRERF1,TYRP1
1313	ABCA1,ABCB1,ADRA2C,ALAD,ATF7IP2,BPNT2,CD38,CER1,COL25A1,DSC3,DTHD1,EMCN,ENSG00000230492,EVC,EYS,FAM13A,FARP1,FGF9,GBE1,GLI2,GRID2,GRIK1,GRM7,HS3ST1,IGF2BP2,ITGB8,KCNIP4,KIAA1755,LINC02984,LPCAT1,MARCHF1,MGME1,MRTFB,MTRR,PDE5A,PLCB4,PLXDC2,PTPRD,PTPRG,RBFOX1,SCIMP,SLC15A4,SOX11,SUGCT,TAFA2,TECTA,TRPM8,ZNF415,ZNF783
1314	ABCA8,ACSL1,ACYP2,ADGRB3,ANO1,AP1M1,APELA,ARHGAP25,ATG5,ATP11A,CELF2,CMTM8,CRIM1,DFFB,DMRTA1,DRC11,ENSG00000273167,GCAT,GLRX3,GRK7,GSG1L,IL1RN,KCNJ16,KCNK5,LINC02576,LRRK1,MYCN,MYT1L,NAV2,NCAM2,NTRK3,OAS2,PLXNA1,PLXNC1,POU1F1,PUM3,QRFPR,RNASET2,SEZ6L,SHB,SI,SOHLH2,SOWAHB,ST18,THSD4,TPK1,TYRP1,UNC5A,ZNF677
1315	ACYP2,ADCYAP1,ADGRA3,ANKRD50,ANO3,ARHGAP25,CACNA1E,CDH8,CMC1,CNTN6,CNTNAP2,CYLC2,DLGAP1,ENSG00000248431,FSTL4,GPM6A,GRB14,GUCY1A2,HS3ST4,HSD3B2,HTATIP2,IRF2BPL,KLF13,KLF5,LPP,MPHOSPH6,MTHFSD,NFIB,NRSN1,NXPH1,PARD3B,PDE8A,PIP4K2A,POSTN,RYR3,SIM1,SLC25A37,SLX9,STT3B,SUCNR1,TBC1D2,TFAP2A,TFCP2L1,TMX3,TRAPPC9,TTYH1,VRK1,VSTM2A,ZIC1
1316	ANK3,BLCAP,CA5A,CDH8,CENPP,CHST9,CNTN5,CRYBG1,CST1,CYTL1,DNAH5,ELOVL2,ETS1,EYS,FAM98A,GSG1L,IL17RC,KCTD15,LAPTM5,LDLRAD3,LINC00507,LINC01344,LINC02506,MRGPRX1,NAV1,NPHP4,OR10G2,PHACTR3,PIP4K2A,PIRT,PPCDC,PTPRN2,RNLS,SLC10A2,SLITRK1,SNTG1,SORCS1,SV2C,TLL1,TMEM114,TMEM132B,UBE2E1,ZBTB7C,ZFP36L1,ZNF521
1317	ANK2,CLIC5,CREB3L2,DRC7,EEF1E1,ENSG00000282142,FERD3L,FTMT,GABRB3,GALNTL6,GAS1,IRX2,ITGB4,LALBA,LINC01659,LRFN2,MCPH1,MCTP2,MIR646HG,MRPL9,MUC4,NCKAP5,OR51V1,PLCH1,PNPLA3,PPP1R14C,PRDX6,PTPN5,PYHIN1,RFC3,RIT2,RP1L1,SH3BP4,SLITRK6,SMIM21,SOX17,SPINK5,SPTLC1,STPG2,SUCLG1,TMCC3,TMEM132B,TMEM135,TMEM50B,TRPC6,UNC13C,WDR7,WIPF1,ZNF385D
1318	ATP8A1,BCL7A,BUD13,CAMK4,CCDC190,CCDC59,CCDC81,CCZ1B,CD5L,CDH6,CNTNAP2,CPXM2,CTIF,DYNLRB2,EEPD1,FBXW7,FLYWCH1,FSTL5,GABRB3,GFRA2,GRXCR1,LARP1,LRFN2,LRIG1,LRRC4C,MARCHF1,MRPS9,MTPN,NAV3,NEDD1,NET1,NRXN1,OR2C3,PACRG,PAK1,PDLIM5,RGS6,RIMBP2,RPP40,SGCZ,SKIC3,SLC10A2,TLL1,TMTC1,TOGARAM2,TRAM1L1,WSCD1,ZFAT,ZNF200
1319	ATG4C,BMPER,C1orf174,CALN1,CDH7,CNTN3,CRYGB,DGKH,DUSP26,DYNC2H1,ENSG00000251567,ESRRB,FBN1,FOXF2,FUT8,GALNT6,GFRA2,GPATCH1,H3-5,HACE1,IFNG-AS1,ITGA6,KCNB2,LAMA2,LINC02055,LINC03229,LPIN1,MED13L,MGMT,NECTIN1-DT,NFIC,PCSK2,PRSS35,PTPRD,PTPRU,RBFOX1,RNF144A,RNF150,SH3TC2,SLITRK6,SRL,TMX3,TRAPPC9,TRIM77,TWIST1,UGT2B4,VSTM2A,XYLT1,ZFP28
1320	ADAD2,ADAMTS3,ADGRF1,ADGRL4,AGR2,ALOX5AP,ARHGEF26,ARRDC2,CCBE1,CCDC192,CCSER1,CDC5L,CFAP299,CLDN1,COL6A3,CPM,CTNNA2,DACH1,DCN,DTX4,ENSG00000285526,ERCC5,FAM124B,GARS1,GATA3,GGTLC2,HSD17B4,IL17RA,ITGB4,NDUFB1,NRG1,OR4E1,OTUD7A,PLEKHG1,POLR1D,SELENOW,SFMBT2,SH3RF1,SNTB1,SOWAHB,ST8SIA2,TAPT1,TM2D3,TRPC6,UBASH3B,WIPF1,WWOX,ZC3HAV1,ZNF331
1321	ABR,ADGRL3,AKR1C4,ARAP2,ATP13A3,ATXN1,BANK1,CNST,DAOA,DUSP10,ERCC6L2,FNDC1,FOXC1,FREM2,FRMD1,FSTL5,GALC,GLRX3,GPM6A,GRIN3A,GSC,HHATL,KIF16B,KIRREL3,LCE1E,LRRC3B,MTUS2,MXRA7,NPC1,P4HB,PDE5A,PDLIM5,PFKFB3,PROX1,PTPRT,RBBP5,SEC14L1,SEMA6A,SI,SKOR2,SLC43A2,SOX11,SPSB4,TMPRSS15,UGT2A3,YIPF5,ZNF436
1322	ACO1,ADCY9,ADGRL3,ADH1C,BABAM2,BPNT2,C6orf163,CHRM2,CNTN4,COX7C,CTSC,DCHS2,DEFB130A,DELE1,DYNLRB2,EEPD1,ENSG00000258417,ERVH-3,FTO,FXYD4,GATA3,GPA33,IRX2,KCNMB2,KIAA1217,KIF16B,KIRREL3,LDB2,LINC00667,LRP1B,NCAM2,NCK2,NUB1,OR10A6,OSTN,PCDH15,PGM2,RICTOR,ROBO2,SCUBE1,SH3GLB1,SOX5-AS1,SPOCK3,STX8,TECTB,TENM3,TPK1,ZFAT,ZMIZ1
1323	AFF3,AMPD3,ARHGAP22,ATP2B4,CABIN1,CARD11,CIMIP5,CNOT4,CPEB2,CRIM1,DSC1,EFL1,FHIT,FOXF1,FOXRED2,GAREM1,GCLC,GFRA2,GNA12,GRIN3A,GTF2I,GYPC,HERPUD2,HLA-DRB5,IGFBP7,LIMCH1,LYPLAL1,MAPK13,MYEOV,MYT1L,NCAM2,OSR1,PCDH15,PHACTR2,RBFOX1,RCSD1,RYBP,SLC4A3,SPAG16,SPDYE21,ST8SIA4,SV2C,TARP,THSD4,TMPRSS15,VPS26C,ZPLD1,ZRANB1
1324	ADAMTS16,ADAMTS17,ADGRL1,ALDH3B2,ANKEF1,ANO1,BCAS1,C11orf71,C6orf52,CACNA2D1,CAMTA1,CAPN8,CCDC179,CNTN6,CXCL8,CYLC2,DCDC2C,EYA1,FAM53A,FAM78B,FCRLA,FOXN3,FRMD4A,IQSEC1,IRX2,ITGA4,KCNMB2,LRRC4C,LUZP2,MIS18BP1,MITF,MUC4,PCDH7,PCSK1,PRKCB,RBFOX1,SCO1,SI,SIPA1L2,SLCO3A1,SNRPN,STXBP4,SUB1,SURF1,TACR1,TBRG4,TMEM232,VSIG10
1325	ABCA7,ARAP2,ATP1B3,BAMBI,CD27-AS1,CHRM3,CPEB2,DIPK2A,FLT3,GLCCI1-DT,GPR39,GYPC,HRH1,IFI16,IL7,KCNA1,KLHL1,KLKB1,LAMA1,LINC01800,LINC02661,LMX1B,LRIG2,LUZP2,MIF,MTCL1,NHLRC1,OSTF1,PALD1,PIWIL1,RPL17,RPS23,SEL1L,SGO1,SHH,SLC18A1,SLC39A10,SNHG12,SOD2,STK39,SYTL3,TM4SF1,TMX3,TSC22D1,UGT2B28,VLDLR,VWDE,ZFYVE28
1326	AGBL1,ANKRD55,ARHGEF28,ASB7,ASIC2,B3GALNT2,BMP2,CACNA1E,CBLB,CFAP20DC,CYP7B1,DCDC2C,DEFA5,DNM1L,DRD1,EDEM1,ELAVL2,ENSG00000288887,EPHA5,FAM20A,IDH2,ITPRID1,KLF4,LINC01579,LINC01728,LZTS1,MEI4,MTHFS,MTRR,NCOR2,NOP56,NR5A2,NRXN1,NUF2,OTUB1,PHYKPL,RASSF10,RCAN3,SERPINB5,SLC8A1,SLITRK6,SSTR5,TMCO5A,TRPC6,TUSC3,TYRP1,VAV2,ZHX2
1327	ACOXL,ACTR3C,ADGRB3,ARRDC4,BMP2,C16orf82,CAMTA1,CASZ1,CDH13,CFAP161,COL24A1,DYNC2H1,ENPEP,ENSG00000288895,ERVH48-1,EVA1C,FHOD3,FMN2,GGH,HELLS,HS3ST4,HSD3B1,INSIG1,ITGA11,LNCRMP,MAF,MBL2,NALCN,NCAM2,NLRP3,NXPH1,PAPPA,PAPSS1,PCDH7,PLA2G4A,PROK2,RALYL,ROBO2,SAYSD1,SEMA4D,SESN3,SGCG,SPAAR,TCF7L1,TLL1,TMCC3,TMPRSS15,WASHC2A,ZNF254
1328	ACO1,ADRA1D,ASXL2,BZW2,C16orf95,CBLN4,CCT5,CDH6,COG2,CYTH4,EFNA5,ELP3,ERAP1,FABP6-AS1,GATA3,GHR,GLIPR1,GPD1L,GPM6A,HS1BP3,HS3ST3A1,JAG1,KCNMB2,KCNT2,KLHL31,LAMA2,LINC02856,MED13L,PCTP,PKNOX1,PPP1R14C,RAB11B-AS1,RAP1GAP,RBFOX1,ROBO1,ROBO2,RP1,SFRP4,SLCO5A1,SLITRK1,SMAD5,TACSTD2,TCIM,TMPRSS15,TSPEAR,VLDLR,XRCC2,ZMAT4,ZNF600
1329	ABCB5,ADAMTS1,ADAMTS5,AGT,ALK,ASTN2,BICD1,CCDC171,CDC14C,CHRM3,CLDN1,CMTM8,COL22A1,DPP6,EFR3A,ELMO1,EMCN,ENSG00000225889,ENSG00000232063,ENSG00000259668,FHIT,FRMD3,FSCB,FSTL5,GALNT13,GPM6A,GRIN2A,H3-5,HEATR5B,HGF,HS3ST5,LINC00343,MANEA,METTL4,MTCL1,MTHFS,PARD3B,PATJ,PHOX2B,RFC3,RGS7,RIPOR2,SERPINB8,SLC1A3,ST6GALNAC5,STARD13,TMEM235,TSNARE1,VSTM2A
1330	ACACB,ALCAM,ANO3,ATXN7L3B,BCL11B,CBX4,CHRM3,COMMD10,DSG4,EGFR,ENSG00000286123,ENSG00000288718,ERICH1,FAM76B,FMO4,GOLT1B,GPR158,GRK6,GRM5,GRM7,HGF,INTU,JAKMIP2,LINC01515,LINC02218,LRATD2,LRRC4C,MBL2,MSX2,MTRR,MYO3B,PLD5,PRKCE,PTPRK,PUM3,PXYLP1,RBM24,RNASE6,SERINC5,SPTLC3,STK32B,STX7,SYNE3,VAX1,WDR59,ZCCHC4,ZFAT,ZMIZ1,ZNF697
1331	AACS,ABRACL,ASIC2,BMPR1B,CAMK1D,CAMK1G,CCDC71L,CDH6,CDH7,CHMP7,CIMIP1,CIT,CMYA5,CNTNAP2,DAB1,DAP,EIF3M,ENSG00000230333,ENSG00000272625,ENSG00000281883,FBXL18,FOXL1,GADD45G,GNAQ,GPR137B,HEY1,KCNMA1,LINC01515,LMF1,LMX1B,MRPL39,NECTIN3-AS1,NRG1,NWD2,OR4E1,PARAIL,PINX1,POR,SAMD12,SCYGR4,SDC2,SP4,TENM3,TGFBR2,TP53I11,USP24,VSTM2A,WDR1,ZNF519
1332	AKAP6,ANO3,ARHGEF28,ASB3,BCL11B,CCDC102B,CNTN4,CRHR2,DSCAM,FGF12,FREM2,GNPDA2,HS3ST4,ID4,KCNJ2,KHDRBS3,KIRREL3-AS1,KLHL25,LINC00877,LMCD1,LONRF1,LRRC4C,LSAMP,MALRD1,MSR1,NR2F2,NTNG2,NXPH1,PAWR,PAX3,PDXDC1,PELATON,PLXNA4,PPARGC1A,PROK1,PTPRD,QKILA,SGCB,SIGLEC9,SIRPA,SLCO1B3,SRP54,STXBP6,TAFA5,XIRP2,ZFAT,ZNF518A
1333	ADRB2,AKR1C3,APBB1IP,ARAP2,CLEC11A,DCLK1,DLGAP2,DPF3,DUT,ELOVL2-AS1,ENSG00000225751,ENSG00000250378,ENSG00000268650,ENSG00000275202,ENSG00000287550,ENSG00000288767,FAM78B,FGF9,FHIT,FRMD4A,GOT2,INSYN2A,IRF8,LINC02482,LPAR3,LRRIQ3,MAF,MAP2,MYC,NAMPT,PCDH7,PKDCC,PPIP5K2,PPP3CC,PRR5,RBBP6,RBFOX1,REG3G,SDK1,SLC9A9,TBL1XR1,TNRC18,TRIM2,UFM1,VSTM2A,WRN,WWOX,ZFAT,ZNF385D
1334	ACO1,ALKAL2,ATXN3,BMP2,C2orf80,CAB39L,CDC73,CDH12,CEBPZOS,CLSTN2,CSMD1,DERA,FIGNL1,GOLGA6L4,GPC5,IGFBP7,KCNJ2,LPA,MAFB,MMP7,MYO1E,NDUFA4,NEK7,NWD2,PKD1L2,PLD5,PLXNA2,PTPRM,RAC2,S1PR1,SGCZ,SMOX,SP100,SPARCL1,STEAP3,STK32B,SULF1,TCERG1L,TDRD15,TENT5A,TIAM2,TPM1,TRIM36,TRNT1,WDR72,ZBED5,ZNF148,ZNF236
1335	ACTRT3,ADAMTS9,ADAMTSL1,AGMO,ALG8,ARHGAP42,ATP2B1,B3GALT1,CARS1,CDH13,CTNNA3,DAD1,FAM50B,FAT4,FHIT,GFRAL,GLIS3,GM2A,KRT7,LINC02021,LMO3,MAGI1,MC5R,MSX2,MTUS1,NAALADL2,NDUFA3,NPIPA8,NVL,NYAP2,PDIA5,PHACTR3,PLXNA2,PRIMA1,SARAF,SDK1,SEC11C,SEMA3C,SLC14A2,SMIM31,SYNE1,TBX15,THRB,TMCO5A,TMEM132D,TPO,UBA6,ULK2,ZNF280B
1336	ADAM28,ADAMTS5,AGA,ANKEF1,ARGLU1,ARHGAP42,ASRGL1,BCKDHB,BCL2L14,C8orf89,CAMTA1,CDH6,CISD1,CPE,CXADR,DPP10,ERG,FAM135B,FAM83B,FRAS1,FRMD4B,GOLGA6L6,GSTA2,GTF2H2,HDAC4,IL16,IL1F10,KCNH8,KLK15,LINC02428,LYRM4,MOCS1,NAALADL2,NETO1,NXN,PCDH10,PRKCE,PTK2,RPP40,RPS6KA2,SEC23IP,SELENOS,SOX11,TELO2,THEM4,UNC13C,VPS4B,XPNPEP1,ZNF133
1337	ACO1,ADGRE1,ADRA1A,AJAP1,ANKEF1,AP1S3,BLOC1S5,BTBD3,BTG1,CDH13,CDS1,CLVS1,CNTN5,COTL1,CRADD,CREB5,CUEDC1,DGKH,EIF2AK1,EMILIN2,ENSG00000241449,FAM204A,FLT1,GPC5,HELB,KDM4C,LRRC4C,NUDT12,PARP11,PDZRN3,PIWIL2,PLOD2,POPDC3,PSAT1,PTTG1,PXYLP1,RIOK1,RNF217,ROBO1,STIM2,SVEP1,THSD7B,TLE2,TMEM45B,VPS13D,VPS16,ZNF516,ZNF716
1338	ADAMTS1,AIMP1,ARGLU1,ARHGEF16,ATP2B4,BACH2,BARX2,CELF2,CHODL,CNTN4,DENND5B,DHRS1,DMRT2,DOCK1,FBXO25,FSTL5,GAP43,JAK1,KAZN,KLF10,LINC01249,LYST,MEIS3P2,MORN5,MPDZ,MSI2,NAT1,NETO1,NSG1,OSBPL3,PTPRD,RGMB,RIPOR3,RNF32,SGCZ,SLC28A2,SLC6A11,SLC6A5,SPDYE21,TBC1D32,TCERG1L,TMEM132C,TNIP1,TOX2,VAPA,WWOX,ZFAND2A,ZFPM2,ZNF292
1339	ADARB2,ARID1B,ARNT2,CACNA2D1,CDC73,CDK13,COL5A2,CRYL1,DDX18,DIP2C,ENSG00000265179,ERCC4,FGF9,FRAS1,FSTL5,GAA,GFRA2,HECW1,IPMK,IVNS1ABP,JARID2,KCNB2,KSR1,LINC02347,LPAR1,LY6E-DT,MBL2,ME3,MRPL39,MRPL43,NCAM2,NELL2,NPAS2,OLIG3,OR51V1,PDC-AS1,PMEPA1,PRMT6,PROKR2,PTPRD,PTPRE,RPTOR,SLC16A9,SLCO3A1,SNTB1,TAFA3,TMEM217,TMPRSS15,TRDN
1340	ADIPOR2,C10orf90,CARHSP1,CHST15,CMC1,DENND3,DGKE,DNAH11,EBLN2,ELAVL2,FRRS1,GK5,GPA33,IRF1,IRF8,KAZN,KLF6,LDHA,LINC00320,LINC02731,MACROD2,MED30,MMP8,MTHFSD,NAALADL2,NEIL3,NMUR1,NUDT12,NUF2,OR1N2,OSTM1,OTOR,PCDH18,PCDH7,PLA2G4A,PPARA,RAPGEF2,ROBO2,SCIN,SCOC,SERPINB8,SNTG1,UBE2QL1,UBE3A,UNC13C,USP15,USP25,WFDC13,ZFAND5
1341	ABHD5,ADPRM,ASB1,BICRA,BRINP1,CACTIN,CCDC179,CNTNAP2,COL5A1,CST2,DLGAP1,DPY19L1,ENSG00000287408,FAM114A1,FBLN2,FGF14,FHAD1,GABRB3,GNB4,GRM7,HS3ST1,IRS2,KCNT2,KIAA1217,LINC02885,LRIG1,MFSD12,MLLT1,NALCN,NTM,OR51V1,OTUD3,P2RX7,PCDH15,PDE7A,POTEH,PRR16,RAP2B,SLC24A2,SLC39A10,SLITRK6,SORL1,SOX17,SOX30,SYNE1,TNFSF11,XPR1,ZKSCAN7-AS1,ZNF277-AS1
1342	ADGRL3,ALCAM,ANKRD55,ANO5,ARSB,BANP,BMP7,CCDC85A,CDH9,COBL,CPXM2,DNHD1,ENSG00000261037,EPHX2,FCRL5,FSTL4,GLI3,GRIA1,HTR7,ICA1,INHBB,LARGE1,LINC03124,LMF1,MAP10,MGMT,NAAA,NKAIN2,NPM1,PCDH10,PIK3CG,PTPRD,RASGEF1B,RPL10L,RPL27A,SALL3,SLC35F3,SNRNP48,ST6GAL2,TLR1,TOR1AIP2,TSPAN15,UBASH3A,USP24,VSTM5,XXYLT1,ZBTB18,ZNF519,ZNF728
1343	ACER3,ACTN1,ADAMTS1,AEBP2,ATP13A3-DT,CCDC190,CDYL,CNTNAP2,COMMD10,CPNE5,CYP4F26P,DAB1,DTHD1,EFNA5,ENSG00000273550,ENSG00000282278,ENSG00000287430,ENSG00000289052,EPHA5,EPHB1,ERGIC1,GABRB3,GSTP1,HAPSTR1,HTR2A-AS1,IRS2,KIF26A,LDLRAD4,MRPL39,NT5C1B,OR10H4,PALM2AKAP2,PDZD8,RBFOX1,SGCZ,SLC9C1,SPACA7,SPRY2,SSPN,SULF1,TAS2R1,TENM3,TMEM131L,TMEM132D,TMEM156,TRIB1,TRIM68,WSB1
1344	ABCA1,ADARB2,ADGRL3,AGAP1,ANKRA2,ANKRD30A,ARHGAP42,BCL11B,CAPRIN2,CDH10,CPXM2,CSMD1,DRAM2,DRC7,EXOC2,FAM180A,GBA3,GPC5,GRIN2A,IPCEF1,KBTBD8,KLF13,LINC00879,LVRN,MACROD2,MICU3,MMP16,MMP2,NBEA,NOS1AP,PRKCQ,PRR16,PXDNL,RUNX1,SCLY,SDC2,SEC61G,TBL1XR1,THRB,TMEM231,TMEM255B,TMX3,TNFRSF10A,TPBG,TRIL,TSNARE1,VWA3B,ZBTB7A
1345	ABRA,ANKRD62,ARHGEF10L,ATP6V0A2,ATP8A2,B4GALNT3,BCL2L13,BNC2,BRINP3,BTG1,C3,CAV2,DNAH9,DRICH1,DYNC2H1,ENSG00000272275,ESM1,FAM240B,FARP1,FRMD6,GALNT2,GPC5,INHBB,KCNH5,LRP1B,LSG1,MATN1,MMP13,NAV2,NCAM2,NPBWR1,NSUN3,NTRK3,PCDH18,PCSK9,PREP,PROX1,RAB38,SBSPON,SCCPDH,SDR16C5,SIPA1L1,SLAMF7,SLC24A4,SNX5,TMEM132C,UNC5D,ZNF648
1346	ABCC1,ADCK2,ATF7IP2,C6orf118,CADM1,CBLN2,CCDC179,CCNA1,CDCA7,CFAP20DC,CLSTN2,CPO,DUSP10,EDN1,EYS,FSTL4,GFRA1,GKN2,IL15RA,LAMA2,LHFPL6,LINC00662,LINC01088,LRRC4C,MBOAT1,MINDY4,MYO15B,NPY2R,PDSS1,PDZRN4,PKD1L2,PLCB1,PXYLP1,QKI,RGMA,RN7SL419P,SEMA6A,SERBP1,SGK1,SLC45A1,SMYD3,TGFA,TLR1,UBE3D,UGT2B28,WWC1,XPNPEP1,XXYLT1
1347	ACSL3,ADARB2,AKR1C3,ANTXR2,AQP4,ARHGEF39,BPNT2,C9orf152,CCK,CHST11,CIMIP1,CRADD,CRHBP,CST2,CTNNA2,CTSB,DUSP10,EFNA5,ENSG00000224194,GLP1R,GPC5,GRIN2A,HADHB,HES1,HSP90B1,IGLL1,JRKL,KLHDC4,KRTAP4-12,LAMB4,LINC00662,LRRC3B,MDN1,MYO16,PCDH7,RAP1A,RGS1,RYR2,S100Z,SEL1L,SEMA3C,SETD7,SLC22A9,SLC25A21,STX2,SULF2,TSPAN18,ZIC1
1348	ADGRA3,AJAP1,ANAPC4,APBB2,ARAP2,ARHGAP26,C6orf118,CARD8,CCDC85A,CDH11,CEP131,ELMO1,EPB41L4A,EVA1A,EYS,FAT1,FOXL1,FOXN3,FRMD3,GRIK4,GRM7,HEMK2,LRRTM4,MFN1,MMP26,NAV3,NOX3,PIRT,PLA2G5,PLAUR,PRELP,PRKG1,PRRC1,PTPN1,SCNN1B,SH3BP4,SLC6A5,SOCS1,TGIF1,TRAM1L1,TRIB2,TSHR,TTLL7,ZFAT,ZFHX3,ZNF330,ZNHIT6,ZPLD1
1349	ADAMTS5,ADD1,AHNAK2,ARHGEF26,BNC2,CCNA1,CCND2,CPA4,CTNNA2,DHX36,DMRT2,DPP10,DPP6,EEPD1,ENSG00000286971,FOXK1,GLRA3,IGFBP3,KCNIP4,LINGO2,LUZP2,MADCAM1-AS1,MGLL,MKRN3,MOCOS,MRPL36,MSX2,NQO2,NUDT9,PAPPA,PAX7,PKN1,PPP3R1,RBM47,RDH14,REEP3,RIMBP2,RYR2,SAMD5,SEMA6D,SH3RF3,SLITRK5,SORBS2,TBC1D19,THAP12,TLE4,TNS3,TP53I11,TRAM1L1
1350	AKR1C8,ALDH1A3,ASAH1,ASAH2B,ATF7IP2,ATP6V0E2,BMP2,C9orf72,CCDC74A,CD300A,CDH18,CLDN17,CREB3L3,CSMD3,DMRT2,DNAJC5B,DOCK1,FAT2,FPGT-TNNI3K,GJB6,GOT2,GPC5,HASPIN,HHLA2,LINC00905,LINC02270,LNPK,LPP,MEI4,MT1X,NYAP2,PAM,PAPPA,PLXDC1,PPM1H,RIDA,SIPA1L2,SLC10A2,SLC22A9,SLC24A3,SLC9A2,SMIM21,SOD2,SPSB1,TAFA5,TENM4,UNC13C,ZNF217
1351	ADAMTS19,ADARB1,ADD2,ATP9A,ATXN7L1,BPNT2,CCDC59,CMTM8,CNTN3,CPEB4,CSMD1,EPB41L3,FAT3,FER,FSTL5,GPC5,HDHD5,ICE2,IYD,KCNK13,LCN9,LDLRAD3,LRRIQ3,MED13L,MMP16,MSI2,MTAP,NUDT4,PAX5,PDE11A,PTK2,PTPN1,RPS29,SAMD5,SBSPON,SDK1,SH3BP4,SLC25A52,SLC28A2,SLC37A1,TAFA5,TENM3,TOX,TRIM2,WDR11-DT,WWOX,ZFAT,ZHX2,ZNF407
1352	APBA2,ARID1B,ARNT2,C4orf50,CDH6,CMYA5,COL4A3,COX10,CTSD,CYSLTR2,DAB1,DTWD2,EDN3,ENSG00000264151,ERBB4,FAM78B,FOXO1,FUT9,GAD2,HERC4,HSF2,IGFBP3,ITGB3BP,KLHL1,LARGE1,LRRC30,LRRC4C,LTBP2,NCKAP5,NLGN1,NTPCR,PIK3C3,PNPT1,POU5F1B,SCG2,SEMA5A,SH3YL1,SLC30A8,SLC35F4,SNX19,ST3GAL1,TBC1D22A,TBL1XR1,TMEM114,TMEM92-AS1,TRAM1L1,TRHDE,UBE2E2,UNC5D
1353	ADGRL3,AOAH,APBB1IP,ARAP2,ATP8A1,CDH6,CEP295,CLDN10,CNTNAP5,CRYL1,CSMD1,DGKI,DHRS3,DPH5-DT,DPP6,DYNC1I2,ENSG00000288075,ENSG00000289710,ERBB4,FAM43A,FTMT,GRM7,GSDMC,HNRNPU,HSD17B4,KISS1,KRR1,LILRA4,LTBP1,NCOA2,NXNL2,PCDH7,PDZRN4,PSMD6,PUM3,RALYL,RBMS3,RXYLT1,SI,SLC2A2,SNCA,SPACA6,ST6GALNAC1,STIM2,TAAR6,TCERG1L,ZDHHC21,ZNF385D
1354	AGBL1,ARHGAP24,BANP,CAMTA1,CLSTN2,CSMD3,CTNNA3,CYP7B1,DIRAS2,GALC,GALR1,GLI3,GRM1,GTF2F2,IL1RAP,INF2,IPMK,KCNS3,MAT2B,METTL4,MTPN,NAV3,NCAM1,NCOR2,NEBL,NEDD4L,NRSN1,PCDH15,PCDH18,PCSK9,PLEKHB2,PLXNA4,PNRC2,PTPRD,PXDNL,RAX,ROBO1,S100A16,SH3YL1,SHISA9,SLC6A9,SLITRK1,SPHKAP,ST6GAL1,ST8SIA2,STIM2,TMEM114,TPM1,ZNF385D
1355	ADAM9,AGR2,AJAP1,AKR1C3,ARHGAP24,BANK1,BATF3,BUD13,CCDC71L,CDH9,CECR2,CHLSN-AS1,DGKB,DMRTA1,DYSF,EIF3C,FGFR2,FOXK1,GARIN1A,GATA4,GPATCH2,HNRNPA1L3,LARS1,LINC00994,LINGO2,LRP1B,MAPK4,MOB3B,MPHOSPH6,NDUFAF6,NOS2,OR10G2,OR7C2,OSCP1,PADI2,PCDH15,PDGFC,PPP2R2D,PRKN,RBFOX1,SDK2,SH3YL1,SMYD3,ST18,SVOPL,TENM3,TMPRSS15,TNPO1,TRPV1
1356	ABR,ADAMTSL1,ADCY8,ALDH1A3,ANKRD18B,BICC1,CA10,CNTNAP5,DLG2,ENSG00000285471,FBXO7,GPC5,GRIA2,H3Y1,HBG2,HIBADH,HLA-DPA1,HMCN1,KCNG1,KRT7,MAD2L1,MAPKAP1,NCAM2,NDUFA4,NLGN1,NPAP1,NRXN1,NXNL2,NXT1,PDE7B,PFKP,PLPP4,PLRG1,RBFOX3,SASH1,SLC16A7,SMC2,SNCA,SPINK5,SRP54,STARD13,STK32B,TAFA3,TAFA5,TFAP2A,WDR64,XYLT1,ZFP42,ZNF30
1357	ABI1,ACO1,AKAP6,AKR1E2,AQP4,ARL4A,ATP2B2,C2CD4B,CDH11,CDH17,CLIP4,COL4A2,CSMD1,CTNNA2,EPHA7,FENDRR,FERMT1,FGGY,GRM7,HAPSTR1,HTR2A,ITPK1,LINC00330,LINC01322,LINC02469,LRRC4C,LZTS1,MAFB,NPHP4,NSUN3,NTM,OR6N1,OSMR,PCDH9,PCSK6,PDE5A,PMM2,RBM20,RWDD3,SH3TC1,SHQ1,SLC25A3,SLC9A4,SOX11,SP140L,SYT9,WWOX,ZNF479
1358	ABCA8,ADAMTS17,AGAP1,ALDH3B2,ANXA10,ARAP2,ARHGAP20,ARHGAP42,CAMKK1,CCDC167,CDON,CIMAP3,CNOT4,COL4A3,CPNE4,ENSG00000285329,FGF20,FRMD4A,FRZB,GLUD1,GMPR,GOLGA8O,GYPC,HACE1,LHFPL6,MACROD2,MAPT,MRPL39,NAV3,NQO1-DT,OMA1,PARP11,PCDH7,PPP2R2D,PRAG1,PRKCA,PRR16,PTBP2,RUNX3,SLC24A3,SLC2A13,SLC35A5,SORCS2,STXBP4,TBX20,TESPA1,TMEM135,UNC13C
1359	ADAMTS16,ADSS2,ANKRD7,ANKS1B,ASAH1,AUP1,B4GALT5,BCAT1,CATSPERD,CIMIP5,CKAP4,CRYBA4,CYBA,DSEL,ENSG00000267574,ENSG00000288075,ETAA1,ETS1,EXOC1L,F13A1,FBXL18,GPC5,GRM7-AS3,GSTM5,HLA-DRB5,HNRNPA3,HTR1B,ITGB2,KBTBD8,LINC01418,LINC02768,LRRC4C,LSAMP,MAGI1,MCPH1,MKKS,MUC20-OT1,NTM,PHACTR2,PRIM1,RTL6,SALL3,SI,STMN2,TAFA3,TLL1,TMEM51,TTC39B,VSTM1
1360	ACTN1,ALKBH3,ARHGAP44,ARL4C,ATP10A,BMAL1,CCDC192,CLTB,CNTNAP2,COL14A1,CUL2,EDEM1,EFHD2-AS1,ENSG00000206356,FAM135B,FAM174B,FAT4,FSTL5,GATD3,HS3ST4,IGF1R,KCNJ12,LEKR1,MPHOSPH6,NOP10,NUFIP1,PADI2,PIK3C3,PLA2G4A,PLXDC2,PTPRD,PYDC2,RESF1,RIMBP2,SEMA6A,SLC22A2,SLC2A11,SMIM21,SOCS6,SORBS2,SP140L,ST20,STIM2,TBC1D22A,TINAGL1,TOX,UGT8,ZNF257,ZP4
1361	ADGRV1,AGA,ANO3,ATP8A1,ATPSCKMT,CDH8,CHRNA7,CSMD1,CXCL12,CYP27C1,DMAC1,GPNMB,HS3ST4,IFTAP,IRAK1BP1,KCNJ2,KHDRBS3,KIF2B,KLHL24,LRP1B,MANEA,MBP,MFHAS1,MKI67,MRGPRE,MTUS1,MYLK4,NAALADL2,NDUFS5,NFIB,NTMT1,OR3A2,PABPC1,PRR20A,RGS9,RPP40,RSL24D1,SEMA3C,SERPINB7,SLC4A7,SRBD1,STIM2,TAFA5,TMEM191B,TMEM260,TMPRSS4,TWIST2,ZFHX3,ZNF28
1362	ADGRB3,ALDH1A3,AMY1C,APBB2,BAMBI,BBS9,CDA,EIF5A2,EMC1,FHIT,GATA3,GPD2,HGF,ID2,IL15,ITGA8,KCNB2,KHDRBS3,LAIR2,LPGAT1,LRRC4C,MCPH1-AS1,METTL15,NPAS2,OPRK1,PCDH10,PCDH18,PLEKHG6,PMP22,PODXL,PTPRD,RALYL,RNF150,SHISA9,SLC24A3,SLITRK1,SLX9,SORCS1,STARD13,STIM2,STK32B,TBC1D22A,TGFBI,TM2D1,TMEM132C,TRIB2,VAPB,YWHAE
1363	ACAN,ADGRB3,ADGRL3,AEBP2,AMY1C,ATP10B,C4orf33,CARD8,CD2AP,CDH9,CRBN,DLC1,EPM2A,FAM237B,FBN2,FOXA2,FTMT,GATA3,ISX,JCAD,KCNE4,KCNQ2,KDM4C,KLF6,LY6S-AS1,MITA1,MRPL39,MTRR,NFIB,NR2F2-AS1,NRSN1,POP5,PRKCE,PROX1,RAD51AP2,RNF7,SCUBE1,SEMA3D,SNCA,STK32B,TLL1,TMEM132C,TMEM182,TRG-AS1,VAT1L,WDR11,ZNF518B,ZNF521
1364	AKR1B1,ARHGAP8,ASB3,BAMBI,BRINP3,C1QTNF7-AS1,CDH8,CHRDL2,CYB5R2,CYP11B2,DDX6,DPP6,ENSG00000259969,ENSG00000289439,FAM20B,FRMD4A,GLDC,GPR139,GRM7,HACE1,HTN1,IGSF21,ITGB2,KLHDC7A,KLHL5,LGI2,LINC-PINT,LINC01163,LINC01287,LINC02269,NDUFA10,NDUFB1,NETO1,NOXRED1,ODF1,OLFM3,PLPPR4,PSMC1,PUM3,SDC2,SDK1,SGMS1,SLC33A1,SUCLG1,TECRL,TENM2,TNFRSF8,UNC5C,ZNF469
1365	ACADM,AFF3,AKAP13,ALPK2,ARL4C,ASB1,BAALC,BTBD3,CBLN2,CHAF1B,CHRM3,CNTNAP2,CTNNA2,DHX32,DPYSL3,EGLN3,ENSG00000233974,ENSG00000283563,ENTREP2,ERBB4,FARS2,FAT4,FGD4,FSTL4,FZD10,GRM8,IFI27,KTN1,LINGO2,LMCD1,LUZP2,MTRR,NAA30,NFIL3,OAS1,PAEP,PCSK7,PRAG1,PTPN14,PTPRD,PXYLP1,RBFOX1,RWDD4,SEMA6D,SPOCK3,UBC,WWOX,XXYLT1,ZNF611
1366	ABCB5,ADGRD1,ADGRL3,CBLN2,CCDC110,CFAP410,COX18,CPE,CSMD1,DISC1,ENSG00000248736,ENSG00000285708,ENSG00000286580,ENSG00000289150,EOMES,ESRRG,GUCA1B,HDAC4,LARGE1,LINC00997,LINC01427,LMX1B,MAF,MANEA,MCM9,MCPH1,MYO16,NCOR2,NXPH2,PCOLCE2,PLPP3,PRR16,PSAT1,PUM3,ROR2,SELL,SH3BP4,SLC6A15,SPATA17,STK32B,SUCLG2,TMEM167A,TMEM74,TMX1,TUSC3,VWC2,ZNF217,ZNF783,ZNF85
1367	AGA,ARHGEF28,ARL4A,BOD1,C2CD2,CAMK4,CERKL,CMIP,CREB3L2,CRIM1,CSGALNACT1,CX3CR1,DLC1,DTNBP1,EDEM3,EPHA7,FZD8,GALNT18,GSC,HECTD2-AS1,HS3ST3B1,HTRA1,IGFLR1,KDM4C,LRRC7,MEF2B,MNX1,MSC,MTPN,NCOR2,NDST4,NRXN1,PIWIL1,PODXL,PPA2,PPARA,RGS5,RNF144A,RPS15A,SP140,SPON1,SV2C,SYN3,TBX3,TBX5,TMTC1,TNRC6C,VEGFC,XRCC4
1368	AKR1C2,ALK,ANTXRL,BIN2,BRD3,BZW2,C1orf174,CLEC3A,CLNK,CSMD1,CYP46A1,DNAJB9,EFNA5,ENSG00000233974,EYA1,GLIS3,GPC5,GRM7,HERC4,IRS1,KHDRBS3,KIF20B,LRATD1,MAN1B1,MYLIP,MYLK,NMT2,NR3C2,PAX1,PBX1,PCDH15,PODXL,POU3F3,RASEF,RASGRP3,RGMA,SDK1,SHQ1,SLC16A9,SLC39A8,SLC44A3,SNTG1,TMEM150C,USP25,XRCC4,ZFPM2,ZNF519
1369	AKR1D1,AMPH,ATP11A,BRME1,CD109,CD83,CEP55,COX7C,CTNND2,DEFB112,ERBB4,ERICH6,F13A1,GGTLC1,GLYATL2,GSDME,INTS4,IRX2,LIMCH1,LINC02603,LIPG,LRATD1,NPAS2,NUDT12,PCDH7,PKD1L2,PLCB1,PLPP4,PLXNA1,PLXNA2,PMM2,POP4,PSD3,RBFOX1,RRP7A,SLAMF1,SLC15A5,SLC25A48,SPATA17,TACC1,TEX36,TMC5,TMEM63C,TMPRSS15,TMTC4,TPD52,TRGC2,TRPM1,USP22
1370	ADGRB3,ADGRG6,ANK2,ANO3,ARL4C,ARPP21,ASIC2,BCL11B,BMS1,CABP1,CD36,CNTLN,DLC1,DOK5,DSCAM,EFHD2,ENSG00000286209,ENSG00000287018,FSTL5,GTF2IRD2,HIVEP1,IKBKE,IYD,LINC02397,LNPK,LPIN1,MRPL39,NAALADL2,NALF1,NDUFB9,NELL1,NPAP1,OLFM4,PDGFA-DT,PLPP4,PPM1H,PSAT1,RBM19,RFC5,RHBDD1,SGCG,SGCZ,SH3BP4,SPRY2,ST8SIA1,TBC1D22A,TRIML1,TTC29,WNT5B
1371	ACKR3,ADAMTS17,ADCY2,ADCY9,AK4,APTX,CACNA2D1,CAMTA2,CENPC,CFH,CNOT4,CNTN6,CRNN,CYLC2,DCP1B,ENSG00000278071,EYS,FAM98A,FARP1,FGF18,FOXL1,FSTL5,GRHL2,GRM7,KCNT2,LTBP1,MCMBP,MED15,MINAR1,MUC20-OT1,NEK7,NFKBIZ,NXNL2,PARD3,PCDH15,PPP2R2C,PRKG2,PRL,PTH2R,RWDD4,SH3YL1,SLC35B3,TENM3,TENM4,TIMM13,WDR88,ZIC1,ZIC4
1372	AEBP2,ARSK,ATP11A,ATP6V0E2,BLACAT1,CCT6B,CDH8,CFAP263,CREBRF,CSMD1,CSMD3,DCLK3,EIPR1,EPHA4,EPHB1,FZD4,GABBR2,GABRG2,GDNF,GOT2,GSG1L,HTR5A,IRS2,KCNN2,LINC02506,LINC02672,LINS1,LSM14A,MAP7,NAALADL2,NDUFV2-AS1,NSFL1C,NXPH1,OR56B4,PADI3,PATJ,PHC2,RDH14,SLC13A3,SLC39A11,SNTB1,SORCS2,TBXT,TFAM,TP73,UNC5B,UTS2B,ZMAT4,ZNF558
1373	ADCY2,ADD2,ADGRL3,ADO,AGAP1,ANKRD30A,APOD,CCDC92,CDC14C,CDH18,CRBN,DIRAS2,DOCK5,DPP10,DUSP26,EDIL3,ENPP1,FANCC,FAT3,HECTD2,HTR1B,HUS1,IGSF21,ITGBL1,ITPR1,KIAA0319,MTPN,MYC,MYO16,NQO2,NTN1,NXPH1,PDGFRL,PTBP3,RBFOX1,RBPJ,SESN3,SLC35F4,SOAT1,SOX21,STK39,STXBP6,SVIL,TNKS,TSN,UACA,ULBP2,VPREB1,XRCC2
1374	ARRDC4,CA5A,COL26A1,ENSG00000258881,ERBB4,ETNK1,FAM43A,FECH,FMN2,IL6,IRF2,KCNJ2,KCTD16,KIR3DL2,KRT6B,MAGI2,MITF,MMP3,MRPL39,MRTFB,MYO18B,NXPE2,PCDH18,PCSK5,PDE3A,PITPNC1,PLCB1,PRKG2,PTBP2,QDPR,RAF1,SDC3,SEL1L,SLC35F3,SOWAHB,STAC,STON2,SYNE2,TEK,TEX29,TMEM132B,TMEM132C,TMTC2,TNK2,UGCG,VSTM2A,ZNF608
1375	ADTRP,AGA,AZI2,BMP7,C21orf91,CACNA1A,CBLN4,CDH18,CHODL,CPNE2,DAOA,DISC1,ENSG00000274422,ENSG00000286098,EYA2,FAXC,FSTL5,GRHL2,H3-3B,ID4,KCNIP4,LDB2,LHFPL6,LINGO2,LMBRD2,LRP1B,MACC1,MGST1,NADSYN1,NDUFS1,OAS1,PCDH15,PDE10A,PLSCR5,PRICKLE1,PTPRU,RESF1,RIN3,SFMBT2,SHANK2,SLITRK6,SPRED2,ST8SIA6,TAFA5,TPO,TRAM1L1,TSHR,TXNRD1
1376	AADAC,ADARB2,AMPH,ANG,BBS9,BMP2K,CA5A,CCBE1,CCNE1,CNDP2,CNTNAP2,CYLC2,DPYSL4,DYNC2H1,EFR3A,ENSG00000289095,ESR1,FAM90A1,HHIPL2,HNRNPUL1,IGHMBP2,IMPG1,LRRC7,MAPK4,MDGA2,MEGF11,MTSS1,NLRC5,ODAM,PDE1A,PHACTR2,PLEKHA1,POMC,POU5F1B,RALGAPA1,RBFOX1,RBMS3,SALL3,SLC7A1,SNTG1,SORCS1,STK32B,TAF1C,TRIML2,TVP23A,VAPA,XYLT1,ZNF616,ZNF703
1377	ADGRL2,ATP6V1E1,BCL11A,BGN,BRINP1,CCDC59,CCNG2,CDH7,CDH9,CHRD,CRYGD,CWF19L2,CXCL12,ENSG00000248491,FGF12,FRMD4B,FYB2,GPC5,GRIK4,GRM7,HS3ST3B1,IRX4,LINC01804,LITAF,LMTK2,LPP,LRRC3B,MIOS,MPC1,MYOM2,NBEA,NRG1,NTN4,PBX1,PRR16,PSD3,RBM47,SCYGR6,SLC18A1,SNRNP40,TAAR1,TAF3,TMEM179,TMPRSS15,TSN,USP30,WNT7B,ZNF385D
1378	ACTN1,AGA,ALK,ANXA1,ATXN7L3B,BPI,CCT5,CD48,CDH9,CDK20,CTNNA2,DACT2,DDIT4L,DYNC1H1,FAM170A,FAM50B,FCGR1A,GRM7,HERC4,HOPX,HS3ST3B1,HTR5A,LARGE1,LINC00963,LMX1A,LRRK1,MARCHF6,MARCKS,NR4A2,PCDH15,PKD1L2,PTPRD,RALYL,SGCZ,SIGLEC14,SLC35F1,SOCS6,TACC2,TBC1D7,TJP1,TNFSF13B,TNK2,TRIO,TWIST2,UGT2B28,ZFAND5
1379	ADGRL2,AK4,ARHGAP25,ARHGAP42,C2orf88,CCBE1,CIBAR2,CLDN5,COG3,DDX24,DYNC2H1,EIF2AK4,ENSG00000236283,FBXO39,FLRT2,FSCB,GABARAPL1,GABBR2,GALNT15,GAS2,GRM7,HTR1B,IZUMO4,LGALS8,LINC02223,MPHOSPH6,NECTIN1,PDE5A,PLEKHM2,PPFIBP1,PRR20G,PTPRU,RASGRP3,SH2D4A,SLC17A6,SORCS3,SPACA1,SPTBN4,STIM2,TAFA5,TEKT1,TLE1,TMEFF2,TMTC2,TRPA1,WDR88,XYLT1,ZNF266,ZNF492
1380	ALDH3B2,APOBEC3F,ARHGEF26,ATXN7L1,BCR,CA10,CBLN2,CCDC3,CCN4,CNTN5,DEPTOR,DMRT2,DOCK7,DPP6,DSEL,EML3,ENSG00000251448,ENSG00000285471,EPHB1,FHIT,FRAS1,GATA3,GSE1,LHX2,LINC02828,MARCHF11,MDGA2,METTL4,MSRA,MYO10,NPAP1,NPIPA8,NSUN3,PCDH10,PIWIL3,PRR20G,PSD3,RBPMS,RELN,RPGRIP1L,SERPINB8,SLIT3,SMIM1,SOX9,SPDYE21,TAFA2,WDR5,XKR4,ZIM2
1381	ADGRL3,B3GALT1,BIRC5,CAAP1,CCDC82,CCND2,CDH13,CDH9,CMC1,CPNE4,CSMD1,DGKH,DLC1,DNAH5,EBF3,EYS,FGF14,FGFR2,GATA3,GM2A,GRIN3A,HEMK2,ISX,ITGAE,KANK4,KCNB2,KDM4C,KLB,KLHDC7A,NRXN1,OPCML,PLEKHG1,PPDPFL,PRKG1,PTPRD,RASGRP1,RUBCNL,SGPL1,SH2D4A,SLITRK6,SPATA31C2,ST6GAL1,TAFA5,TBC1D22A,TMEM132B,TMEM178B,TPK1,TSFM,USH2A
1382	ADAD2,ADGRB3,ALCAM,ALS2CL,ASB1,CAPN13,CARMIL1,CCNY-AS1,CDH7,CXXC4,DCLK1,DLGAP1,DOCK1,DUT,EIF3M,ENSG00000263745,FAM110B,FAM135B,GALNTL6,GRM7,HS3ST1,LUZP2,MACC1,MAP2K6,MKI67,MYPN,NRSN1,PCDH18,PPP1R1C,PRICKLE1,PRKCH,PRKG2,SAMSN1,SEMA4D,SERPINB8,SLC35F4,SLC7A5,SLITRK5,SOX9,STMN2,SULT1E1,TAFA5,TBC1D22A,TENM3,VRK1,ZFAND6,ZNF608
1383	ADCY8,ADGRL3,BRD3,C12orf75,CBLB,CNRIP1,CRAT,CSNK1G3,ENSG00000287314,ERGIC1,H3-7,HACE1,HAPLN3,HEMK2,HS3ST1,HS3ST4,HTR7,IFI16,IFI44,IGFBP5,IKBKB,ILDR1,ITIH5,KCNK2,LDLRAD4,LTBP4,MCTP2,MSX1,PCDH15,PDE6H,PDHA2,PKDCC,PRDM16,PRKCA,PRR5,PTPRD,RHOH,SLC14A1,SLITRK5,SUCLG1,SYNJ2,TCERG1L,TM4SF18,TRPC6,VEGFC,ZNF443,ZWINT
1384	ADGRL2,AGL,AMIGO2,ATPSCKMT,AUH,AVL9,C10orf71,CAP2,CCDC149,CDH12,CLEC6A,CYLC2,DAD1,DHRS1,DHX34,ELMO1,ENSG00000269179,ENSG00000288696,FRMD6,GALNT17,HAPLN1,IGFBP7,LPIN1,LZTS1,MC2R,MEI4,NAV3,NFIL3,NSUN2,NT5C3A,NXNL2,PARM1,PLOD2,PRICKLE2,PSMA8,PTCH1,SEMA4D,SERPINB9P1,SLIT1,SOX5,SPATA18,TPO,TRERF1,TRPC6,TSPAN18,VPS8,WDR43,ZNF557,ZNF804B
1385	ANAPC4,ANKRD60,ANO4,ATP10B,CACNA2D1,CCDC102B,CD5L,CDH8,COL26A1,COL4A2,DDX60L,DISC1,DNAH5,ENSG00000289710,EPHA5,FAM135B,FGD5,FOXF1,GALNT15,GAS7,GTF2IRD1,HDDC2,IRX5,KAZN,KCNH5,KIAA1549,LRRC37B,MRPS9,N4BP2L1,NPIPA8,PCDH7,PGCKA1,PRKCQ-AS1,RAP1GAP2,RBFOX1,RCL1,RPS29,SLC14A2,SLC7A1,SPRED1,TACR3,TAFA2,TECRL,THEMIS,TMEM114,TMEM131L,TRPV3,TSLIG3A,UFM1
1386	ADARB2,ANKRD30BL,APOLTP,ARRDC4,ATP12A,BATF3,BFSP2,BICC1,BOD1L1,C2CD4B,CACNA2D3,CCNG2,CTAGE1,DNM3,DYNC2H1,ENSG00000251339,ERBB4,ERCC6L2,F7,GRIK2,HAO1,JRKL,KCNAB2,KCNK1,KCNQ1,KIF4B,LDLRAD4,LIMCH1,LINC01273,LRRC4C,LUZP2,MGMT,MTAP,MTMR6,NMBR,PCDH7,PELI2,PTN,RNF144A,RUNX3,SENP6,SNTG1,SPOCK1,SUMF1,TCERG1L,TENM2,TPCN2,TRAM1L1,USP25
1387	AADACL2,ADCY2,ATXN1,CD164,CHST11,CMPK2,CYP2A7,DAB2IP,DPH5-DT,ELOVL4,ENSG00000286580,FAM43B,FGF12,GABRG3,GFRA2,GRM7,IKZF2,KCNMB2,KIAA1755,LINC00320,LINC00513,LPCAT1,MAPK4,MCPH1,MED13L,MGAT3,NPIPA8,NUDT7,PCNX1,PLCB4,RAB38,RBFOX1,RMDN2,SEMA6D,SGO1-AS1,SLC5A12,SORL1,SPRY2,TAFA5,TENM3,TMEM212,TMPRSS11D,ZFYVE19,ZNF155,ZNF536,ZNF675,ZNF804B,ZNRF3
1388	ADGRL3,AGBL1,ANO2,ANTXR1,ASIC2,B3GLCT,BANP,BRINP3,CCND2,CENPC,COL23A1,COL24A1,DEPTOR,DLC1,DPH6,ECI2,ENSG00000288075,GC,GCLC,IGSF5,KDM4C,LHFPL6,LHPP,LINC01515,LRCH1,LYPLAL1,MARK1,MEF2A,MRO,MTPN,NR2F2,NRIP1,OPRK1,PCDH10,PRSS58,PTPRD,RBFA,RBFOX1,RFC3,RORA,SLC67A1,SPINK5,SPOCK3,SPTLC3,STT3B,TUT7,ULBP3,ZBTB7C,ZFHX3
1389	ANKRD55,ARL15,ATP8B4,BCL2,C1QTNF9B,CD36,CNTN6,CORO2A,EFNA5,ENSG00000293570,GRAMD4,IDH2,IRX2,IRX5,KDM4C,KIRREL3,KLHL6,LDHA,LIFR,LSAMP,MAFB,MAP2K6,MET,MGAT5B,MOB3B,MORC1,MROH2A,NKG7,NPFFR2,NWD2,NXPH1,PROX1,PRSS3,SEC23IP,SH3PXD2B,SLC46A2,SLC8A1,TAGAP,TDRD3,TECRL,TEX29,THBS1,TMEFF2,TRIB2,TUSC3,UNC13C,USP24,ZWINT
1390	ACER3,ADAMTS19,APOC2,APP,ATXN7,BMP2,C1D,CDH20,CHRM3,CLEC4D,CMTM7,CYRIB,DNAH5,ENSG00000249631,FARS2,FRMD6,GABBR2,GMDS,GPC5,GRIN3A,IPMK,IRS2,KAZN,KCNG4,KCNIP4,KCNT2,KRTAP11-1,LINGO2,LMX1B,MFSD6,PCSK5,PFKP,PTPRD,PTPRO,RGS6,SGCZ,SGSH,SLC17A5,ST6GAL2,SUGCT,SYNE1,SYNPO2,TMEFF2,TMEM160,TMTC1,WARS2-AS1,WDR18,ZNF600
1391	ABAT,ACSM5,ADGRB3,AMZ2,ARHGEF16,ASTN2,CA6,CACNA1A,CLDN11,CNTN4,CSRNP3,CXXC4,DEUP1,DSEL,ENSG00000273550,ENSG00000284686,EPHA8,ERCC4,ETFB,EYS,FAM135B,FHIT,GLDC,HAS2,HS6ST1,KNTC1,LINC01446,LRRC37A2-AS1,LYPLAL1-DT,MN1,NAALADL2,NCAM2,NEBL,ONECUT1,OPRM1,PARD3B,PCDH7,PEPD,PLAGL1,PPP1R3B,RBFOX1,SALL3,SERINC5,SLC12A7,SPATA17,SYT4,TSEN34,ZNF835
1392	ADAMTS9-AS2,ADCK1,AMY1C,AP1M1,BMP6,BTBD3,CCDC178,CDH13,CDH4,CORO2B,CREB5,CTAGE1,CTNNA2,DNAJB9,ELAVL2,ELMO1,ENSG00000281655,ENSG00000287514,ETS1,EXT2,EYA2,FBXL17,FUT9,GABRG2,GJD2,GPR158,HPGD,HS3ST3A1,IRX2,KCNN2,KCTD15,LATS2,MBP,MOXD1,MYT1L,NKAIN3,NPY,NUDT12,OLFML2B,PPP1R14C,PREX1,SEMA3E,SOX5,STYX,SUSD5,TAF4,TNIK,TNNT1,ZNF516
1393	AEBP2,AGBL1,ARID5B,ATP10B,B4GALT1,BTBD3,CACNA2D1,CD200,CDH10,CDH18,CDYL,CPZ,CRADD,CTNNA2,CTNNA3,CYP4F12,DNAH9,DPH5-DT,DSCAML1,DSEL,EDEM1,ELAVL2,ELMO1,ENSG00000287210,GLRX3,HACE1,ITIH2,JRK,KIRREL3,LRRCC1,MBL2,MEX3C,MFSD12,MVK,NAALADL2,NEGR1,NFASC,NPY,OR3A2,OS9,PYDC2,ROR1,RRBP1,SLC38A1,SLIT3,SMC2,XYLT1,ZPLD1
1394	ADAMTS17,ADARB2,AP2A2,ASB3,BMP4,BRPF3,C1D,CDH2,CREB5,CTNNA2,EIF3H,GJD2,HBG2,IGSF21,IRF8,KCNB2,KCTD1,KLF5,LAMB3,LNCRNA-IUR,LRP1B,MAP2K4,MYOM2,NELL1,NOSTRIN,NPHP4,NTMT1,NYAP2,OLFM4,OR1S1,PLCB1,PLCH1,PRR15-DT,SLC36A1,SPATA17,ST6GAL2,STXBP6,TBC1D32,TDO2,TMEM132B,TMEM132C,TNFRSF10D,TNFSF13B,TREML4,UGT2B17,WDR17,ZBTB7C,ZMAT4,ZNF572
1395	ANKRD36,BCAS1,BCAS3,CD5L,CDH4,CRELD1,CRPPA,DNAH5,DSEL,EIF3H,ERC2,EYS,FGF5,FOXN3,FREM1,FREM3,GRID2,HEMK2,LINC00499,LIPC,LMBR1,LPIN2,LRRC53,LRRTM4,MAF,NAV2,NOSTRIN,NOVA1,NPAS3,PDZRN3,PLPP4,PMAIP1,PYGL,RAPGEF2,RIF1,RNASEH2B,SEMA3E,SGCD,SH3BP5,SIAH3,SOX11,SUCNR1,TDRKH,THSD4,TLE1,TNRC18,UMAD1,ZNF217
1396	ABCB5,ADGRA3,AGA,APBB2,ARID5B,ASB3,CADPS,CAV3,CENPC,CLN8-AS1,COL6A5,COQ2,CSMD2,DCP2,ECI2,EIPR1,ENSG00000288821,EYS,FARP1,FGL1,GALNT2,GBP3,KIAA0232,LFNG,LMCD1,LRRC4C,LRRTM4,MN1,MOB3B,NPHP4,PCDH17,PLXDC2,PMM2,PPP4R2,PTBP2,SCD5,SDK1,SEC61G,SGCD,SLC8A1,SORBS2,SPOCK3,ST6GAL1,TAFA5,THSD7A,TMEM132C,TRIM2,WDR72,WEE2-AS1
1397	ADAMTS9,ANTXR1,APIP,AZI2,C16orf95,CALB1,CCDC7,CD247,CFAP418,CLEC12A,COX10-DT,CST5,DMAC1,EDEM1,EDIL3,ELOVL2,EPHA4,FANCL,FLRT2,GABRB3,GALNT18,GNAI1,IRX1,KCNQ5,KCTD16,KIRREL3,LRP1B,MANBA,MASTL,MDGA2,MGAT5,MTCL1,NPY,NUGGC,PIEZO2,PPP1R14C,PRKN,RGS9,RHOB,RIN2,SEMA6D,SH2D4A,SV2C,SYNJ2,TCIM,TDRD15,TMED3,TMEM135,ZNF385D
1398	ABHD12,ADGRB3,ADGRL2,AKAP19,ALOX5AP,ASAH1,BAALC,C3orf22,CDH4,CXCL12,DISP1,EDEM1,ENSG00000289710,ESRRG,FAM3D,G0S2,GSE1,H3Y1,HACE1,IGFLR1,KCNJ2,KCNJ3,KCNQ3,LINC00539,LRATD1,LTF,MAGI2,MARCHF1,MPHOSPH6,MSX2,MTMR10,NCOR2,NXPH1,OSTN,PIEZO2,PLCH1,PRR5L,RGS4,RIPOR2,RNF6,SALL3,SIM1,SLC14A1,SOX9,SYT1,TSHZ2,USP25,WDR59,XNDC1N-ZNF705EP-ALG1L9P
1399	ADAMTS2,ASAP2,ASS1,CD69,CLK4,CMTR2,CNTN4,DSCAM,EDN3,EIPR1,ENSG00000285876,FAM124B,FRMD1,GALNT17,GPR6,GRIK2,GRXCR1,GSC,IRS2,ITGBL1,KCNAB1,LPIN1,LRP1B,MED13L,MICAL3,MISO1,MTMR7,MYO1D,MZT1,NRCAM,NRXN1,OPCML,OPRK1,PCDH15,PCDH18,PCNX2,POGK,SEPTIN9,SI,STARD4,STEAP1B,THBS1,TINAG,TLE1,TMEM114,TNP1,VWF,ZNF667,ZPLD1
1400	APBA2,ATP6V1C2,AVEN,BLOC1S5,CDH12,COL22A1,DEFB1,DPP6,DSPP,ENOX1,ENSG00000259130,ENSG00000260633,ENSG00000289710,F13A1,FAM184A,FAT1,FUCA1,HLA-DRB5,HS3ST4,KLHL6,LINC00963,LINC02147,LINC02505,LYZL2,MC4R,NTM,OR52K1,PDSS1,POLR1F,PRR16,PSMG1,RGS6,SCCPDH,SEZ6L,SLC22A5,SLIT2,SLITRK1,SLITRK5,SORCS1,STIM2,STRN,STXBP6,TMEM132B,TREM2,TSHZ2,YTHDC2,YWHAQ
1401	ADGRB3,AGA,AGXT2,ALKBH2,AMBN,ARRDC4,ATP2B1,BMPR1B,BNIP2,CACNB2,CBS,CDH7,CFAP107,CNTNAP5,CUBN,CYYR1,DACH1,DZANK1,EPIC1,FAM153CP,GPM6A,KCNIP4,KCNT2,LAIR2,MASP1,MED30,MTHFSD,MTNR1B,NAV2,NLRP5,NOM1,PARVB,POMT2,POU3F3,PRKG1,RMI2,SFRP4,SH3TC1,SLC30A8,SLC7A11,SLC9A4,SLC9C1,SYNE2,TACC2,TMEM132B,TMEM45A,TRPM1,UBE2E2,ZP4
1402	AADACL2,ACSF3,BACH1,CAMK1D,CCSER1,CDC42EP3,CNTNAP5,CXCL12,DAOA,DMRT2,DPP10,DSCAM,ENSG00000272297,ENSG00000273017,ENSG00000289392,FARS2,FREM2,GARRE1,GLIS3,GMNC,IFNGR1,KCNA5,LARS1,LINC00640,LIPG,LUZP2,MAML3,MAP2K2,NCS1,NTM,PINX1,PKD1L2,PLEKHG1,PLSCR5,PPM1H,PRDM8,SFSWAP,SMAD6,ST8SIA5-DT,STXBP6,TACR1,TJP3,TMPRSS11D,UBE2E3,UMAD1,WNT7A,XIRP2,ZNF596,ZNF600
1403	ACP3,ADAMTS18,APBB2,ARHGEF38,ARL14EP,BCL11B,C6orf118,CDH11,CDH4,CDH6,DHX15,DIRAS2,DROSHA,DUSP10,EGLN3,ENSG00000259363,ENSG00000283563,FAM98A,FIGNL2,GALNT14,GSDMC,HELQ,HPS1,KRAS,LAMA1,LDHA,LPIN1,MDFIC2,MSR1,MUSK,NCAM2,NRN1,NTN1,PARM1,POC5,POTEC,PRMT6,SEMA5A,SLC12A8,SLC22A23,SLC24A3,SNX13,SPG7,STK24,TLE3,TLL1,TRPM2,VRK1,ZNF572
1404	AGBL1,ANO3,ANO5,ARAP2,BSG-AS1,BTC,CMAS,CNTN4,COL18A1,CRH,CSMD1,CTNND2,DPYS,ELP1,ENSG00000286992,EVC2,FAM209B,FAM98A,FGF1,FGF12,FOXJ2,FSCB,GABRG2,GUCY1A2,HEPHL1,HSD17B4,KLHDC4,LAPTM5,LINC02067,MASTL,MFHAS1,MIX23,MKI67,MTPN,NAF1,NLGN1,NXPH1,PCDH10,PGAP4,PLOD2,PUM3,RASGRF2,SMAD6,SOCS3,SPRY2,TACC1,TUSC1,UNC5D
1405	ADAMTS14,AKR1E2,APBB2,ARMC9,CA10,CACNB2,CDH10,CDH13,CDO1,COL13A1,DGCR8,DMRTA1,ELAC2,ENSG00000250519,ENSG00000286662,FAM181B,FGD5,FOXRED1,GRIK2,HEXB,INHBB,IRF8,KCNT2,KDM4C,MEIS1,MORF4L1,MYH11,NKAIN2,OSMR,OTOL1,PDE4B,PLGLB1,RSPO4,SLC7A1,SMLR1,SORCS1,SPP2,SRSF3,SSPN,STK32A,STK33,SYNPR,TCF21,TECRL,TOP1MT,USP25,ZDHHC7,ZNF283,ZP4
1406	ADAMTS17,ANGEL1,AP5Z1,ATE1,BRINP3,C6orf141,CCNA1,CDH9,CECR2,CEP55,CLEC9A,CMPK2,CNTNAP2,CNTNAP5,CUL2,CYRIA,DNAH8,DOCK1,EDIL3,ENSG00000231533,ENSG00000274090,EYS,FER1L6,GYPC,IRAK1BP1,KIAA1217,LINC02691,LINC02975,MMP2,MN1,MYOM2,OR5AU1,PELI2,PSAPL1,PTPRE,PTPRQ,RFK,SCARA3,SNCA,SPSB1,STXBP5-AS1,THAP12,TMPRSS15,TRIM36,TSTD2,ULK4,WIPI2,XCL1,ZIC1
1407	ADARB2,AJAP1,APPBP2,ASPH,BLOC1S5,CA10,COBL,COPS8,CSNK1G3,CYB5A,DUSP26,DUSP4,EPB41,EPHA5,ETS2,FAM110B,FMN1,FOXF1,GOLIM4,HAAO,IFNLR1,IQGAP2,KLHL1,MCPH1,MFAP3L,MRPL39,MYLK4,NBEA,NCAM2,OTOR,PDSS1,POP4,PPM1L,PPP1R3B,PRDM6,PTPRD,RPL38,RPTOR,SEC61G,SEMA6D,STX8,TCAIM,TECRL,TMED3,TRIB2,TUT7,VSTM5,ZNF835,ZPLD1
1408	ADD2,ANKRD9,ANO5,BOD1L1,CA8,CAB39,CDC7,CDH11,CDH9,CTNND2,EGFR,ENSG00000255246,ENSG00000288253,FAM78B,FRMD3,GAS7,HABP2,HS3ST3A1,ICE1,IGFBP3,KAZN,KIAA0319,LINC02052,LIPG,LRFN5,LZTS1,MALRD1,MDFIC2,MGMT,NETO1,NXPH1,PCDH10-DT,PLAC8,PMP22,POM121L12,PTPRD,PURPL,RGS13,RPL10L,SLC30A8,SQOR,SRI,TAFA5,TMEM154,TMOD2,TYRP1,UBA6,ZBTB16,ZNF385B
1409	ADAMTS9,ADGRB1,ANKRD27,ATIC,ATP1B1,CAST,CDH13,CLN8-AS1,CNTNAP2,CRBN,CRYBB3,CSRP1,DLC1,DMRTA1,DPP10,ENSG00000289144,FAM181B,IFNGR1,IL20RB,IQCM,IQSEC1,ITPR2,LINC01099,LRFN5,LY86-AS1,MYC,NACC2,NELL2,NTM,PDE5A,PDGFD,PRKCH,PRKN,RAD51B,RNGTT,SGCG,SLC2A5,SMOC1,SOX17,STK32B,SUCLG2,SYTL3,TAFA5,TIRAP,TMTC1,TPK1,TRAM1L1,TRIML1,ZNF577
1410	AIPL1,ASB3,ASCC1,BNC2,C1D,CCND3,CCNH,CLEC16A,COX7A2L,CYCS,DLG5,DLGAP2,DOK6,HAO1,HAS2,LINC00210,LYN,LZTS1,MB21D2,MCPH1,ME2,MS4A8,MYT1L,OSTM1,OTUD7A,PDS5A,PID1,PRKCA,PRKN,PTPRD,RGMA,ROBO2,SAMD4A,SLC24A3,SLIT2,SMARCA2,SRC,ST3GAL4,STK10,TBC1D9,TENM3,TGFBR2,TRAM1L1,TRIB2,XKR4,YES1,ZMIZ1,ZNF124,ZNRF4
1411	ADAM12,ADAMTS17,ADRA1B,AUTS2,BTG1,CBLN2,CDH7,CNTN5,CXCL6,DDC,DGKB,DNAAF4,EBF2,FAM110B,FOCAD,GADD45G,GALNTL6,GOLGA6L4,GRM7,GSKIP,HS3ST3B1,KCNK1,KCTD16,KLF13,LARGE1,LDB2,LHPP,LRRC4C,LRRK1,MGAM2,MINDY4,PBX1,PLAAT1,PRKN,RASSF5,RNF144A,SALL3,SGCZ,SLITRK1,SOX11,TET1,TPP2,TRAPPC8,TSHR,TYRP1,UPB1,UTS2,WNT11,ZIC1
1412	ABAT,ADGRL3,AKR1D1,ARL4C,ARRDC4,ATL2,ATP10B,BMP2,BPNT2,BTG3,CDH12,CFAP299,COMMD6,CRIM1,CWF19L2,DCHS2,DHCR7,DMAC1,DOCK9,EGFLAM,ENSG00000287165,ETS1,FHAD1,GRB10,GRM7,ITPRID1,KLF4,LARS2,LATS2,LUZP2,MBL2,MCPH1,NAPA,NYAP2,PCDH15,PCDH20,PFKFB3,RNASET2,SERPINB8,SLC24A2,SLC5A9,SLC9A9,SOBP,SOX5,VEGFA,VTA1,WWOX,ZGRF1,ZNF528-AS1
1413	ADGRL3,ATP8A2,BCL2L14,BLOC1S5,BMP2,C2CD4B,CD5,CDH6,CDH8,CLCN3,CPEB2,CTSO,DDIT4L,DNAH9,DNAL1,ELFN2,ENSG00000206356,ENSG00000271579,ENSG00000286076,FAM98A,FSTL5,IRX1,KRT10-AS1,LENG8,LINC02672,MACROD2,MKI67,NAALADL2,NABP1,OSTN,PAX5,PROX1,PYDC2,ROBO2,SEC11C,SEMA5A,SERPINA9,SIGLEC8,SLC2A13,SLC39A10,SLC7A7,SLC8A1,SPOCK3,TAL1,TMEM132B,TVP23C,VTCN1,ZC3H13
1414	ABCG8,ADAMTS5,ADCY9,ADH4,ALDH1A3,ATM,ATP11A,ATPSCKMT,AUH,BCAT1,CD27-AS1,CFTR,CNTN6,CSMD2,CXADR,ETAA1,FAM90A26,FHIT,FSCB,GRIN2A,H3Y1,HDAC4,KANK4,LINC03094,MAP3K9,MBOAT1,MSH2,NFIA,NR3C2,NTN1,NTN4,PLEKHA7,RBM45,RFLNA,RIN3,RRM2,RUNX3,RYR2,SAP30L,SH3GL3,SLCO3A1,SNRNP48,TBX3,TLE3,TNP1,UMODL1,VEGFC,ZNF385D,ZWINT
1415	ALDH1L1,ARAP2,BCKDHB,CBR4,CCSER1,CDH7,CDK18,CMIP,CSNK1A1,DNAH14,DSEL,ELF1,ENSG00000230490,ENSG00000267462,ERAP2,ERBB4,EYS,FAM81B,FGFR2,FZD8,GRM3,IGLL5,ITFG2,IYD,KIF26B,LGALS9,LSAMP,MACROD2,MICAL2,MYC,P2RX1,PCDH10-DT,PRR16,RD3,RHBDF2,SERPINB5,SGCZ,SHH,SMYD3,SNTG2,SNX8,STIM2,TENM4,TMEM117,TMEM61,TMTC1,TRIM24,TTC22,URB2
1416	ANKRD46,ARHGAP17,C2CD2,CDC73,CDYL2,DAOA,DCTD,DLGAP2,DMRTA1,ECI2,EGLN3,ENSG00000215156,EPHA4,EPPK1,FGD4,GALNTL6,GOLM1,GPER1,GTF2H2,HSP90AA1,IL20RA,IRX6,MPZL3,NELL2,NTPCR,OLFM3,OLIG2,PCDH7,PID1,PRKG1,RAP1GAP2,RASGEF1A,RFC4,RFX3,RPS6KA2,SMARCA2,SPTLC3,ST6GALNAC2,STT3B,TAFA5,TARID,TG,TLK1,TMEM260,TRNT1,TSNARE1,TSPAN9,WWOX,ZMYND8
1417	ACTL8,ADAMTS16-DT,AGTPBP1,BBS2,BMP2,BRINP3,C8orf90,COL24A1,CRBN,CTNNA2,DNAH14,DSCAML1,ERG,FAM98A,FANCL,FAT3,FBLN1,FSTL5,FTMT,GOLM1,GRM8,LHFPL6,LINGO2,MACROD2,MMP7,NDUFA4,NPPB,NPY5R,NTM,OR8G5,PEBP4,PINX1,PPIG,PRKG1,PRRX2,PTPRD,RAD51B,SGCZ,STMN2,TBX3,THSD7A,TMEM131L,TNS3,TYRP1,USP12,UST,YWHAZ,ZNF236,ZNF845
1418	ANKRD30A,ARSJ,ATP9A,BRIP1,C16orf82,CADM1,CARMIL1,CFAP418-AS1,CH25H,CHD7,COL15A1,DAOA,DMAC1,DNAH17,DNER,DUS3L,DUSP10,ENSG00000234675,ENSG00000237378,FHOD3,GATA3,GFRA2,GHRHR,GRIP2,LRPPRC,NPAS3,OCA2,OR3A2,OR4E1,PITRM1,PLSCR4,POTEM,PPM1F,PTPRT,QDPR,SDK1,SERPINE2,SIGLEC14,SMC2,STIM2,SUCLG1,SULT2A1,TSC22D2,TUSC3,TXLNB,TXNRD2,ZNF469
1419	ACTRT2,AK9,ALDH1A2,ALKBH3,CDH4,CDH5,CDH9,CFAP299,CHI3L2,COL28A1,CPAMD8,CSMD1,CYLC2,DGKB,DNAH5,DNAJB9,DNAJC13,DPP6,ELF3,ENSG00000267173,ENSG00000272297,ENSG00000288711,EOMES,GCNT1,GXYLT2,IL33,KIAA1549L,LINC01273,LINC02018,LINC02321,LINC03022,LINC03146,LRRC4C,MKRN2,MTHFS,NECAB1,OCA2,PPL,RALYL,RNF7,SCP2D1,SLC9A8,TENM4,TIAM2,TMEM132D,UBIAD1,UNC5D,VNN1,WASHC5
1420	ADGRL2,ANKRD34C-AS1,ASAH1,ASPHD2,BTG1,CDH9,CEACAM1,CHORDC1,CRYBG1,CTNND2,CYBRD1,DEPDC1,DSG2,ELOVL6,ENSG00000283075,ERCC6L2,FAM135B,FAM170A,FAM181B,FGF9,FGFR2,GTF2H2,GYPC,IRX2,KHDRBS3,KLF4,LINC02347,MDGA2,NALF1,NBAS,NEDD1,NMB,OLFM4,PLB1,PPP1R14C,RDX,RFX3,SLITRK5,TBC1D14,TENM3,TLE4,TMEM182,TNIK,TRPA1,TSHZ2,TSLP,YPEL5
1421	ADAMTS2,AKR1E2,AMOTL1,AMTN,ANAPC4,C4orf33,CCDC179,CCDC85A,CDH13,DCC,DPH5-DT,DSEL,ESD,ETS1,EYA2,EYS,FAM241B,GALNTL6,GNG7,GSDMC,HRH1,HS3ST1,IZUMO3,LINC01749,MARCHF1,MTPN,NPR3,PCDH18,PRDM11,PRLHR,PWRN1,RBFOX1,SHLD1,SIPA1L2,SLC24A3,SLCO1B1,SOX11,SPATA3,SPOCK1,TBX20,TECRL,TENM3,UBN1,UGT2A1,UGT8,USO1,WDR26,ZBTB7C,ZWINT
1422	ABCA4,BCAS1,BMPR1B,CAB39,CACNA2D3,CDH18,CDH23,CHST10,CMC1,CMIP,CNTNAP4,CPM,CSMD1,CWC22,CYP7B1,EFR3A,ENSG00000261783,ENSG00000282478,ERCC6L2,FBXO16,FOXP4,GALNTL6,GLS,GNAI1,GPR157,GRID2,IGFBP7,ITFG2,LINC02367,MYO16,NAV3,NLRC5,NNMT,PPP3CA,PRRC2B,RAB28,RBFOX1,ROBO1,RPS9,SGCZ,SH3GL2,SMARCA2,TDRD15,TFCP2L1,TNP1,TPRG1,TYRP1,ZDHHC13
1423	ABL2,ASAH1,ASIC2,ATP2C2,BMP7,BRINP3,C16orf95,CCND2,CDK13,CHORDC1,CPNE4,CSGALNACT1,CSNK1E,CXCL17,CXXC1,DAB2,DISC1,DKK1,DLGAP1,DMRTA1,DYNC2I1,E2F8,FAM181B,FAM241B,FAM78B,GNAI1,HS3ST1,HSD17B12,IL22RA2,IPMK,KCNQ1,LINC00937,LRRC4C,MALRD1,MYO6,NEDD1,NOVA1,RASGEF1B,RNF24,SHISA9,SMOC2,SYNPR,TBX5,TCN2,TENM4,TIAM1,TMCC3,UNC13C,UTS2B
1424	AGMO,ANO6,ARRDC4,ASB1,ASB3,BACE2,CARMAL,CCDC80,CDH18,CSRP1-AS1,CYLD,DMRTA1,EFNB2,ENSG00000235292,EPB41L3,FHDC1,FRMD3,GATA3,KIRREL3,LAPTM5,LRP1B,LRRC75B,LY86,MCF2L,MGST1,MVB12B,NAALADL2,NANOS1,NPLOC4,OSTN,PALS2,PLA2G2A,QDPR,RAB20,RAPGEF5,RASEF,RET,RPH3A,SERPINB8,SFSWAP,SLC22A23,SOX5,SPRED2,SV2B,TBC1D32,TFCP2L1,TRAP1,UNC5C,ZNF577
1425	ARAP2,BMP3,CDC5L,CDH2,CRBN,CSMD1,CXADR,CYP4F2,CYYR1,DSCAM,ELOVL6,ENSG00000282278,ENSG00000287117,EPC2,F13A1,FBXL17,GNAT3,GRM7,HACE1,HEMK2,IRF8,ITPK1,KIAA0232,KRT72,LRRC4C,LZTS1,NALF1,OXGR1,PHLPP1,PKD1L1,PRKCA,RAP2B,RBM19,RBM47,ROBO2,RPS6KA2,SALL3,SCIN,SDHAF3,SEC61G,SGIP1,SH2D4A,SPHKAP,SPOCK1,SPRY2,TENM3,TMPO,WFS1,ZWINT
1426	ADD2,ADORA1,ARL4C,BOD1L1,C1orf53,CCSER1-AS1,CD164,CDH8,CLMP,COL14A1,COL23A1,DACT3,DDX18,EIF2AK1,ENSG00000228852,ETV1,FAM187B,FGF1,FOXF1,GRIK1,GRIK2,GRIN2B,IGFBP3,ITIH5,KLF15,KTN1,LAMB3,LAMC3,LOXL2,MANBA,NCAM2,NDUFA12,NFIA,OLFM4,PDX1,PRKAR1A,PTPRM,RASSF8-AS1,SLIT2,SLITRK6,SPRY2,TMEM132E,TMEM74,TNR,TRPS1,TTLL11,ZNF285,ZP4
1427	ADAM10,ADRB1,AGL,ARHGEF7,C10orf143,CARD11,CCNG2,CDH12,CDH4,CDH9,CEP192,CERS6,ELAC2,FAT1,FGF12,INHBB,IRS1,LINC00877,MAP3K21,MCTP2,MRPS25,MYO3B,NCAM2,NHSL1,OTUD3,PCDH10,PCDH18,PDE1C,PDE4C,PKDCC,PLAG1,PNPLA6,RAI14,RBM19,REST,RRP1,SERPINB8,SIRPB1,SMIM23,STEAP1,STXBP5,TENT5A,TMEM184B,TNFRSF8,TNS3,TRIM14,TTC34,YEATS4,ZNF516
1428	ACTR3B,ANO3,ASPG,AVL9,BRD3,BRINP3,C21orf91,C8orf34,CBLB,CLDN23,CRYBB2,EIF4E,ENSG00000266302,ENSG00000279668,ENSG00000281655,ENSG00000283321,ENSG00000283563,FAM86B2,FIGN,FOXG1,GIPC2,GLI2,GSC,JAG1,KITLG,KRT6A,LARGE1,LINC03034,LRP1B,MACROD2,NDUFA4,NEFM,NR2F2,OLFM1,PCDH7,PDE5A,PYROXD1,RGS7,SERPINA5,SIX3,SLC12A8,SS18,TDRD15,TENM2,TWIST2,UNC93A,WFDC1
1429	AADAT,ABCA8,ABO,ADAMTS7,AGA,ANKRD26,ARMH4,ASCL2,ASPH,ATXN3,BCL11B,BICC1,BRINP3,CAMK1D,CHST15,CNOT2,CYLC2,DCP1A,ENSG00000259702,GRM7,HS6ST1,IADEN,IMMP2L,INSR,IRX3,KBTBD13,KCTD16,LHX5,LRFN2,LUZP2,MAPK6,MICU3,MPPED1,MSR1,MT1X,NFIB,NLRP5,NUBPL,PNMA8A,PRDM5,RAP2B,SCD5,SGCZ,SIGLEC7,SNX19,SUCO,SULF2,TBL1XR1,ZNF804B
1430	ADAMTS18,ADRA1D,ARHGEF26,C6orf118,CA10,CASP1,CERK,CSGALNACT1,CTNNA2,DRD1,ELAC2,EPB41L3,EPHA5,ERICH6,ESRRG,EXT2,FBXO25,FRG2C,GPCPD1,GPRC5D-AS1,HLA-DRB5,HPS1,HSD17B4,IGHMBP2,IRX1,IRX2,KCNE4,LINC01492,LINC02113,MAFB,MED13L,MEOX2,MSR1,NAT2,NXPH2,PDE5A,PRKG1,PTPRN2,SATB1,SEL1L,SHH,SLC25A37,SMIM20,SQOR,TRIB1,TRIM67,TSHZ2,VWC2,ZNF722
1431	ADAMTS14,AFDN,AKR1D1,ANKRD55,AXIN2,BASP1,C1D,CA10,CALHM6,CCKBR,CEP131,CNTNAP5,CRYBA4,DRD1,DUSP4,ELOVL6,ERBB4,FYB2,FYN,GIMAP4,GRB10,GTF2E2,IL6,KCNT2,KDM4B,KIAA0513,LINGO2,NPL,POM121L12,PRKCH-AS1,RAB38,SCML4,SDK2,SDR42E1,SEMA6D,SLC16A7,SLC6A11,SORCS1,TENT2,TPP2,TSN,TTLL11,TUSC3,UNC5C,USP25,VGLL4,WDR26,WSCD1,ZNF195
1432	ABLIM1,AIRIM,AJAP1,ALPI,AOAH,CA8,CEBPZOS,CSMD1,DKKL1,DMPK,ENSG00000234426,ENSG00000249642,ENSG00000276702,EPHB1,EVC2,FAS,GFRA1,GPC5,GSC,HECW1,HIP1R,IGFBP2,KLHL1,LFNG,LINC01725,MAPK4,MBTPS1,MCEMP1,MKLN1,MOGAT1,MTCL1,NANOS1,NKX3-2,NOS1,PCDH7,PLA2G4C,PTPRK,RAN,SDK1,SEPTIN10,SFXN1,SLX9,TMEM268,TRPM3,UBC,UTRN,YEATS2,ZNF706,ZNF85
1433	AGA,ATP8A1,BMP7,C12orf42,C4orf33,CBLN2,CCDC71L,CCDC77,CPNE5,CTSO,CYP4F3,CYYR1,DLGAP1,ENSG00000275055,ENSG00000284686,ERVH-3,ETAA1,EYA1,GALR1,HERC2,HTR5A,IRF2,IRF2BP2,LINC02431,LRFN5,LSM6,MDN1,MSMO1,MTRR,NRIP1,PCDH18,PDZD2,PI4KA,PLCH1,PSAT1,PTPRZ1,ROBO2,RYR2,SCO1,SDK1,SGCZ,SLC8A1,SNTG1,STIM2,TPM4,TRAM2,TRPA1,TTC7B,XYLT1
1434	ACVR2A,APOBEC3G,BECN2,CCZ1B,CDH10,CDYL2,CFAP58,CLYBL,CNTN5,CSMD1,CYLC2,CYP2A13,DCC,DYNC1I1,ELFN2,ETS1,FGF12,GALNT2,GP6,HS3ST5,HSPA12A,HTR1B,IRX1,LBP,LSG1,METTL14-DT,MGMT,MTAP,MYT1L,NEDD4L,OR51E2,PDHA2,PITPNM3,PPP4R1,PTPRD,RASGRP1,SEL1L3,SLC6A15,SNTB1,SORT1,SULT1C2,TAFA5,TBC1D4,TIAM1,TLE4,USP22,WIPF1,XKR4
1435	ADAM19,ATP13A4,ATP8A2,BASP1,CALN1,CD274,CFAP61,CLCA2,CNTNAP5,DEFB131A,DNAJB6,DOK7,DPP6,EEA1,ENG,ETFDH,FAM66A,FH,FSTL5,HELT,HPAT5,IFTAP,KLRK1,MAF,MAPK10,MRPL39,MTMR7,NACC2,NAF1,NEFM,PABPC3,PCDH15,PCDH7,PLCB4,PROK2,PRR20G,RELN,SEMA6D,SHISAL1,SLITRK5,SMLR1,SNX29,SON,SPATA16,TNFSF8,TRHDE,UMAD1,ZEB2,ZWINT
1436	ACSM1,ARAP2,ASTN1,AUTS2,AZIN1,BCL11B,BRINP3,CDH13,DLGAP1,DOCK10,EFR3A,EPB41L3,ERCC4,FBXO32,HEMK2,KCNIP4,LAMA2,LINC02844,MCTP2,NIPAL4,OTUD1,PATJ,PCSK5,PDGFD,PLAAT1,PLEKHA5,PRMT6,PTPRM,PXDC1,RGMA,RMI2,RNF32-DT,ROBO1,SCARA5,SEMA3C,SGCZ,SLC16A7,SLC4A7,SORCS1,SPRY2,TENM4,TEX29,THSD4,TMEM135,TMEM72,TMX3,TRIML1,TRPC6,ZNF419
1437	ACO1,ADAMTS17,ADGRB3,ATP10A,CDH18,CDH9,CEMIP,CLNK,CP,DMRTA1,DOCK8,ERBB4,FHIT,GALNT17,GAS1,GMPR,GOLIM4,GRM8,GSDMD,GYS1,HDAC4,HERPUD2,IRS1,ISX,LINC00662,MCF2L,MCPH1,MRPS6,MYO7A,NBAS,PCDH7,RELB,SLC5A7,SLCO1B1,SPAG16,SPRY4,SV2C,SYNPR,THSD7A,TMEM117,TMPRSS15,TSPAN9,TTLL2,TYW1,UGT2B15,WDR11,ZBTB10,ZNF438,ZNF516
1438	ACOXL,ACP1,ADCY2,ARGLU1,BUB3,C16orf82,CAMK2D,CASP3,CDH18,COPS7B,CSN3,DDR2,DIS3L2,DOCK10,ENSG00000285566,ENSG00000287312,ETV1,FMN1,GGT1,GXYLT1,IGHMBP2,INS,KANK3,LINC01018,LINC01950,LINC02645,LINGO2,LTA4H,MAP3K7,MCF2L2,MKI67,NFE2L3,PCAT19,PCDH17,POM121L12,PRKAG2,PRMT6,REG3G,RMI2,SALL3,SCYGR8,SIDT1,SLC37A3,SLITRK6,TBX15,TMPRSS15,TNS3,XPNPEP1,ZFP42
1439	ABCG1,AGA,ANO3,BBS9,BTBD3,C12orf42,CBLN2,CCDC146,CDKN2B,CLDN10,COL15A1,COL4A3,CSMD1,CYFIP2,DAOA,EFCAB3,EPB41L2,ETS1,FHIT,GLCCI1-DT,GMNC,GOLIM4,HS3ST4,INSL5,KCNT2,LRFN2,MAX,ME2,MEIS2,MICAL2,MRPL39,NCEH1,NEK6,NFATC1,OSMR-DT,PDE10A,PIEZO2,PINX1,RMDN2,SFMBT2,SLC2A9,SLC38A4,SLITRK1,TBX3,TMC3,TMEM179,WIPI2,ZFAT,ZNF804A
1440	ADAMTS16,ADTRP,ANKDD1A,ARL5B,BCL11B,BEGAIN,CCN3,CELSR1,CSMD1,DAOA,DLG2,ECRG4,ENSG00000250791,ENSG00000286221,FAT1,FAT4,FLI1,FN1,GALNTL5,GPR158,HECW1,HMGA2,HSD17B12,KLRB1,KSR2,LAMA1,LINC01016,LINC01233,MYCN,MYOCD,NFKB1,PCDH15,PCDH7,PDCD1LG2,PRKCA,PYGO1,RYR3,SCGB1D4,SEMA5A,SHH,SLITRK6,SOCS6,SP5,SPTLC3,TAS2R1,USP20,ZFAND3,ZNF462,ZNF641
1441	ACOT11,ANAPC4,ARHGEF4,ATF3,CDC5L,CDCA7L,CDH9,CNTNAP5,CYLC2,GALP,GPR42,GRIP1,GRM5,HMGN3,HS6ST1,IGFBP7,IL17RA,ING2,KLHL29,L3MBTL4,LINC01697,LMNTD1,LRATD2,LUZP2,NBPF3,NTRK2,NUAK1,PCDH7,PDHA2,PIK3C3,PPP2R2B,PSG11,SDK1,SERPINA12,SGCZ,SIAH3,SMAD6,ST3GAL1,SYN2,TBC1D1,TCF4,TLR1,TMTC1,TRIM5,USP36,VWC2,XRCC2,YWHAE,ZNF462
1442	ABO,ACTR3B,ADRA1B,ANKRD30A,BLOC1S4,COL14A1,CPAMD8,CRIM1,CTNND2,DEFB131A,DNAJC15,DPYSL3,DRAM2,DYNLL2,EGLN3,ENSG00000287488,FAM174B,FAM221A,GALR1,GNRHR,GPC5,HBG1,HRG,KLRC2,LAPTM5,LARP1,LINC01716,LMX1A,LOXHD1,LRATD1,LSAMP,MAP3K7,MEIG1,MYO16,MYOM1,NCBP3,OSTM1,PANX3,PDPN,PIGK,SGCD,SLC7A11,SQOR,STEAP1B,STK32A,TAMM41,TASP1,ZFHX3,ZWINT
1443	ABI3BP,ACKR3,ADAMTS15,ADGRB3,ANKH,APOBEC3H,APPL2,ATP10A,ATP8B4,BRF1,CALCRL,CDH13,CDH4,CLEC12A,COX7C,CRMP1,CSMD1,CTNNA3,CYP26B1,DNAJB6,FGFR2,FSCB,GABRA6,GLRX3,HUNK,IMMP2L,IRF2-DT,KCNK15,LINC00662,MAF,MLKL,NCOR2,NETO1,NLGN1,NOS1AP,PCDH15,PLB1,PRKCB,SLA,SLC24A3,SOX9,TAMM41,TMEM132B,TRAF3IP2,TSHZ2,U2AF1L4,UFSP2,WWOX,ZNF474
1444	ABI3BP,ADARB2,ADCY3,CAMK1D,CFAP299,CNTN6,CNTROB,CPXM2,CYP7B1,DKK1,DLGAP1,DMRTA1,DNAH11,EIF3H,ENSG00000282278,FAM221A,FERRY3,FRMD4B,FZD10,GPC5,GRK5,KLRG2,LHPP,LINC02018,LINC02885,LRRC7,MEIS1,MYEOV,NCKAP5,NPIPB2,NRXN1,NUP107,OR51E1,PDE10A,PLLP,POM121L12,PTGIS,RGS6,RSL24D1,RUNX3,SESN3,SLC39A8,SPRY2,TENM3,TIAM2,TRIM5,TTC9,UBE3C
1445	ACKR4,ADAMTS5,ADGRL3,ATP5F1C,CBLN4,CCDC110,CD109,CDC25B,CLMB,CYLC2,EMP2,ENSG00000284634,ETV6,GRIP1,GRM7,HGF,IBTK,IL17RA,IQCM,IRS2,KHDRBS3,KLF12,KLF4,LARGE1,LINC02109,LINC03150,LINGO2,LMF1,MEIG1,MTTP,OPA1,OXSM,PJA2,POM121L12,PRDM16,PYDC2,RFWD3,RPA3,SAP18,SERTAD4,SLIT2,SNRPB2,SPRING1,ST6GAL2,TMEM132B,TMEM132C,TSNARE1
1446	ADCY8,APBB1IP,ARPP21,ASAH2,ASB1,BECN2,BTBD3,CCDC179,CD247,CDH18,CDH7,CIBAR2,COL19A1,COX10,CYP4V2,DAPK2,DCC,DSCAML1,ENSG00000283674,ENSG00000286211,ENTPD4,FLVCR1,FOXB1,FUT9,GATA3,GIPC1,HK2,HSD17B4,ICE1,KCND3,KCNE4,MCPH1,NPSR1,PHC1,POLR1D,RNF144A,RNF213,ROBO2,RPS16,RSU1,SLC10A2,SORBS2,TAFA5,THSD4,TMEM33,VAV3,ZNF652,ZNF90,ZWINT
1447	BCHE,BRD1,BTBD2,BTC,CARS2,CBLB,CBLN4,CCN4,CD8B2,CDH26,CDH6,CPE,CRIM1,CRPPA,CRTAC1,DACT2,DHX15,DSG1-AS1,DTNBP1,EBF2,FAM107B,FBXO15,FRMD1,FTO,FZD8,GRIA1,HSPG2,KIF26B,KIF7,LINC00348,MEGF11,NANOGP8,PARP1,PNMA8B,PRDM1,PREX2,RAP2B,RNASET2,RNF144A,RNF32,SGCZ,SLC8A1,STMN2,TNNT2,TOX,TSLIG3A,TSLP,ZNF608,ZNF85
1448	AKT1,ARID1B,ATP8A2,AUH,BCL2L11,BOD1L1,CDH6,CDH7,CLDN10,CNST,CNTNAP2,CRYAA,CSMD1,CST8,DIAPH3,DMRTA1,DRD1,DUSP8,ENPP6,ENSG00000274090,EPHA5,FLRT2,FOXA2,GPC5,GRIN3A,IRAK3,KATNAL1,KHDRBS3,KIF16B,KLF12,LARS1,LRP1B,LYST,MACROD2,MOK,MYC,MYO1B,NOVA1,PHACTR1,PRKG2,RALB,SLC24A2,SLC2A12,SNTB1,TAFA1,TBX19,TNFRSF19,TRIM44,ZIC4
1449	ADTRP,ANK3,ANKRD24,APOL6,ATP13A3-DT,BAG3,BAHCC1,BOD1L1,CCSAP,CDH13,CLEC3A,CYYR1,DOCK8,DUSP1,EFNA5,ENPP1,EPB41,EPHA5,EVC,FLRT3,FRMD1,FSTL5,GLI2,GLYATL1,GPSM2,GRM3,LINC01863,LINC02055,LORICRIN,NRXN1,NXPH1,OTOR,P3H2,PARD3,PCDH18,PHACTR1,PTP4A3,PTPRD,PYDC2,RBFOX1,SLC38A10,SLCO3A1,TAFA5,TLE1,TLE3,TRHDE,YPEL5,ZMIZ1
1450	ABCG1,ADAMTS16,ALDH3A2,ALKBH8,ARHGEF16,ARHGEF28,BCL11B,CDH13,CMAS,COL6A3,CRACD,CTNND2,DAOA,DHX37,EDDM3A,EDNRB,ENSG00000197991,ENSG00000273167,FAM135B,FRAS1,GLRX3,GRM7,HERC2,IGFBP7,INTU,ISX,MAGI1,MPHOSPH6,MRPS22,NAV3,NELL1,NUDT16-DT,OGFRL1,OR6B3,POSTN,PROK2,PRRC2C,PRTG,PYDC2,SLITRK5,SMCHD1,SNX29,STAC,SUDS3,TRPC6,TUSC3,UGT2B15,ZNF737
1451	ADGRL2,ARRB2,B3GAT2,CHRDL2,COL5A2,CXCL12,DACT1,DAD1,DBNL,DYRK2,EGLN1,FER,GALNT18,GALNT2,GPC5,HAO1,ICOSLG,IMPA2-AS1,ISX,LINC02666,MAF,NAALADL2,NAF1,OPRM1,OR10G7,OSMR,PCDH10-DT,PIRT,POU5F1B,PRELID2,RASGRP1,RASGRP3,RBFOX3,RIN2,SERPINI1,SLC15A1,SMUG1,SOX17,SOX9,SPATA7,SULF2,SV2C,TAFA5,TENM3,TMEM232,TPCN1,TTLL7,TUT7,USP25
1452	ACTL6A,APBB1IP,BARD1,BLCAP,C1orf174,CDH8,CENPC,CNDP2,DLGAP1,ENSG00000237378,ETV1,GPR180,GRIA1,HS3ST4,KATNAL2,LINC02511,LPIN1,MCPH1,METTL4,MGAT5,MMP13,MRPL39,MYRIP,NDUFV3,NEMF,NFIA,PKD1L2,POMZP3,PRNP,PSG7,PTPRT,RCVRN,RGS6,RGS7,ROR1,RYR3,SEZ6L,SMR3B,SNX19,SOWAHB,STK17A,STXBP4,TAGLN3,TMC2,TPO,TRH,TULP3,WWOX,ZNF765
1453	ADAM19,ADARB2,AKR1C3,ALDH1L1,ANKRD26,ARMC3,CALD1,CAND1,CCL8,CDC14C,CDH13,CDH2,CEP170,CNBD1,CNTN3,CTNNA2,DTHD1,FOXC1,GAREM1,GRB10,GRHL3-AS1,IRX5,KCNJ2,KCNMB2,KHDRBS3,KLF6,LINC00879,LRBA,LURAP1L,MDGA2,MPDZ,MYC,MYOM2,PFN2,PRDM9,PRR16,RARB,SALL1,SEL1L,SERPINB1,SGCG,SLC7A10,SNX2,SUCLG1,TBC1D1,TMEM132B,TMTC2,TPM4,ZBTB21
1454	ADGRL3,ANGPT2,ARAP2,BRINP2,C1orf94,CDH13,CFAP54,CLRN3,CNTNAP5,CSMD3,CYLC2,DNAI7,ENSG00000273167,EPHB3,FAM153CP,FSTL5,GADD45G,GRM8,LINC03161,MANEA,MCTP2,MDFIC,MYO16,NALCN,NLRP4,NOX3,NPHP4,PDE8B,PDZD2,PRR16,PTGR3,RBFOX1,RGS1,RYR3,SEMA3C,SLC16A7,SLC35G4,SLITRK6,SMARCA2,SPRY1,STEAP1B,TAFA2,THSD7B,TKT,TMEM18,TMTC2,UBE2QL1,ZFPM1,ZNF366
1455	ABI3BP,ADAMTS5,ALCAM,ANGPT1,ARHGAP42,ASB3,CACNG3,CHCHD4,CHL1,CNST,CSRP3,DMAC1,DNAH5,EEF2KMT,ENSG00000286639,ENSG00000286982,FBXO11,FHIT,GABRA6,GPC6,GRIP1,HACE1,HAPLN1,IL16,KHDRBS3,LAMC3,LINC02414,LPAR3,MFHAS1,MNDA,MTHFD2L,NADSYN1,NTN1,OBSCN,P3H2,POU2AF2,RASGRP1,RGS17,RUNX1T1,SHISA9,SLC25A48,STK24,TAFA5,TAS2R7,TECRL,TMEM132C,TNFSF13B,VANGL2,ZNF385D
1456	ABTB2,ACO1,AMY1C,B3GNT8,CARMIL1,CDH19,CDH2,CLNK,CRYGS,CYP1B1,DPP6,DSC1,DSEL,ENSG00000265413,ENSG00000286260,EYS,FHIT,FKBP1C,FOXG1,HERC3,HRH1,IQGAP2,IRAG1,ITGB3BP,KANK4,KCNMB2,KLF12,KRAS,LARS1,LRRK2,MAGI2,METTL22,MTHFD1L,MUC16,MYCN,NCAM2,NMBR,NSUN5,OR10H4,PDE8A,PMM2,RHD,SIGLEC10,SLC7A11,SNAP25,SORBS2,SPNS2,TNK1,TRPC4
1457	ARRDC4,BLOC1S4,C8orf34,CHRM3,CLDN24,CLTA,CRYBA4,DLGAP1,DUSP26,EFCAB6,FAM110B,FAM43A,FGF12,FOXG1,HRG-AS1,HS3ST1,KCNIP4,KCNJ2,KIF13B,LRRC4C,MGST3,MYO5B,NLGN1,NPHP4,NR2F2,P2RY6,PIRAT1,PLCXD2,PLXDC2,PMP22,PTPRD,SEMA5A,SLC37A1,SOCS6,ST6GAL2,STRIT1,SV2B,TEAD4,TMPRSS11E,TMPRSS15,TRIB2,TRPS1,USP25,VSTM2B-DT,XPC,YAP1,ZNF37A,ZPLD1
1458	ACOX3,ASCL2,B4GALT5,BLM,CD38,CERS6,COL5A2,CUX1,CYYR1,DACT2,DAOA,DAP,DGKI,DMGDH,DNAH17,DPP10,ENSG00000255477,ERG,FAM181B,FCAR,FGFR2,FOXL1,FSTL5,GLI3,GRIK2,GSTA4,IL1R1,INPP1,JAK1,KCNJ1,LINC00877,MBD2,MEOX2,MSX2,MTX2,NXPH1,OR51E2,PABPC4L,PCDH10-DT,PID1,PPM1H,PRKCA,SLC2A14,SMIM31,STMND1,TCL1B,ZNF626,ZNF777,ZNF804A
1459	ADAMTS19,ANKFN1,AUTS2,BMAL1,CD36,CDH9,CLEC16A,CNTNAP2,CRACD,CSMD1,DOK6,ETFDH,GAS5,H3-7,HS3ST1,IPMK,IRX4,KLHL2,MACROD2,METAP1,MRPL39,MTUS2,MYC,NALF1,NCAM2,NEDD1,NETO1,OGDH,PFKP,POTEG,PRL,PSAT1,RALYL,RGS6,RMI2,RNF144A,RNF6,RSPH3,RYR3,SLC14A1,SOCS6,SPRED2,STC2,TRIM42,TTC29,TTC7A,TWSG1,UGT2B11,WDR27
1460	ADAMTS12,ADRA1D,AKAP13,AKAP6,ANK2,AOAH,ARRB2,ASB1,ASTN2,BFSP1,BRINP3,CA5A,CACNA2D1,CD200R1,CSMD1,CXADR,CYP7B1,DCDC2C,ENSG00000250842,EXOC1,FERMT2,HACE1,HMHB1,IL1RAP,LUZP2,MLLT3,MTSS1,NAV3,NECAB2,NSUN2,NUP153,PARP4,PCDH9,PHACTR1,POPDC3,PREX2,PTPRD,PTPRT,PYGL,RBBP6,SMG1,STEAP4,TCF4,TENM4,TM2D1,TMTC1,TNIK,TUSC3,WSCD2
1461	ADGRL3,AFDN,ARPP21,C11orf87,C4orf33,CBLN2,CDH9,CELF2,CHSY1,CLIC5,CSF1R,CUBN,CYFIP2,DLC1,DROSHA,EML6,EVC2,FHIT,FSTL5,GHRHR,GLRX3,GRM8,HEMK2,IDO1,INSYN2B,INTS10,JUN-DT,LINGO2,MTRR,OSBPL2,PATJ,PCDH15,PFKP,PRKCA,PTPN1,RBFOX1,SNTG1,SPOCK3,STK32B,STOX2,TACR3,TENM4,TM7SF3,TMEM132C,TMEM182,TTC3,TUBA8,VWC2,ZNF354A
1462	ADGRE1,ATP8B1-AS1,CC2D2A,CDA,CDH20,CPPED1,CST5,CYP4F8,CYS1,DPH6,DPP6,DTWD2,E2F8,ENSG00000259164,EPHA7,ERBB4,FBXL18,FGF20,FGF9,FOXN3,FZD3,G2E3,GRIA1,HTR2A,KLF6,KLHDC7A,MKI67,NCAM2,NUDT12,PLK5,PTPRD,PYDC2,RGPD4,RNF167,SLC16A9,SLC22A24,SPATA31C2,ST6GAL1,STXBP4,SV2C,SYNE1,TBX5,TENM3,TSPAN9,TSPYL5,TTC34,TYW1,WDR11,ZNF695
1463	A4GALT,ANKRD50,CAMK2D,CDCA7,CFAP20DC,CNTN5,COL22A1,COMMD10,CRIM1,DGKB,DNAH5,DSEL,ENSG00000248223,ENSG00000251459,FAF2,FAT1,FOXN3,FOXQ1,GFRA2,GRIN3A,HABP2,HS6ST1,IGF1R,INHBA,LAT2,LEF1,LMCD1,LUZP2,MAGI2,MARCHF1,MDM1,NDUFA8,NPY1R,NQO2,OBI1-AS1,PCDH10,PNLIPRP3,PPM1H,RAB6C,RADIL,SLC24A4,SMAD3,SPRYD4,SRGAP1,TAF8,TRIB2,UFL1,USP25,VLDLR
1464	ADAMTS14,AIRIM,ANKRD30BL,ASB2,BCL11A,CCNY,CD70,CDH4,CFAP20,CNTN5,DRC8,EFCAB14,ELF2,ENSG00000230333,ENSG00000267574,EVC,FHL2,GALNT13,HAO2,HEMK2,KCNMB2,KIF26B,LCMT1,LINC02269,MCUR1,MSANTD5,NFIL3,NKAIN2,NPAS3,PRR5L,RCOR3,RGS12,RNF32,SHTN1,SLC10A2,SLCO1B1,SMAD6,SNX16,SOX2,SRBD1,SRRM4,SYN3,TBX5,TEKT3,THSD7B,TMEM132D,TMPRSS15,TNFRSF11B,TSNAX-DISC1
1465	ADRA1A,ADRB1,ALCAM,ALX4,ASIC2,C16orf82,CA8,CDH8,CLEC16A,CTNNA3,DKK2,ENSG00000254343,EPHA5,FOXB1,GAS7,GLRA3,GRIP1,IFI16,IGFBP3,INHBB,KLF3,LHX1-DT,LINC03214,LINGO2,LRP1B,MACC1-AS1,MGAT5B,MIS18BP1,MYO18B,NDRG4,PARD3,PARM1,PDE9A-AS1,PRAC2,PRDM9,PRMT6,RBFOX1,SCLT1,SLC7A2,SLC8A1,SNTG2,SORBS1,SULF2,TBL1XR1,TSPAN9,TWSG1,UBASH3A,ZNF558
1466	ADCYAP1,ARL4C,ATP8A1,B3GALT1,BARX2,CADPS2,CDC50A,CMIP,COA1,CSGALNACT1,CTSH,DLGAP2-AS1,DTNBP1,EDIL3,EFHC1,ENSG00000233974,ENTPD6,FGF12,GABARAPL1,GOLGA8R,HK2,IDH2,IL1RAP,KCNJ2,LINC01088,LYPLAL1,MACC1,MBNL2,MCPH1,MCTP1,MRPL52,MYOF,NRXN1,NXPH1,PIGF,PLAAT1,POU2F3,PTPRT,RBFOX3,RIPOR3,SHISA9,SLC8A1,SOX5,TAFA1,TENT4A,TMEM114,TMPRSS11E,XAF1,ZNF30
1467	ADCY9,ALCAM,ATG4C,BOD1L1,CACNG2,CDH18,CDH26,CDH6,CEMIP,CRAT,DACH1,DPH6,ENSG00000284686,FSCB,GOLGA8G,HECW1,IMMP2L,LAMA4,LPP,LRRC4C,MED27,MGMT,MYO3A,NEDD1,NRF1,NRXN1,PANX1,PCDH7,PDPN,PIK3C2B,PLSCR5,PWWP3A,RAB38,RBFOX1,RINT1,SH3BP4,SLC24A3,SLC39A11,SMIM30,SOCS6,SOX5,STIM2,STXBP5,TAF1B,TRIM35,TSEN2,TSPAN13,ZNF717
1468	ACTC1,AMY1C,ANKRD30BL,BRINP3,CCDC179,CNOT6L,CRIM1,CXCL12,DHRS2,DMRTA1,EDEM1,FRMD4B,GABBR2,GALC,GALR1,HAS2,ISX,LINC01739,LINC02607,MINDY3,MITF,MRPS22,PCDH7,PIP5K1C,PKIA,PLPPR5,POU6F2,PTGER3,PTPRU,RAMP3,RIN2,RNF144A,SDK1,SLITRK6,SMC2,SPATA17,TACC1,TEKT5,TGFBR2,TMEM45B,TOMM7,TRIB2,TTC17,WDSUB1,XRCC2,ZNF160,ZNF516,ZNF519,ZNF652
1469	ABCA13,ADGRL3,ANGPT1,ANXA10,ARHGAP42,BCAT1-DT,CNTN4,CNTN5,CTNND2,DACH1,ENSG00000289131,ETNK2,FAM135B,FAM181B,FOXK1,GALNT13,GALNT2,GLYATL2,KPLCE,LCORL,LRRTM4,LSAMP,MAFB,MCFD2,MN1,MYOM2,NDUFC1,NDUFS5,NEK10,NXPE1,PCDH18,PCDH7,PGBD5,PTBP3,RERGL,RPLP1,RUNX3,RYBP,SEMA6A,SH3BGRL2,SLC2A3,SLC30A10,SLC39A10,TBX5,TMEM68,TPRG1,TRIB2,TRIQK,UBA52
1470	ADCY8,ARHGEF28,ARL4A,BOC,C3,CADPS2,CBLN2,CD1E,CDH9,CDKN2B,CNTN5,COBL,COG5,COX10,CR1,CRYBA4,DHCR24,DIPK2A,DIRAS2,ENSG00000272297,GATA4,INSR,ITPRIPL2,IVNS1ABP,JRKL,KCNT2,LARGE1,LONRF2,LRR1,LUZP2,MCF2L,MMD2,NELL1,NPAS2,PCDH20,PRPH2,RMI1,RPL11,RPS6KC1,RYR3,SEL1L,SHQ1,SKA3,SLC19A1,SLC44A1,SMPDL3A,STOM,TBC1D4,TTC32
1471	AASDHPPT,AJAP1,ARAP2,BRINP1,CASZ1,CFAP61,CNPY1,COPS8,CPEB2,CSMD1,DGCR2,EPHA1,EYS,FAM98A,FAT1,FAT4,FHIT,GALR1,GATA3,IFT88,IL12B,LDHA,LPIN1,LRFN5,LUZP2,LYRM2,METTL16,MIPEP,NOL11,NTRK3,PATJ,PHACTR3,PLD5,RAPGEF1,RPTOR,SAT2,SCLY,SHANK2,SLITRK1,SNTN,SORCS1,TGFB2,TGM3,TMEM167A,TMEM232,UBE2G1,ZFHX3,ZNF385D
1472	ABCA12,ACKR1,AGMO,AKAIN1,AMY1C,C11orf24,C16orf82,CD28,CDH6,CLYBL,CNOT4,COLGALT2,DCDC2C,DMRT2,EEA1,ENSG00000235978,ENSG00000263594,EPHB1,FGFR2,GRIN2A,GYPC,HEMK2,IGFBP7,KCNH7,LINC02965,MDN1,MEIS1,MFHAS1,NAALADL2,NAT14,PLA2G2C,PLD5,PLIN3,PRR16,PTHLH,RAP1A,RIPOR2,SCPPPQ1,SEC31B,SILC1,SLC17A1,SLC2A9,SMIM23,TCN2,TGFBR2,TMEM200C,TRIB2,UNC13C
1473	ADGRE3,ADGRF5,ARHGEF10L,BCAS1,C11orf24,C4orf33,CAMKMT,CCN4,CDH10,CDH18,CTPS1,DAB1,DLK1,DMAC1,ENSG00000283075,ENSG00000289131,FAM135B,FARP1,GOT2,GRHL1,GTF2E1,HHAT,HIP1,ICA1,LATS1,LPGAT1,MCPH1,NTRK3,OSTM1,PATJ,PLOD2,PLXDC2,PRIMA1,PTPRT,RBM19,SERPINA10,SLC35F4,SLC9A9-AS1,SLCO3A1,SLITRK6,SNTB1,SPRY2,STIM2,TMEM132C,TRAPPC9,UFM1,WDR1,ZNF385D,ZNF521
1474	AGBL3,AKAIN1,ATP11B,ATP5F1D,ATP6V0E2,BANK1,CBLN4,CCDC201,CDH19,CELF2,CLEC10A,COL5A2,CYFIP1,DBH,DKK2,EBF3,FAM110B,FAM98A,FARS2,FYN,GALNT17,GGCX,IL12RB1,LDLRAD3,LINC00659,LINC02826,NSG2,NUAK1,PABPC3,PARP12,PFKP,RBFOX1,RORB,SAMD5,SLC29A3,SLCO3A1,SOCS6,SOD2,STXBP6,SUCLG1,TBL1XR1,TENM3,TMEM184C,TPT1-AS1,XKR4,ZNF346,ZNF462,ZWINT
1475	ABAT,ADCYAP1,ATP5MC1,BANF2,BCAS1,BPIFB2,BRDT,C2CD4A,CACNB2,CDH13,CDH9,CEMIP2,CORO2B,DTWD2,EDEM1,ELOVL4,ENSG00000286129,ETV1,ETV6,FBLN1,FSTL5,GABBR2,GPC5,GRM7,HS1BP3,ID4,IQSEC1,LINC01301,LRATD1,LRRC4C,MKRN1,NELL1,NUP54,PCDH18,PHACTR1,PKN1,PSD3,PTPRD,RAB14,RASA2,SETMAR,SMIM43,SPDL1,SPRY2,SULF2,TMEM132B,TOP3B,TRPM8,ZNF516
1476	ADAMTS12,ADRA2C,AHR,ASB3,CAPRIN1,CDH18,CIB4,COL26A1,CYP2B6,DYNC2H1,EDARADD,ENSG00000237378,ENSG00000281460,FEZF1,FOXQ1,JARID2,KDM4C,LINC02270,LINS1,LRRC3B,LRRC7,LYZL1,NPIPA8,NRG1,NT5C3A,PFKP,PRKCH,PTPRD,RBM19,RGPD8,RORB,SDK1,SERPINA5,SLC2A11,SLC38A9,SLCO3A1,SMCHD1,SOWAHB,SRCIN1,STK24,STRIP2,SV2B,TLE4,TMEM18,UBE2E3,USP25,VWF,ZNF648,ZNF728
1477	ABCC1,ADRA1A,ANKRD10,ARHGEF38,BBS9,C1QL3,C1orf94,C6orf118,CACNG4,CDC42BPA,CDH13,CDYL,CFDP1,CHRNA7,COBL,CSRNP3,DDIT4L,DMAC2,DOK6,ENSG00000242828,EPSTI1,FGFR2,HDAC4,IGF2R,IGFBP7,JAG1,KLHL38,LPIN2,LRRC74A,MEDAG,MMRN1,MN1,NCAM1,NCAM2,P3H2,PCDH15,PGM2,PIEZO2,REC114,RND3,RNF130,SAG,SLCO1B3,SPAG16,TRIL,USP25,VWC2L,ZFP64
1478	ADAM29,AMY1C,BTG1,C19orf12,CDH12,CDYL,CNTN4,COMMD6,DTHD1,DYNC1I1,EDN1,ENSG00000235978,ENSG00000237378,ENSG00000250775,ENSG00000287251,ENTREP2,FRMD3-AS1,GRIK2,IFNE,INHBB,KCNS3,KDM4C,LINC00662,LTA4H,MON1B,MPPE1,NCAM2,NRROS,PITX2,PKN2,PLEKHG1,POLK,RBFOX1,RBFOX3,RNF213,SAXO1,SERPINB8,SEZ6L,SLC24A3,SLC35D1,SORCS1,SORCS2,TMEM51,TNFSF10,TRAPPC9,UTRN,VLDLR,WDR1,ZNF536
1479	ABCG2,ADARB2,ARAP3,ARHGEF7,BARHL2,CCDC34,CD53,CDH13,CHRNA1,CLIC5,COLGALT2,DSCAM,EFCAB13,EVC,FLNB,FLRT2,FMN2,FOXI2,FRMD4B,FSTL5,GPC5,HHAT,HS3ST3A1,LCORL,LINC01307,LRRC4C,MCTP2,MEIS1,NGEF,NKX2-5,NODAL,PCLO,PFKP,RALYL,RBFOX1,RGS7,RRP12,SEL1L,SINHCAF,SLC24A4,SLC35F5,STOML3,TECRL,TEX29,TMIGD3,TRIM35,TTC39B,UNC13C,ZNF507
1480	ADGRD1,ADRB2,AMY1C,BRI3,CARS2,CCDC6,CCL1,CDH17,CDH6,CLEC7A,CPS1,CRIM1,CTNND2,CTSL,DLG2,DNAH9,ENSG00000286625,FBXO15,FLRT2,FPR3,GALNS,GJB6,HEATR5B,HLA-DRB5,HTRA3,IFI44L,KCNJ16,LHFPL6,MAD2L2,MME,NBPF3,PAPPA,PDCD1LG2,PDGFC,PLB1,POSTN,POU5F1B,PRKCA,PSAT1,RGS6,SEC22A,SIK1,SORCS2,SOX11,STUM,TAGLN3,THRB,TTYH1,ZFPM2
1481	ASIC2,BMP1,CASP4,CDH4,CRIM1,CTH,CTNNB1,CXCL12,CYRIA,DACH1,DNM3,DPP10,ENOX1,ENSG00000235419,ENSG00000272211,FAM110B,FHOD3,FOXO1,GADD45G,HECW2-AS1,HES1,IRX2,LGR6,LINC00662,LSM11,LSM6,MARCHF1,MPP7,MRPL36,MYLK4,NCAM2,NEU4,NPSR1,OCA2,PPIA,PTGER3,PTS,RIOX2,ROR2,SLC4A8,SNAP25,SNX29,SOX11,TCERG1L,TP63,WDR36,WIPF1,ZNF804B
1482	ABHD2,BMP4,CCDC102B,CDH4,CFHR5,CTNNA3,DPP10,DYRK2,ENSG00000262521,ENSG00000287364,EPC2,FAM181B,GABBR2,GALNT18-AS1,GOLGA6L7,GPCPD1,GPR155,IGFBP7,LINC02268,LTBP2,LVRN,MCPH1,NAALADL2,NCKAP5,NPAP1,OPRK1,OTUD6B-AS1,PCDH7,PDHA2,PIK3C2G,PRKN,PRR20G,PSMF1,PTGER3,RAB6C,RGS9,ROBO2,SEC31A,SLC17A6,SPP2,SUB1,SV2B,TMEM132C,TRAM1L1,TRDMT1,UGT2B17,VWC2,WRN
1483	ADAMTS16,ARAP2,CAMTA1,CCDC190,CHD1,CLSTN2,CNTNAP2,CYP24A1,DDX18,ENSG00000229178,ENSG00000259363,ENSG00000269155,FAM3D,FURIN,GLRX3,HLA-DPA1,KDM4B,LINS1,LIPG,LPP,LRFN5,LY6E,MACROD2,MGRN1,MRPS10,MYLK4,NADSYN1,NTRK2,OSBPL10,PDLIM5,PENK,PHLDA1,PLCG2,PLD5,RASEF,SBF2,SCD5,SGCD,SLCO3A1,SNX16,SSBP2,TBC1D22A,TM4SF1,TMEM114,XYLT1,ZFPM2,ZNF385D,ZNF804B
1484	ACBD7,ADAMTSL1,AJAP1,AMY1C,CAMK4,CHRM3,CTSO,EFHD1,ENSG00000250829,ENSG00000253354,EPB41L3,FHOD3,FPGT,GALR1,GATA3,GOLGA8S,GPC5,HDAC2-AS2,IGFBP3,IRF8,KIF13B,KLK10,LINC01445,LRRC30,MYO18B,NEGR1,NFE2L2,NOSTRIN,NUP50,PALM2AKAP2,PFDN4,PMM2,PNLIPRP3,PTPRN2,SEMA3E,SERPINE2,SERPINI1,SLC15A5,SLC7A1,SNX19,STIM2,TENM3,TENT4A,TMEM132B,TOM1L1,TOR3A,TRIM33,UGT2A3,VCAN
1485	ABCG1,ADARB2,ADCY2,AGBL1,APP,ARHGAP20,ASAH1,C8orf90,CBLB,CCDC148-AS1,CHD2,CNOT2,CNTN4,COL22A1,COMMD9,CSMD1,CTNNA3,CXADR,DGKB,DLC1,DOK5,ENSG00000253678,EPB41L3,EREG,FARP1,FZD10,KDM4C,KIFBP,LRP8,LRRC4C,MEOX2,NAV3,NCAM1,NR3C2,NRF1,NRIP1,PGCKA1,RFC3,RPS6KA2,SLC2A9,SPPL2B,TCIM,TFAP2C,THADA,TNC,TSHZ3,TTC17,ZBTB38,ZNF264
1486	ADAMTS17,ADGRE1,AKAP7,ARID1B,ATF6,CBLB,CLMB,CORO2B,CRYBA4,DLGAP1,ENSG00000251537,FLYWCH1,FSTL5,GADL1,GALNTL6,IL1RN,IRS2,KCNT2,LUCAT1,MCPH1,MDGA1,MOB1B,NRXN1,OAS2,PAAF1,PAK5,PCDH18,PID1,PLPPR5,PRPSAP1,RDX,RHOJ,RNF150,SAMD12,SEMA6A,SI,SMAD3,SSU72L2,ST6GALNAC3,SYK,TCP11L1,TDRD15,TRIO,USP29,WDR11,WDR59,ZFYVE27,ZNF385D
1487	ADAM12,ARRDC4,BMF,BORCS5,CCDC85C,CDH12,CELF2,CENPE,COL22A1,CSMD1,CTNNA3,CYRIB,DEK,DPP6,ENPP3,ENSG00000215838,FAM163B,FAM181B,FHIT,GRIK2,GRIK4,GTF3A,HAAO,JAM3,KCND3,KIF20B,LINC02268,MAN2A1,MEAK7,MEIG1,N4BP2,NELL1,NHLRC1,OPRM1,PFKP,PTN,PTPN1,RAD23B,RSL24D1,SLC39A12,SLC51A,SNX2,SPDYE21,TECTA,TRHDE,TUSC1,YPEL5,ZNF611
1488	ADGRL3,ANKRD50,ANO3,ARHGAP25,ARHGAP32,ARHGAP5,BACH1,CALN1,CASTOR2,CEP104,CFAP54,CNTNAP2,CRIM1,CYLC2,DACT2,DUSP6,ENSG00000288953,EYA1,FAM114A1,IL15,JRKL,KCNN2,LMO3,MCPH1,MED27,METTL21EP,METTL5,MKX,MLLT3,MRPS6,MSR1,MYOCD,NCAM2,NSA2,PALLD,PLD5,PRDM1,PTGIS,RASGRP1,SERPINB6,SI,SKOR2,SLC25A25,SLC26A3,SMPD4,SOX9,TAFA5,UGT3A1
1489	ADAMTSL3,ADGRE1,AMY1C,ANKRD20A1,BFSP2,BMP2,BPNT2,CADM1,CBLN2,CDC42BPA,CLMP,COPS8,CREB3L2,DAOA,DNAJB9,DYNC2H1,ENSG00000235419,ERBB4,GPC5,GPC6,GRIP2,ITGB1,LITAF,LRATD1,LRIG1,MAP3K4,MC4R,NETO1,P3H2,PKD2,PLCB4,PMEPA1,PTBP3,PTPRD,PTPRU,PYGL,RBFOX1,RGSL1,RO60,SEPHS1,SLC15A4,SLC35F4,SVIL,TRNT1,ULK4,VAT1L,ZNF536
1490	ADAM12,ADGRL3,AIMP1,ANK1,CALCR,CD83,CPNE4,DDX11,DKK2,DLGAP1,DPP10,DPP6,ENSG00000259363,FAM135A,FAT4,FMN1,FSTL5,GALNT18,GRIN3A,HDAC9,HNRNPD,HRH2,HSPG2,IGHMBP2,INSR,KHDRBS3,KNTC1,LDLRAD4,MGMT,NRIP1,PCDH7,PIK3CG,POM121L12,PSAT1,RMDN2,RYR3,SEC22A,SEMA3C,SEMA5A,SORCS3,STPG2,SYN3,TAFA2,TBL1XR1,TM4SF4,TNS3,TRMT9B,WNT2B,ZWINT
1491	APTX,ATXN3,BARX2,CCDC7,CD69,CDC73,CDH11,CLCN3,COL4A3,CPE,DAPK1,DNAH5,DPP6,DTWD2,DUS3L,EIPR1,FAM181B,FGD5,FGF9,GRIA1,IGFBP7,KLHL6,LHX5,LINC01945,LRP1B,LTBP1,LUZP2,MAP2,NEFL,NOVA1,NRXN3,OLFM3,PAPPA,PHACTR3,PNPLA8,POM121L12,PRKG1,PRSS23,PTK2,RAB24,RNLS,SC5D,SERPINB3,SMIM20,SORCS2,TRIL,UBE2G2,ZNF385B,ZWINT
1492	BRINP3,C1D,CACNA2D1,CARMIL1,CASP3,CDH4,COL5A2,CPNE4,CTNNA2,CUBN,DAP,ENSG00000272864,FAM181A,FBXO25,FNDC1,FOXG1,FRY,IGF2BP2,KDR,KIAA0513,LMF1,NBN,NRGN,NRIR,NRP1,PCDH7,PCSK5,PRDM5,PTPRD,RAB6C,RABGGTB,ROBO2,SEMA5A,SLC6A6,SLCO1B3,STK32A,TENM3,TENT5A,TGFB2,THSD7B,TLL1,TMEM235,TRIM5,TRIML1,UBE2E2,VEZT,WSCD1,XAF1,ZPLD1
1493	ABO,ADGRL3,ADIPOQ,AGAP3,ARID1B,BRINP3,C4orf33,CD4,CDC73,CDH23,CHRM3,CITED2,CNTN4,CNTN5,CREBBP,CYP27C1,DDX11,ECRG4,FARSB,FRG2C,GALNT17,GALNTL6,GTF3A,IGF2R,IQCK,KLF4,LINC01839,MROH2A,NFATC1,NKX2-8,NPHP4,NRIP1,PCDH15,PIK3C3,POSTN,PPM1H,RBM19,ROBO2,RPP38,SFRP2,SOX17,SPRED2,SQOR,STEAP1B,TACR3,TBC1D4,TMEM163,UBE3C,WDR89
1494	ALCAM,APOBEC2,ARID2,ATG16L1,C12orf56,CBLN2,CCL1,CDH13,CLIC5,CNTNAP2,COL27A1,CXCL12,DAW1,DDX1,DDX11,DELE1,DPP6,DUSP1,ENSG00000258744,ENSG00000289710,FAT4,GPC5,H3Y1,HMGN1,IRX4,LINC01495,LRFN5,NCOR2,NTRK2,OPCML,PDE5A,PRDM1,PRKCA,RAB34,RARB,RBL2,RGS17,SFXN1,SHC2,SNX29,SRSF10,TELO2,TLR1,TMEM59,TMEM92,TWIST2,UFM1,ZBTB18,ZFHX3
1495	ADAMTSL1,AGAP1,AGBL1,ANKRD50,BAIAP2,BASP1,CBLN2,CNBD1,COL9A1,DLGAP2,EFCAB8,FAM114A1,FGF20,FMO3,GPC6,GRB10,INPP5B,LINC00595,LINC01018,LINC03109,MCF2L2,MINAR1,NGF,NTF3,OPRM1,OR52K2,PCNX2,PIP4K2A,PLEKHA2,PLPP7,PLPPR5,POLR1F,POM121L12,RGS2-AS1,SATB1,SCARB1,SLC2A9,SMIM41,SUMF1,TAFA5,TBC1D2,TBL1XR1,TECRL,TLE5,TRIM67,VIPR2,WASHC5,WDR31,ZHX2
1496	ALAD,AMOTL1,AMY1C,APBA2,ARHGAP44,BCL11B,BMP2,CCDC179,CCNI,CDH11,CFAP54,CHGB,CHL1,CNTN5,COL9A3,CST2,ENOX1,ENPP6,ENSG00000285218,FAM135B,FCGR2A,FES,FOXRED1,FSTL5,GLRX3,GNPDA1,GTF2IRD2B,IGFBP7,LMO7,LPP,LRATD1,LRRN2,MDGA2,NASP,NKAIN2,OAS1,OR56A4,PIK3C3,PINX1,PLA2G4A,RLF,SMR3B,SORCS2,SPRY2,SULT1C2,TMEM163,TNFRSF8,TTC39C,UCK2
1497	ACAN,AGA,ANO1,BRI3BP,CADM1,CCDC182,CDC73,CNTN3,DLD,DTHD1,ENSG00000285471,ESM1,FRY,GAS7,GPR157,GRIK2,HDAC4,ID3,KCNT2,KIF26B,LARS2,LMCD1,LRRC3B,MPDU1,MRPL39,NFKB1,NOS1AP,NUP50,OAS2,OCA2,PCDH10-DT,PDE9A,PKHD1,PLSCR2,RAB6B,RBFOX1,S1PR1,SACS,SDK2,SEPTIN9,SNX7,TAFA2,TBC1D32,TBXT,TMEM218,XYLT1,ZFAND6,ZMAT4
1498	ABCG2,ACTN1,AGBL1,ASB3,AUH,BACE2,BPNT2,CAPN13,CAV2,CDIN1,CEP15,CLDN14,CNBD1,CNTN5,COBL,CREG1,DAP,DGLUCY,ENSG00000236958,FGF12,FOXG1,GFRA2,HIPK1-AS1,LEF1,LMCD1,LRP1B,MAL2,ME1,MPC1,MSX2,MYO10,NAP1L1,NBAS,NLRP1,NLRP13,NPBWR1,PAQR5,PAX7,PLCB1,RIPK4,RNF6,RP1,SAMD12,SDK1,SEMA5A,SYNE1,TECPR1,THBS2,TRPV1
1499	ABCC1,ABTB3,ANKRD18A,C16orf82,C1orf174,CCDC71L,CSMD1,CTSL,CYRIB,DLGAP1-AS4,DOCK1,EBF1,ENSG00000287593,FAM98A,GPRC5D-AS1,GSE1,HMGXB4,HS3ST1,HTR1B,IRS2,LARGE1,LINGO2,LRP5,MORN1,MSRB2,NAV2,NFIB,NPAP1,NPAS3,NUP35,NXN,PCDH20,PDE8A,PDZD2,PLA2G4A,PSMA6,QKI,SEMA4B,SEMA5A,SIRT5,SLC25A48,SLITRK5,SLITRK6,SPMIP10,SYNDIG1,TMEM132E,TP53AIP1,TTR,ZNF257
1500	ADAM29,ADAMTS5,AEBP2,ANKRD13C-DT,ATF7IP2,BCL11B,CENPF,CSMD1,DISC1,ENSG00000206356,ENSG00000271579,FAR2,FAS,FCRL5,FDX1,HBG1,INSL5,KDM4C,LINC02344,LNP1,LYZL1,MEIS2,MGMT,MTHFD1L,MTNAP1,NAALADL2,NCAM2,NEDD1,NSL1,PIEZO2,PRR20A,RAI14,RDH13,RGMB,RGS17,ROBO2,SEL1L,SLC39A11,STK31,TENM3,TLR1,TMEM132D,TMEM17,TRIM24,TSHR,TSLIG3A,TUBA3C,ZNF618
1501	ABRA,ADARB2,ANAPC4,ANGPTL1,ARRDC4,ATE1,ATP11A,BBS9,BRD1,CERS4,CNOT6L,CRHBP,CYYR1,DLGAP1,EBLN2,EDN3,ENO1,ENSG00000266602,GABRA6,GALNTL6,GOLT1B,GPR26,GPRIN3,HEMK2,INHBA,KCNH7,LAMC3,LRRC4C,LYRM4,NEK2,NMU,PALLD,PARM1,PDIA6,POM121L12,PSD3,RFX8,SLC2A9,SLCO3A1,SLITRK1,SLITRK5,SUMF1,TACR3,TCTN2,TFAP2A,TG,TMTC2,UBE2E1,ZNF85
1502	ANKRD55,ANO1,ANO5,BANP,BRD3,CCM2,CDH18,CEP55,CNTNAP5,COL22A1,CXADR,CYRIA,DAPK1,DGKB,DLGAP2,ELFN1,ENSG00000287516,EPAS1,FBH1,ID4,INTU,KCNJ16,LBH,MPC2,MRPL57,MTRR,NDEL1,NECTIN3,ORC3,PABPC1,PHB1,PRKAG3,PRKCA,PTPRD,RALYL,RCBTB1,RFPL3,SEMA3E,SFMBT2,SFRP2,SLC41A2,SMG1,TENM2,TFB2M,TRG-AS1,UGT2A2,WIPI2,ZNF85
1503	AKR1E2,ANXA1,ATP2A3,BACH2,CDH20,CES1,COBL,CSMD1,DAB1,EXOC2,GCC2,HAND2,HAS2,IFI44,INHBB,KLF3,LAMA1,LIN28B,LINC01492,LINC02223,LINC02287,LIPG,LORICRIN,LTBP1,MAD1L1,MAP2K4,MINAR1,MPPED2,MYEOV,MYOCD,PCSK1,PGD,PLA2G4A,PLEKHA5,PLSCR1,PPFIA1,PTPN5,S1PR3,SLC22A16,SORBS1,SOX4,SRBD1,TBX15,THOC1,TMEM132B,TRAV26-2,WDR5,XKR6,ZNF608
1504	ADGRB3,BANP,CCK,CDA,CHST1,CNTN3,CPNE4,DLGAP1,ENSG00000281883,FABP6,FRS3,GABRB3,GALR1,GPM6A,GRM7,HS6ST1,JRKL,KCNRG,LEPR,LINC01915,LRRC1,MCF2L,MTPN,NEB,NTRK3,NUP50,OLFM2,OLFM3,PARVG,PHYHIP,POM121L12,PTCH1,RBM19,SCARB1,SLC14A2,SNHG14,SPTSSB,SYT17,TLN2,TMEM132D,TOM1L1,TRIM29,UGT2A3,UNC13C,XYLT1,ZFHX3,ZPLD1
1505	AKR1E2,ASTN2,C8orf34,CBLB,CCDC38,CDH12,CHN2,COLEC11,CUBN,DAAM2,DNM1L,DOCK5,DPH6,EIF2S3B,ENSG00000279668,ENSG00000289710,EPHA6,FOXG1,GADL1,GPR78,GRM7,IFNAR2,IGF1R,KCNMB2,LINC01151,LINC02335,MON1B,MSX1,MTRR,NWD2,OTOL1,PCDH20,PDZRN3,RHOU,SDK2,SEMA5A,SH3GL2,SLC39A10,SNAP25,SNRNP70,SNX13,TBX3,TFAP2A,TMEFF2,TMEM131L,TTYH2,XXYLT1,ZNF396
1506	ADGRB3,APTR,AUTS2,BTBD3,C1QTNF6,CDH10,CDK19,CHRM3,CYB5R3,DAOA,DAP,DEFB134,DMAC1,DNAH3,ERG,EYS,FBXO7,FLRT2,FSHR,GAS1,GEMIN5,LINC00929,MBIP,MCHR2,MICU3,MRPL39,NAV2,NIBAN1,NLGN1,OR11H12,OTOP1,PATJ,PDE5A,POM121L12,PRDM16,PRKCH,RBFOX1,SCLT1,SLC36A2,SLC6A11,SUCLA2,TG,TH,TMEM132C,TMEM260,TVP23B,ZMIZ1,ZNF516
1507	ADGRL3,AGPAT4,AIRIM,ATP6V0E2,BNC2,BRINP1,BTG1,CADPS,CDH8,CLSTN2,CRIM1,CSMD1,CWF19L2,CYP2B6,DCAF12,EDN1,ENSG00000260337,FSTL5,FTO,GRIK2,GUCY1A1,GYPB,IRS2,LINC02185,LINGO2,LRATD1,MBL2,MCPH1,MRPL46,OTOP1,PLA2G4E,PXDC1,RAB11FIP4,RGS13,RNF152,SAMSN1,SESTD1,SETBP1,SLC35F3,SPRED2,SRRM4,TBX5,TICAM1,TMEM45B,TMIGD3,VIP,VLDLR,ZNF236,ZNF804B
1508	ADGRL3,AKR1C2,AP3M2,BUD13,CACNA1C,CACUL1,CAMK1D,CDC73,CDH8,CELF4,CNTNAP2,DAAM2,DACT1,DCT,DLGAP1-AS4,DPP6,DTX1,ECHDC3,ENSG00000260361,HFM1,HMGN1,HS3ST3A1,KIZ,KRTAP5-10,LINC00595,LINC02397,LITAF,LPAR3,LRATD1,MANEA,METTL16,MYO16,NEDD9,NLRC5,OMA1,PCED1B,PCSK5,PODXL,PPIE,RIPOR2,RNF150,RTN4,SERPINB7,SLC25A24,SLC5A9,SSUH2,TAS2R1,VPS41,ZDHHC21
1509	AGR3,AP1S3,ARHGEF18,BOD1L1,BTC,CBLN2,CCL1,CD300A,CD47,CD8B2,CDCA7,CFAP54,COL5A1,CTNNA3,DLGAP1,DNAH5,ENSG00000273550,FAM98A,FASLG,FAT4,FGD5,FUT9,G2E3,GPR37L1,GRK5,KIRREL3,KLF12,KRT80,LARS1,LINC00667,LMO1,LRATD1,MN1,NFIL3,NR3C2,PALS2,PDCD1LG2,PIK3C3,PMM2,PTPRM,PTPRT,RBBP8,RGS6,SCN9A,SLC10A2,SMAD7,ST8SIA4,SYNE3,TMEM132D
1510	ADAM29,AGO2,ALK,ARSB,ATP10A,ATP8A1,CACNB2-AS2,CBLN2,CDC42EP4,CDH19,CELF2,CFAP69,CPXM2,CRYBA4,CSMD1,DEUP1,ECI2,ENSG00000283563,FAM135B,FCRL6,FSTL4,GRM8,HCRTR2,HMGA2,INTU,KBTBD7,LIMCH1,MAPK8,MLLT3,MSH2,MYO9B,NRXN3,PCDH18,PCDH7,PENK,PLA2G4C,PRKN,PSEN2,RNASE4,SLC22A9,SLC28A3,TFAP2C,TMEM119,TMEM14C,TXNDC8,VASN,VLDLR
1511	ANKS1B,ATP8A1,C19orf12,CCDC13-AS1,CDKN1A,CH25H,CMC1,CPXM2,CSMD1,DDX60L,DHX37,DOCK10,ENSG00000235007,ENSG00000250791,ENSG00000261613,FAM120B,FAM90A1,FGF12,FGF9,FGFR2,HNRNPH1,HRH1,ID2,KANK4,KCNIP4,LINC02885,LINGO2,MGRN1,MICAL2,MOBP,NAAA,NUP107,PARD3,PCDH7,PHF21B,POU5F1B,SDK2,SLC2A2,SLC39A8,SLC8A1,SOX21,SRRM4,SYT9-AS1,TMED3,TMEM132B,TRPA1,TTI2,ZNF470,ZNF622
1512	ALKBH1,ANXA10,C6orf118,C8orf34,CARMIL1,CCDC102B,CCSER1,CNTN4,COL13A1,DNAH11,ECI2,EDARADD,EDN1,ENSG00000261090,ETS1,FRMD4B,GSDMC,HMHB1,IL12A,KCNK5,KIAA1217,KIF2B,KNTC1,LRRC27,MACROD2,MAML3,MYO16,MYO5B,NCOA7,PAG1,PDE3A,POU5F1B,PRKAG2,RBFOX1,RHCE,RNF144A,RPL18A,SDC1,SFT2D1,SLC44A3,STIM2,STK39,STX7,TAFA2,TANC1,TMEM167A,TPK1,TTC9C,VWC2
1513	AK2,ANKS1B,CCZ1B,CDCA2,CLDN14,CSMD1,CSMD3,DIRC3,DPP10,ERLEC1,FAM124B,FDFT1,FLRT2,GMDS,GRM7,HDDC2,IGFBP3,JRKL,KAZN,LRFN5,LRRC7-AS1,LYPLAL1,MASP2,MCTP1,MYO16,PIEZO2,POMZP3,RNF8,RPRM,SCD5,SHISA9,SLC1A6,SLC46A3,SLC47A1,SLIT3,SMARCA2,SMCHD1,SSUH2,STARD13,TFAP2A,TMEM132C,TMEM132D,TMPRSS15,TRMT9B,TSHZ3,TSN,TTC1,ZNF407-AS1,ZPLD1
1514	ABLIM1,ADAM10,ADARB2,ARHGAP24,C16orf82,C9orf152,CADPS,CBLN2,CCDC149,CHORDC1,CRYBA4,CSMD1,DAAM2,ENSG00000229618,FAM110B,FGF12,FNDC3B,GALNT17,GFRA2,GPR18,GSE1,HAS2,HERC2,HSD17B2,IRX1,KCNJ1,KIRREL1,NELL1,NUDT12,NUTM2D,OSBPL10,OTOS,PDE5A,POM121L12,PTPDC1,RBM46,SMARCA2,SMG1,SMIM1,SNX16,SVIL,TCERG1L,TMED7,TOR1B,TTK,TULP3,ZNF317,ZNF57,ZSCAN5A
1515	AEBP2,AGA,ANKRD20A1,ATXN1,BCAS1,BMP6,COL22A1,CTNS,DCT,DRD1,ENSG00000273167,ENSG00000277135,ETNK2,FGF14,FGF9,FLRT2,FRY,HSF2,IPO5,IRX3,KCNIP4,KIAA1549L,LHFPL3,LRP1B,MFSD6L,MYOCD,MYPN,PEBP4,POM121L12,PTCHD4,RAB3GAP2,RASSF9,RREB1,SEMA6D,SEPTIN5,SH3RF1,SLC24A3,SLC7A5,SOX1,SOX11,THBS2,TMEFF2,TUBB6,XDH,YTHDF3,ZBTB18,ZMYND8,ZNF366,ZNF480
1516	ADAMTS9,ANO3,CBLN2,CDA,CDH5,CDH8,CHRDL2,CHRM3,CNTN5,CTH,DMRT1,DNAH9,DROSHA,EFNB2,ENSG00000226323,ENTREP2,FARP1,FGF20,GOT2,HMHB1,HTR1B,KCND3,LHFPL6,LRRC4C,MED13L,MEI4,METTL4,MN1,MTCL1,NUDCD2,OLFM4,PADI2,PALM2AKAP2,POU2AF2,RFXAP,RNF150,RPL10L,SYNDIG1,TAPT1,TCTN3,TEX51,TM4SF19,TPM1,TRAPPC12,TUBGCP3,XCL1,ZDHHC14,ZFAND2A,ZNF519
1517	ADARB2,AGA,ALDH3B2,ANK2,ANKRD46,CARMIL1,CDH6,CHD1,CNTNAP2,COL4A1,DSE,ECEL1,EIF3F,EIF3G,FABP5,GLRX3,GRIK3,HYCC1,IGFBP7,IKZF2,INSL5,KHDRBS3,KLHL25,LDHC,LEF1,LINC02350,LINGO2,MAPK9,MEGF6,MYCN,MYO1E,NXPE2,PCDH7,PLD5,PLOD2,POSTN,RAB38,RBFOX1,RTL1,SEMA4B,SGCG,SOX11,TANC1,TDO2,TMX3,TOX,TRPC6,URB2,ZNF174
1518	ADAMTSL1,ADCY2,AGA,ARHGEF15,ARID1B,AURKC,BRINP3,C10orf71,C3orf20,CADPS,CDH9,CLDN14,CPLANE2,CYP27C1,ERG,GLIS3,IFTAP,LARGE1,LINC01361,MC4R,NCK2,NRSN1,NUDT16-DT,OLFM1,OLIG3,OR52E6,PALS2,PSD3,PTPRU,PVT1,RSU1,RYR3,SEMA5A,SERBP1,SMARCA2,SNAP91,SOX11,SPDL1,SPOCK3,SPRY2,ST3GAL1,TFAP2A,TMED3,TNPO1,TRA2B,TTC4,VRK1,WIPI2,ZNF330
1519	ADAMTS17,AGBL1,AIM2,ANGPT2,APBA2,ARAP2,ASB18,CACNB2,CCDC82,CMKLR1,CNTNAP5,DBF4B,EHHADH,EML1,ENSG00000258661,ENSG00000259060,ENSG00000272297,FSTL5,GLG1,IRAK2,IRX2,IRX3,KLHL1,LUZP2,MAP4K3-DT,MARCO,MFSD12,NOXRED1,PLXNA2,PPP2R2B,PPP2R2D,PRICKLE2,PRKD1,SHH,SLC10A2,SNX16,SORCS3,SPRY2,SUCLG1,SYT9,TOX3,TRIB2,UCK2,VAV2,ZCCHC24,ZFP1,ZMAT4,ZNF516,ZWINT
1520	ACOT2,ACSL5,ADGRG1,ATXN7L3B,CCSER1,CDH17,CSMD1,CTTNBP2NL,DACT1,DOK5,EFCAB10,ELMO1,ETV5,EYA2,FRMD6,FUT9,GCNT1,HNRNPU,IFTAP,KDR,KHDRBS3,KLF4,LAMA1,LINC03124,LPIN1,LUZP2,MACF1,MAGI2,NKX1-1,NLRP11,NME7,NXN,OTOF,PRDM6,RAMP1,RAPGEF1,SGK1,SLC24A2,SMIM11,SOX11,STAC,TENM3,TMEM132D,TPSB2,TRAF3IP3,UNC5CL,ZCCHC7
1521	ADAMTS17,ANKRA2,ANKRD50,ARHGEF28,ARPP21,ATXN7L3B,BLTP3B,CBLN2,CCDC178,CDH6,CNTNAP2,CSGALNACT1,CSMD3,DLGAP2,GLI3,GLIS3,GMDS,GNPDA2,GPC5,HACE1,KCNIP4,KLHL1,MBL2,MRPL3,NADSYN1,NCOR2,NWD2,OPCML,PNOC,PPARGC1A,PPP4R2,PSMD9,RETN,RGS6,ROBO2,RYR3,SGMS1,SMPDL3A,ST6GALNAC3,STAM,TECRL,TENM3,THSD7B,TTLL7,ULBP3,WLS,XPNPEP1
1522	ANTKMT,ATP2B2-IT1,C14orf132,CDH9,CNTNAP2,CNTNAP5,CPEB2,CRIM1,CSMD2,CUBN,DCDC2C,DNAH11,EGFLAM,ENSG00000288777,ETV6,FAM50B,FBXL17,FBXO36,GABRG3,GLIS3,HIVEP1,HSPG2,HSPH1,IGSF11,IL10RA,IRX3,KHDRBS3,LAMTOR5,LARGE1,LRIG2,LRRC30,MAP3K10,NAV3,NECTIN3,PCDH20,PHLDA3,PIRT,PLGLB2,PSTPIP2,SEMA3A,SLIT2,SMC1B,TENM3,TEX29,TMA16,TRAPPC2L,TRPC4,ZDHHC7,ZNF385D
1523	ADGRE2,AGBL1,AKR1B15,BACE2,CDH7,CHD2,CYLC2,CYRIA,CYTOR,DMAC2L,ENSG00000196826,GC,HGF,HK1,HMCN1,JPH3,KCNIP4,LHPP,LRFN5,LSAMP,MAGI2,MCTP2,MTPN,NDN,NDUFA10,NEDD9,NETO1,NTN1,OPCML,PCDH15,PTER,PTPRD,RAB44,RBFOX1,RNPC3,RYR3,SCUBE1,SLC25A41,SLC35C1,SLC44A5,SLITRK1,SNX9,SORCS2,TBC1D30,TIMM21,TMEM132B,TNFSF8,ZBTB8A,ZNF525
1524	ADARB2,ADRA1B,AEBP2,AGA,APP,APP-DT,ARHGEF26,ASRGL1,BACE2,C16orf95,CTNNA2,DCLK1,DIP2C,ENSG00000259865,ENSG00000285791,ENTPD3,EPHA5-AS1,ERC1,ERCC6L2,EXOC6,FAM98A,FAT1,GLIS1,HGF,JAK2,KAZN,LURAP1L,MAGI2,MOXD1,NELL1,NUCLEOLIN,OLFM3,PLCB1,POLN,POU2AF2,PRDM16,PRKAR1B,RPL22L1,RPL39L,RPS14,SLITRK6,SNRPN,SORBS2,ST6GAL2,TECRL,TPK1,VAT1L,XYLT1,ZHX2
1525	ADAMTS14,ANKRD55,ANO3,ARHGEF7,ATP6V0E2,C12orf75,CCDC148,CCDC179,CDH8,DAD1,ENSG00000257534,EPB41L3,FARP1,FRMD4B,FSCB,GDE1,GRM7,HS3ST5,IREB2,KCNC2,KLF5,KLHL1,LINC01116,LINC03021,LINGO2,MALRD1,MARCHF1,METTL24,MGAT4C,MGRN1,MORC3,NKAIN2,PLXNA2,POU5F1B,PPP1R26,PRCP,PRDM9,RNASEH2B,RNASET2,SHANK2,SNX31,SORCS1,SOX11,SOX9,TLR10,TMEM161A,TMEM176A,TP53I11
1526	ANXA5,ATP8A2,ATXN1,BTG1,C4orf50,CBLN4,CDYL,CELF2,CERS4,COBL,COMMD6,DDX11,DSEL,DYNC1H1,EDIL3,EPM2A,FAM98A,FKTN,GABRG2,GALNTL6,GRIK2,IRX1,ISX,LINC00871,MARCHF10,MCPH1,NDUFS4,NETO1,NEXN,NFKB1-AS1,PCDH10,PLA2G4A,PRR16,RTN4,SAYSD1,SERPINE2,SNN,SNTB1,SORCS2,SOX11,SP4,TM4SF1,TMPRSS5,TPTEP2,TRAM1L1,USP12,VSTM2A,ZNF516,ZNF813
1527	AGXT2,BGN,C9orf72,CADM1,CD9,CDH4,CDH9,CLSTN2,CNKSR3,CRLF3,CTNND2,ECI2,ERC1,EYS,FOXB1,GMDS,GP9,HABP2,HHAT,LASP1,LINC01056,MAPK4,MIR4500HG,MLPH,NECAB2,OTOL1,PKDCC,PRB2,PRR27,PSD3,PSG5,RAB37,RAD23B,RAP2A,RHD,SAMD4A,SH3BP4,SLC30A7,SLC35F4,SLITRK5,SPRY2,STK10,THSD7A,TMEM132C,VMA22,ZFHX3,ZNF354A,ZNF516,ZNF626
1528	AGTPBP1,AUTS2,CACNA1A,CD46,CLEC2D,CPA6,CSMD1,DCLRE1A,DENND3,DLC1,DNAH5,DOCK9,DSP,EMP2,ENSG00000287991,ESF1,EYA2,FAT3,GOLGA8B,GUCY1A2,IRX2,KHDRBS3,LGSN,LINC01615,MMP12,MRPL52,MSX2,NCAM2,OLAH,PDE8B,PGS1,POTEC,PRKAG2,PTPRD,RASEF,RNF213,RTN4RL1,SIGLEC12,SKI,SMIM30,SPAG17,SPOCK1,TMEM114,USP25,ZDHHC17,ZNF385D,ZPLD1
1529	AVPR1A,BRINP3,CCDC71L,CCSER1,CIB4,CLDN8,CNTNAP2,CSTF1,CXCL12,DGKB,DNAH14,ENSG00000217825,ENSG00000251339,ENSG00000288066,ESRRB,FOXP4,GPR151,GRAMD2B,HBG1,HS6ST1,HS6ST3,IRX4,KCNN1,LGALS2,LRRC3B,MARCHF1,MARCKS,MYC,MYOM1,MYOM2,MYRIP,NR2F2,PMEPA1,POLR2M,PPFIBP2,RGS6,RPAP3-DT,SEMA5A,SH3GL2,SLC10A2,SMC6,SNX2,SYT5,TENM2,TGFBR2,TNS1,WWC2,ZFP42,ZWINT
1530	ADARB2,ADGRG3,ARAP2,ARPP21,C4orf50,CCDC179,CDH26,CDK1,CDKAL1,CNTN3,CNTNAP2,CRIM1,CRISP2,CRYBG1,CSMD1,ENSG00000286971,F13A1,GRID2,GRM8,IL16,KLF13,MATN2,MCF2L,MCTP2,MGMT,NCAM2,NCF4,NDUFV3,NFIA,PELI2,PIK3C3,PJA2,PKP2,RBFOX1,SH3BP5,SLC6A5,SLITRK3,SMARCA2,SPIN1,TEX29,TGFBR3,THBS1,TOX,TRIM5,TTC6,UGT2A3,VGLL3,VSTM2A,ZNF510
1531	ADAMTSL1,AGMO,C6orf118,CACNA2D3,CD163L1,CDH2,COL23A1,DGKI,DLG2,DMGDH,DTNBP1,ENSG00000283563,FAM107B,FAM81A,FAM98A,GNA11,GOLGA8B,GPR12,GRID2,HNRNPH1,ITGA11,KLF12,LPP,LRFN2,LUZP2,METTL4,MYRIP,OPA1,PAH,PCDH10,PCDH9,PEBP4,PLCH1,PTN,PTPRD,QPCT,RASA2,RBFOX1,RFC3,RNF145,SLC10A2,SYNGR1,TMCC1,TMEM114,TMEM132C,TRPM2,WASF3,WASHC5
1532	ABCC8,ALPL,BASP1,CCAR2,CCNJL,CDH6,CDON,CLSTN2,DAOA,ENSG00000286760,FAM3C,FRMD4A,GALNTL6,GALR1,GRIK1,GTF3A,INKA2,INPP1,JADE1,KCNK16,KCNS3,KRTAP5-9,LHFPL6,LIAT1,LINC02161,MARCHF6,MTPN,MTRR,MTUS2,MYO1C,N4BP2L1,NAV3,NGEF,NXPH2,PALM2AKAP2,PCDH15,PDE5A,PDZRN3,PRR5,RAB38,REG3G,RUNX1T1,SIPA1L2,SLC6A6,SMIM21,TAAR1,TBC1D1,TRAM1L1,TUSC3
1533	ADGRL2,AGA,ANO2,ATE1,BUD13,CAPS2,CMTM8,CSMD3,CTXN3,DLC1,DMRT2,ENPEP,ENSG00000286221,FNDC3B,GAS7,HAND2,ICE1,IRX1,KCNIP4,KCNN2,KNDC1,LHFPL2,LINGO2,LMO1,LY86,METTL15,NCAM2,NETO1,NEXN,OAT,PCMTD1,PPFIA2,PTPRM,RIMS1,RNASE13,RNF182,SFSWAP,SHISA9,SLC28A3,SLC7A7,SLCO4C1,ST3GAL1,SYNM,TENM2,TRIML1,TRPC6,UPF1,XIRP2,ZNF181
1534	ARHGAP15,ASAP1,BACH2,CBR3,CTNND2,DELE1,DGCR6,DNMBP,DSEL,ECI2,EIPR1,ELAC2,ENTREP2,EQTN,EYS,FAR2,GABRB3,GALR1,GTF3C6,GTPBP4,HMHB1,LINS1,MAB21L3,MEDAG,NANOG,NOX3,NRXN1,PDZRN3,PRKN,PRR16,PSMG2,RIN2,RNF125,SCO1,SDR9C7,SLC35F4,SLC35G4,SNX5,SNX9,SOX11,SPATA31C2,THUMPD2,TMEM132E,TPK1,TRIML1,TRIT1,TTC39C,TUSC3,ZNF516
1535	ABTB3,ADGRL3,AGBL1,APBB1IP,BCHE,CCDC85A,CLSTN2,CNIH4,CNTN4,DLGAP2,DMRTA1,EEF1E1,EML1,ENC1,EPHA6,FBXO25,FHAD1,FOXP1,GALR1,GRAMD1A,HYCC1,LINC01871,LINC02055,MC5R,MCPH1,MGAM,MMP26,MRGPRE,MUC22,NCEH1,NR5A2,OSBPL10,OTOG,PARP11,PKD1L2,POSTN,PSD3,RIPOR2,SGCD,SLC35B3,SLCO3A1,SUCLG1,SULF1,TMEM18,TNFAIP3,TPK1,TRNT1,VPS4B,ZPLD1
1536	ATP6V1E1,AUTS2,C1GALT1,C9orf152,CBFA2T3,CD300E,CHORDC1,CHST9,CSMD1,DLGAP1,DNMT3L,DPP10,EGLN3,ELMO1,ENSG00000288723,ENTPD7,GALNT14,GSG1L,HDDC2,HS3ST5,IGFBP7,JOSD2,LAMA1,LINC02269,MARCO,MON1B,MTUS1,MYO16,NOP56,PCSK5,PDZRN3,PID1,PLEKHM2,PMM2,PXDN,RBFOX1,RCSD1,REEP5,RNF217,S100A2,SAMD12,SERPINB12,SLC24A3,SNX2,TENM2,TLR10,TOMM7,TOX3,TRAM1L1
1537	ANK2,CA10,CBLN1,CCL18,CDH9,COL4A2,CSMD1,DOCK10,EEFSEC,ENSG00000260838,FCN1,FHIT,FOXP1,FREM1,GNG12,HEATR3,HELT,HTN3,IBTK,IGHMBP2,IL12B,IRAG2,LHX9,LPCAT1,LRP1B,LUZP2,MAP3K7,MYO18B,NCOR2,NDUFB1,NTRK2,OR10A3,OXSM,PCLO,PKP2,PLCB1,PRR16,RAB38,RARB,RASA4B,RNF144A,RPGRIP1,SLC10A2,SLC12A7,SLC5A4,TLL2,TMTC1,ZBBX,ZPLD1
1538	ABCG1,ADAM29,ADAMTS5,CBLN4,CDH2,CDKL1,CENPE,CNTN3,CNTN4,CNTNAP2,COPRS,CPXM2,ENSG00000235979,EPHA5,GAL,GALNT10,ICE1,KCNA5,KRR1,LMCD1,LRRC4C,MCPH1,MOCOS,NDN,NFIA,NR2F2-AS1,NR5A2,NTRK3,NUP50,PALM2AKAP2,PEX2,PLPPR5,PRDM5,PRR18,RB1CC1,RIF1,SDK1,SERPINB1,SHISA9,SIM2,SLC6A15,SLITRK1,SMC2,SPADH,SUCLG1,TENM2,TMEM132B,TUSC3,XXYLT1
1539	ABLIM2,ADAMTS18,ADGRL3,AMY1C,ANKRD30A,ATP8A1,BCL11B,CAPN14,CCDC42,CD200,CLCA4-AS1,CLMP,CSMD3,DSCAM,EDEM1,FAM98A,FGD4,FOXI2,GREM2,HACE1,HS3ST3B1,IL1B,KIF26B,LILRB2,LIPC,LPL,MALRD1,METTL21A,MICAL2,NECTIN3,NOVA1,NPBWR1,OCSTAMP,PSG4,RAP2A,RCAN1,RNASET2,SCD5,SH3PXD2A,SMAD1,SNHG16,SNX29,THUMPD2,TNC,TRIQK,TUSC1,YIPF2,ZNF641,ZWINT
1540	BANP,BICRA,CACNG6,CAMK2N1,CLDN10,CMC2,COBL,COL22A1,CPO,CRBN,CSN1S1,DAB1,DDX11,DOK5,ELAVL2,ENSG00000263797,ERO1B,FAT4,FLCN,GPR78,GRIP1,HPCAL1,INSYN1,KANK4,KDM4C,LAMP3,MAGI2,MTUS2,NDUFV2,NELL1,NMBR,NPVF,PCNX2,PRDM9,PSTPIP2,PTPRD,RNF150,RSL24D1,SLC6A11,SMAD7,SNN,TAL1,TBX19,TMEM167A,TMTC4,UBE2D3,WFDC3,XRCC5,XYLT1
1541	AACS,APP,ATP11B,ATPSCKMT,AUTS2,BCHE,BOD1L1,CACNA1D,CARD8,CDH4,COA6,COL22A1,CRTC3,CYP11B1,CYYR1,DAPK1,DKK2,DMRT2,DMXL2,ENSG00000281883,FAM181B,FAT1,FLNB,FRG2C,HS6ST1,IGSF11,INPP4B,KCND3,LGMN,LRFN2,LRRC4C,MEIS2,NRSN1,NRXN1,OR1Q1,OTOL1,PRKG1,PTPN2,PTPRD,PTPRT,SBF1,SCARB1,SNX31,SRGAP1,TEX26,TRAM1L1,TRIML1,UNC13C,ZNF169
1542	AGTPBP1,AKAIN1,AKAP13-AS1,CAV3,CDH10,CDH4,CDH8,CEP170B,CHRM3,CHST12,CNTN5,ENSG00000257239,ETV1,FAM86JP,FRMD4A,GARS1-DT,GCFC2,GSDMC,GYPC,KNTC1,LINGO2,MCTP2,MOBP,MRPS6,MRTFB,NOG,PDE4B,RBFOX1,RBM23,ROBO2,SFMBT2,SLC4A4,SPHKAP,SPIN1,SPRR2F,SPTLC3,STIM2,SUCLG2,SULF1,TAFA5,TENM2,TERF2IP,TMEM132D,TRAV14DV4,TTLL2,WNT4
1543	ANO3,ARHGAP32,ATP2B2,B3GNT2,C8orf90,CACNA1C,CAPN14,CD24,CHD7,CHMP7,CNTNAP5,CTBP2,DLGAP1,DPP10,EDIL3,ELAC2,FGF9,FGFR2,FOXP1,GPATCH2L,KLF12,LINC00667,LMCD1,LRRTM4,MGMT,NCAM2,NSUN3,PACRG,PARD6B,PCDH18,PDLIM5,PRKCE,PROP1,RELN,RTN4RL1,RUNX1,SASH1,SCN2A,SLC13A1,SLITRK6,SPMAP2L,STAMBPL1,TCIM,TSN,VAMP8,WNT5A,ZHX2,ZNF462
1544	ABCA10,ACOX3,ADAM17,ADAM18,ALDH1A2,ANKRD30A,ARL6IP6,CALN1,CARD11,CBLL1,COX10,CSMD1,DIRAS2,DSC3,EBF2,ENSG00000288767,EPHB1,FGF9,FOXQ1,FRMD4A,GABRG1,GATB,GMNC,GRIK2,GSKIP,KIAA1217,LIMK2,LINC02270,LRRC3B,LRRFIP1,MYL10,NAALADL2,NDUFV2,PEBP4,PGD,PPFIA2,PRMT6,PTPRN2,RPS24,SLC2A13,SLC4A3,SLITRK6,SMYD4,SPTLC3,SYF2,TXNRD1,WDR1,WDR36,WNT4
1545	AADAT,ABLIM1,ACKR3,AGA,ANKRD30BL,APP,BCKDHB,CDH10,CDH9,CLEC6A,CNTN4,CNTN5,CYP26A1,DIRAS2,DLGAP2,ENPP1,ESM1,ETV6,FAM135B,GFRA2,GNS,KAZN,KCNB2,KCNMA1,LINC02220,MIR122HG,NAALADL2,NDST3,NMBR,NSG2,NXT1,PDE9A,PHACTR3,RABL2A,RASGRF2,RIN2,RNASET2,SLC35B3,SLC67A1-AS,SORBS1,SPAG17,SPATA31C2,SRRM4,SYT14,TAFA3,TMEM132B,ZFP1,ZNG1B
1546	ADCY9,ADGRL3,AIFM2,ALPK2,ANXA4,APBA2,ARHGEF26,CCBE1,CDC26,CDH18,CHODL,DPP6,ENSG00000288973,FAT2,FAT4,FRMD4B,GAREM1,GRK3,GSDME,L3MBTL4,LHPP,LINC02226,MKI67,MOGAT1,MYO1B,NCAM2,NFATC2,NTM,PIEZO2,PRMT6,PTPRM,RAB28,RARB,RBFOX1,RIPK1,ROBO1,SIRAL1,SLC16A9,SLC25A29,SLC29A3,SNX24,STXBP6,TDO2,TMX3,TRIM2,TRIM44,TTC7A,ZNF611
1547	ANKRD62,ARFGEF3,ATP6V0E2,BMP2,CDH4,DAB1,DGKI,DOCK4,DPP6,ENSG00000248261,ENSG00000269110,ENSG00000289424,EPHA7,FAM43A,FAS,FGF9,FOXL1,GIGYF1,IGFBP7,KCNK13,KCNT2,KLHL1,LHX1-DT,MYOF,NMRK1,OTOP1,PCDH7,PDGFRA,PGBD5,SEMA5A,SH3PXD2A,SNX29,SOCS5,SOX2,SPATA19,SPON1,STRIT1,SVIP,TBX20,TGM2,TRBV28,TRHDE,UBE2L5,ULK4,VRK1,WDR11,XPNPEP1,ZNF37A
1548	ACO1,ADAMTS12,ADORA1,ANO3,APP,CDH4,CDYL,CENPF,CLMP,CNTN5,COMMD7,DEFA3,EIF3C,ENSG00000206356,ENSG00000232995,ENSG00000278492,ENSG00000286908,FBH1,GGTLC1,GMPS,INO80B,KHDRBS3,KIF20B,MAP1LC3B2,MEAK7,MFGE8,MRPL39,MSH3,MTRR,MYL10,NEK10,OBP2B,OR4M2-OT1,PABPC4L,PPP2R2C,RAD51AP2,RASSF8-AS1,RGPD3,RIT2,RP1L1,RRP1,RWDD3,SLC15A1,SLC25A18,SNAP25-AS1,TNC,TNRC6A,VWC2
1549	ASIC2,C1orf174,CALML3,CDH9,CHRM3,CNOT7,CSMD1,CST7,DUSP10,EDARADD,ENSG00000227076,ENSG00000229425,ENSG00000250064,ENSG00000251574,ENSG00000265554,ESRRG,FAM161A,FBXO7,FGF12,FLRT2,GSTA1,HRH1,HSPB8,KCNH5,KDM1A,LBH,LHFPL3,MAT2B,MED13L,MKI67,NDUFAF8,NECTIN1,NSUN2,OLFM3,PCDH7,POGK,POLR1E,RAP1A,RASGEF1B,RGMA,RP1,SDR42E1,SOX9,TACC2,TNRC6C,TRAPPC9,TRIB1,TUBA3C,ZFP42
1550	ADRA2C,AKR1E2,ATP12A,CALCR,CBLB,CCT3,CECR2,CEMIP,CLVS1,CNTN5,CTNND2,CYP1B1,CYRIA,DLGAP2,DNAH5,ENSG00000234352,ENSG00000267731,ERBB4,GDAP1,GIPC1,HMCN1,HSD17B12,KDR,LGMN,LINC02846,MAP1LC3B2,MEI4,MRPL27,NAV3,NOVA1,OLFM4,POLR2M,POU3F1,PPP2R3C,RASGEF1B,RGL1,SACK1B,SEMA3A,SI,SVIL,TAFA5,TG,TMEM132C,TNFRSF8,TRAPPC12,TRIM68,USP22,ZDHHC2,ZNF468
1551	ADARB2,ADGRB3,C1GALT1,CDCA3,CDH5,CELF2,CPN1,CSGALNACT1,DYNLL2,ENSG00000272831,FAT1,FXYD5,GK5,GPR158,HLCS,HNRNPH1,HSPA12A,IFITM3P6,IGFBP7,ITGB2,JAZF1,KCNK18,KLHL36,LINC01697,LRATD2,LYRM4,MAML2,MSX2,MTAP,NR3C2,OLFM3,OR6B1,PDE3A,PEX11G,PKD1L2,PLPP4,PTN,PTPRA,PTPRD,PTPRT,RDX,RLBP1,SLC17A6,SLC9A1,SNAP25,SPRING1,TENM4,TMTC1,ZFAT
1552	ADAMTS12,AHR,AKR1C3,ARHGEF18,ASB3,ASIC2,ATP2B2,AXIN2,BTG3,CDH10,CDH4,COL22A1,CSMD3,CYP4V2,DOP1B,ENSG00000250132,ENSG00000255410,EVC2,FLI1,FOXB1,FRAS1,FREM2,GAS1,HLA-DRB5,IL17RC,LRATD1,LRFN5,MAB21L3,MPHOSPH6,MRPL23,NETO1,PATJ,PLCB4,PRDM9,RAB38,SIX3,SLCO4A1,SP100,SPRY2,STX2,SYT13,TAFA4,TBX18,TMEM132D,TMPRSS15,TRIP12,VMAC,WWOX,ZDHHC11
1553	ADAMTS13,ANO3,ARL4C,AVP,C10orf90,C11orf21,C11orf87,CCBE1,CLU,CNTNAP2,CTH,DDAH1,DHCR7,DHX35,DPP10,DSEL,ELMO1,ENSG00000258989,EVC2,FAM174B,FOXG1,GRIA2,GRID2,HNRNPD,KLF12,KLF4,MALRD1,MBD5,NFE2L3,PLCB1,PLEK,PLG,PRDM5,PRR16,PTCH1,RAMP3,RASGRP1,ROBO1,RPL34,SERPINB8,SLITRK5,SRGAP3,SRP19,THBS2,TPK1,TRAM1L1,TRAPPC9,TYRP1,WDFY4
1554	ADAD2,ADGRL3,ANK3,ANO5,ARHGEF7,ARRDC4,ATP10A,ATP2B2,BANF2,C1QTNF9B,CD36,CHCHD5,CRBN,CSMD3,CTNND2,DCP1B,DDX18,ENSG00000238201,EPCAM,EYA1,FAHD1,FCRL2,FSCB,FUT9,HLA-DMB,HTR1E,IRX1,IVL,JAK2,KLF12,KLRK1,LINC00433,LUZP2,MAGI1,MEIS2,METTL22,MYO10,NCAM1,NFIB,NPAP1,OSR1,PDZRN4,PMAIP1,POM121L12,POU5F1B,RORA,SLC8A1,SOCS6,TRDN
1555	AASS,AGA,AOAH,CAMLG,CCNG2,CDH18,CIMIP1,CMKLR1,CREB5,CRIM1,DDX11,DDX60L,DIO3,DMRT2,ENSG00000248927,ENSG00000253553,FGF12,GALNT17,GPC5,IRF5,IRX2,KCNS3,KLF12,MCTP2,MDFIC2,MDH2,NKX6-1,NSUN2,NXPH1,PCDH7,PTPRD,RGS7,RNF144A,SAR1A,SI,SLC46A3,SPESP1,SSTR4,TBC1D8,TFAP2A,TMX3,TSPAN11,UROS,VPS33B,XPNPEP1,YTHDC2,ZC3H11B,ZNF385D,ZWINT
1556	ALCAM,ANGPT4,ANKRD30BL,APOLD1,APP,ARNT2,ARRDC4,BTG1,BUD13,C4orf33,CCNG1,CDYL,CELF2,DDX18,DGKB,EPB41L3,ERCC4,ESRRB,FOXO1,GALNT10,GRM7,HELB,KAT14,KCNG2,LINC01789,LINC02562,LMNTD1,LY6E,MBD5,NOS1,PDZD2,PLOD1,PLOD2,RBFOX1,RIN2,SH3GL2,SI,SLC18A1,SOCS6,SPATA6L,STIM2,TAFA5,TBC1D22A,TMTC2,TUSC3,USP45,VWA5A
1557	ABCC4,ABCC8,ADRA2C,AFG2A,BNC2,C11orf87,CD69,CHN2-AS1,CLSTN2,CNTN5,CSMD1,DAOA,DGKB,DISC1,EDAR,ERG,ERICH3,ESPNL,FARS2,FRG2C,GABRG3,GLIS3,HS3ST1,KLF10,LINC01927,LPP,LRRC3B,MAGI1,MCM10,MGAT5,MPDZ,PCDH15,PHLDA3,POLM,PPM1D,RBMS1,RBPJ,RNF217,RXFP2,SDK1,SLC2A5,SMARCA2,TMEM182,UBXN7,UST,XXYLT1,YWHAZ,ZNF804B
1558	AMY1C,ANGPT1,ANKRA2,ATF7IP,ATP2B2,BTG1,CA10,CACNA1I,CCR2,CDH9,COL15A1,CTSB,CUBN,DCANP1,DLEU7,DPP10,ENSG00000286129,FGF9,GALNTL6,GOLM1,HAO1,ISX,KLF6,LHPP,LTBP1,LYPD1,MGAT4C,NCOR2,NOX3,NPHP4,NR3C1,NXNL2,PCDH17,PHACTR1,PIGN,PRDM1,PRKN,PTER,RARB,RBFOX1,SLC35G4,SNHG8,SPMIP3,SPRY4,TAS2R1,TBX18,TBX5,TSPAN9
1559	ABCA1,ADGRG6,ADRA2A,AGTPBP1,ANKRD30A,APOLTP,ATP6V0E2,CBLN2,CCSER1,CDH26,CNTLN,COX7C,CYP4F12,DENND5B,DOCK2,DOK5,DSC3,EGFR,ENSG00000230563,ENSG00000287703,IGLV8-61,LINC02218,LRP1B,LRRC4C,MEGF6,MRPL39,NAALADL2,NBEA,NEGR1,NEK6,PCDH7,PCDH9,PLEKHA5,POM121L12,POTEC,PPP2R2A,PTPRM,QRFPR,RELL1,RYR3,SEMA5A,SH3GL2,SLC8A1,TECRL,TNS3,TSN,TUBA3C,TXNRD2,ZNF516
1560	ACTN1,ADGRA3,ASB16-AS1,BBS9,BRINP1,CA10,CD83,CDC42EP3,CDH18,CLINT1,CLNK,COL22A1,CSMD1,DDX24,EBPL,FAM131C,FAT3,FOXN3,FRMD4B,GJA4,HLA-DQA2,HUNK,LOXL2,LUZP2,MTUS1,NOCT,NUCLEOLIN,PCM1,PDE10A,PDE3A,PMEPA1,PTPRT,RFC3,RPL14,SDK1,SLC37A1,SLC6A2,SP140,STIM2,STK32B,TACC2,TACR3,TGIF1,TMC2,TMEM68,TXNDC8,UNC13C,WDR7,ZNF804A
1561	ANO2,APBA2,BCHE,C12orf75,C4orf33,CLMP,CYP2A13,ELOC,ENSG00000288928,FAM124B,GLRX3,GRAMD2B,HABP2,HDAC9,HNRNPA1L3,JRK,KLF4,KLHL1,MAGI2,MED13L,MEIS1,MEIS2,MMP20,NALF1,NDUFAF4,NECTIN3,NFIC,NME4,NPAP1,NREP,PIEZO2,PLCH1,PTPRN2,PTPRT,RAB17,SALL3,SCGB3A2,SDK1,SPINK5,SPRY2,TAFA2,TBC1D32,TCERG1L,TMA16,TMEM108,TSNARE1,TTLL2,VGLL4,VLDLR
1562	ALCAM,BMAL1,C4orf33,C8orf34,CACNA1A,CCL26,CFAP54,CNTN3,CNTN5,COBL,DGKE,DSCAM,ELOVL4,ENSG00000262521,ENSG00000285629,ESS2,ETS2,EYS,GCM1,GCNT4,GLIS3,HDAC2-AS2,HERC2,IER5,IGF1R,IRX1,KCNA4,LINC00265,LINC00504,LINC02041,LINGO2,MARCHF10,MCTP1,MKI67,NEFM,NR2F2-AS1,OPRM1,PEMT,PHACTR4,PLSCR4,POM121L12,RBFOX1,SGCZ,SSPN,STK10,TBX18,TMEM131L,YAP1,ZNF706
1563	ABAT,ADAMTS3,AGA,CAPRIN2,CELF2,CHRM3,CRTC3,CTBP2,CYTL1,ENSG00000287590,FAM66A,GRB10,GRIK2,IGFBP7,KCTD15,LPAR3,MALSU1,MED10,MPPED1,MYO5C,NPIPB2,OPRM1,PCSK5,PDGFD,PHLDA1,PIGT,POU3F3,RAB12,RAPGEF2,RASGEF1B,RUNX2,SCAF4,SEMA6A,SLC2A9,SMIM21,SPATA17,SUMF1,TFIP11,TLL1,TMPO,TRHR,TRIB2,UBE3D,UGT2B28,ZDHHC21,ZFAT,ZNF516
1564	ACBD4,ADAM29,ADM,ATP5F1A,CACNA1I,CACNA2D3,CAMTA1,CDH9,CNTN5,CPA4,CPNE4,CTNNA3,DDC,DMRT1,ENTPD6,EYS,GCC2,GNB3,KBTBD12,LINC00861,LINC03060,LITAF,LRFN5,MCUR1,MGAT5B,MGMT,NEDD1,NEURL1B,NRP1,NSG1,OCA2,PINX1,PLCL1,PPP1R3B,PTPRD,RAB4A,RNLS,SEC23B,SEPTIN5,SERP2,SERTAD2,SORCS2,TMPRSS15,TMX3,TUBA8,UGT2B7,ZFAND2A,ZNF93
1565	ADAMTS2,AGPAT5,APOLTP,ATP10B,BTBD9,CACHD1,CASP14,CCR2,CSGALNACT1,CSMD1,DDX11,DSCAM,FAXC,FLRT2,FRMD4A,HMGXB3,KLF4,KLHL25,LINC01252,MC4R,MREG,MSRB2,MSX1,MTCL1,MYH14,NAV2,NDFIP2,OPRM1,PDZRN3,PLPP7,PPP1R14A,RBAKDN,RDX,REPS1,SGCZ,SHH,SLITRK1,SNX19,SPATA31C2,TAS2R1,TFAP2A,TMEM132B,TMEM174,TRHDE,TUBA3C,UPP1,UQCRFS1,ZMYND8,ZNF181
1566	ADAMTS9,ADPRM,ALDH1L1,ARRDC3,C1GALT1,CAMK4,CHRM3,CNTN3,CNTNAP5,DPP6,DTWD2,EBF4,FGGY,GJD4,GRM7,GUK1,IRX1,JAKMIP3,KCNK2,KRR1,LDLRAD3,LINC00539,MC5R,MYBPC1,NCKAP5,NETO1-DT,NLRP12,OPRM1,OTOR,OXR1,PPFIBP2,PRKG1,PTPRD,RARB,RGS2,SDK1,SEL1L,SIN3B,SLC4A4,SORCS2,SPRY2,SSU72L5,TAMM41,THSD4,TMEM178B,TRERF1,TSHZ1,UBASH3B,ZNF880
1567	ACO1,ADRA1D,AEBP2,ATF7IP,BAIAP2L1,CADPS,CBLN4,CNRIP1,DSEL,EHD3,ENSG00000197991,ENSG00000235837,ENSG00000259363,ENSG00000288520,FTMT,GLI3,GLO1,HAS2,HSALR1,ISX,LINC00989,LIPA,LRRC32,LTA4H,MAGI2,MAT2A,METTL4,MRPS22,MYO16,NCK2,NCOR2,OPALIN,PLLP,PLOD2,SLC17A5,SLC35D3,SLC44A3,SNX16,SOX4,STRBP,SYCP1,TAGLN3,TENM3,TMCC1,TMEM132C,TPH2,VRTN,ZFP42,ZNF516
1568	AFG2A,AGO2,ARG1,ART5,BTBD3,C1D,CCDC179,CDH18,CDON,CSTA,CUBN,DENND3,DYNC1I1,ENSG00000241449,ENSG00000267564,EYS,FAM43A,GRIN2A,HSPBP1,ICOSLG,IGFBP7,INHBA,IQCB1,ISX,KCNMB4,LINC01681,LMO2,LYZL2,MARK1,MC4R,MMP13,MMP7,MPPED1,NLGN1,PDE9A,PDZRN4,PRKN,RAB31,RHD,SDHAF4,SLC14A1,SLC39A11,SLCO1B1,SPTLC3,TFPI,TMEM114,XPO4,ZNF28,ZNF608
1569	ADGRL3,BIN1,C8orf34,CARD11,CCDC112,CDKAL1,CLSTN2,CNTN5,CRBN,CRIM1,DAB1,DHCR7,DOCK10,DPP6,DYNC1I1,ERC2,FMO1-AS1,FSTL5,GHR,HTR1B,IL1RL2,IMMP2L,KCNH5,LINC01954,LINC02864,LINGO2,LRFN2,MEX3B,MGMT,MROH2A,NR2F2,NSUN3,NUDT7,OR51B5,OTOP1,POPDC3,SEMA5A,SIPA1L2,SLAMF1,SLC16A12,SLC25A24,SPRR1B,STEAP4,TAFA5,TCERG1L,TRAPPC11,TRIB1,TSNARE1,ZNF536
1570	ADAM29,ADAMTS9,AGMO,ARPP19,BARX1,BRD7,BUB3,CSMD1,CST2,CYP1B1,DIPK2A,DPP10,DYNC2LI1,ENSG00000214265,ENSG00000258539,ENSG00000286221,EPHA7,EYS,FAM78A,FRMD4A,FSTL5,GAS7,GNAT3,GRPEL1,ICOS,IQGAP2,KLHL6,LINC01181,LINC01646,LSAMP,MDGA2,MFAP3L,NAALADL2,NEBL,NSG2,NXN,PRKN,RARB,SEMA5A,SLC1A1,SLC35F3,SP100,SVIP,SYNE1,TCERG1L,UVSSA,WSB1,ZNF783
1571	ACOD1,ADGRF1,ALOXE3,ANGPT4,APBB1IP,ARHGAP28,ARPIN,C6,CENPC,CNTN3,CPNE2,CPNE4,CRPPA,DACH1,DAPK1,DMRT1,DRC8,ENTPD1,EPHA6,GPATCH1,GRHL2,GSG1L,GUSBP11,HMGN1,HS3ST5,ID2,IER5,IL16,KCNK9,KCNT2,LINC00877,MANEA,MPDZ,MTUS2,MYO16,NALCN,NCAM2,NTM,PRSS58,PTPRT,RAB38,RBFOX1,SDCBP2,SI,SLC16A6,TOGARAM2,TRBV10-2,WSCD2
1572	ABCA10,ACTL7B,ANKS1B,APCS,BAMBI,BNC2,CAMTA1,CBLN2,CRBN,CUBN,DPP6,ENSG00000250829,ENSG00000273167,EPM2A,FMN2,GATB,GHR,HMGN3,IGF1R,KCNIP4,LINC00658,LINGO2,MARCKS,MECOM,MGMT,MGST3,NMT2,OR4E1,OSBPL10,PLAG1,RGL1,RGS7,RNF6,ROPN1L,RXFP2,SI,SMARCA5,SORL1,SPINK2,SPSB4,SWAP70,SYT10,TFAP2A,TRIB2,TSNARE1,USP24,XKR4-AS1,XYLT1
1573	ANO3,ARSJ,BRINP3,CALB1,CEP112,CHD2,CHD9NB,CHRDL2,CNTLN,CPE,CTIF,DDAH1,DIPK2A,ENSG00000206356,ETV1,FAM135B,FGD2,GPRC5A,GRAMD2B,GRIK1,IKZF2,IZUMO3,KIRREL3,LHFPL6,LRATD2,LURAP1L,ME3,MN1,MSC-AS1,MYC,MYO3B,MYT1L,NCAM1,NRIP1,PALM2AKAP2,PCDH17,PCP4,RBMS3,SLC10A2,SLC4A4,SLC6A1,SYT1,TNFRSF13B,TNFRSF19,TNS3,UBL3,UGT2B11,ZWINT
1574	APBA2,ARSJ,AUTS2,C14orf132,C4orf50,CCZ1B,CDKN3,CEDORA,CNTN6,COBL,COL26A1,COL27A1,CYLC2,DAOA,DMRT2,EIF3B,FER,FIBCD1,FLT4,FRMD4B,GCC2,HNRNPH1,KCNC2,KCNT2,LINC03000,LRP1B,NDUFAF1,NEIL3,NFILZ,NPAS3,NSG2,PF4V1,PI4KA,PSD3,PTPRC,RBFOX1,SGCZ,SHISAL1,SLC16A12,SMPDL3A,SNX5,TIMP3,TMTC1,TRIML2,USH2A,VOPP1,WSB1,ZEB2
1575	ADAM22,ADGRL3,ADRA1A,ALDH8A1,ANKRD10-IT1,ARAP2,C8orf48,CDH13,CHST9,CNTNAP2,CPAMD8,CSMD1,DAB2IP,DGKI,DKK3,DOK6,EFNB2,ELAC2,ELP2,ENSG00000276627,EPOP,FERD3L,IL6,KIF13A,KIF16B,LINC01854,LRRC3B,MAP3K1,METTL16,MIR646HG,NRG1,POM121L12,POU1F1,PRKCA,PRKG1,RNF7,SERINC5,SERPINB8,SLC8A1,SLC9A2,SLC9A9,SMG1,SOWAHB,STAMBPL1,TEKT1,TRAPPC2L,UMODL1,VCPKMT
1576	ADARB2,ADCY8,AKR1C2,ANKRD62,AXL,CACNB2,CCDC18-AS1,CYP2S1,DOK5,DSG1-AS1,ECRG4,ENSG00000286969,FAM98A,FGF9,FOXF2,GHR,GUCY1A2,HERPUD2,IFNA1,IPO8,KCNT2,KLF12,KLHL29,LINC01192,LONRF1,MMD,MMP27,NMBR,NMRK1,NUF2,NUP35,OLFM4,PCDH20,PXDC1,RAP2B,RASSF5,SAMD4A,SCAMP4,SH3RF1,STX8,TERF2IP,TIAM1,TMEM128,TRIB2,TRIM62,UCMA,WAC,ZPLD1
1577	ADAMTSL1,ADARB2,AGR2,B3GNT2,BCL2L14,CIROZ,CLN8,CTBP2,DEFA6,DGKB,DPP10,ENSG00000249609,ENSG00000257239,ENSG00000286834,ENSG00000289503,EPHB2,EYS,FAM110B,FHIT,IPO8,KATNAL1,KCNIP4,KIRREL3,KRT10,MAFB,MYO16,NCAM2,NRXN1,OPA1,PCDH18,PLPPR5,PRP4K,RAB28,SLC25A37,SLC29A3,SMYD3,SSBP3,SSTR4,TENM2,TFAP2A,TMCC3,TMEM132D,TMEM163,UTP3,WNT3A,ZMAT4,ZNF217,ZNF695,ZNF836
1578	AGAP1,AKR1C3,ANKRD55,ARHGEF39,BARX2,BHLHE40,BUD13,C1GALT1,CCDC88A,CDH13,CTNNA2,CTNNA3,DBX1,DEFB4B,DNAJB9,DNER,DPP6,ENSG00000237378,EPHA6,FAM174B,FAM86B2,FAT1,GLRX3,HINT3,IGFBP3,INHBA,IZUMO3,KANK4,KCNIP4,KDM4C,KDR,KSR1,MARCHF1,NAV2,OSTF1,PDE5A,PLXNA2,PSD3,REG3A,SGCZ,SLC1A3,TBPL1,TCERG1L,TESC,TRPM8,TTC27,VRK1
1579	ACOT2,AJAP1,ALDH1L1,ATOSA,C4orf50,CACNA1D,CDH11,CDH12,CELF2,COL18A1,CRYL1,CTNNA2,DAD1,DHRS4L2,ELOVL5,ENSG00000225519,ENSG00000250791,ENSG00000255608,FAM181A,FER,FMN2,FOXN3,GPR158,HAND2,HS3ST3B1,JAKMIP3,KCNK18,LARGE1,LHFPL6,MPHOSPH6,NPAS3,OR10A6,PDE5A,PIGR,PLOD2,PRMT3,PRR20E,RASSF9,RIMS2,ROBO1,RPL9,RPS6KA2,RTL6,RTP4,SEL1L,SMAD6,SPACA6,TMEM178B,ZXDC
1580	ADAMTS12,ADAMTSL1,ADGRL3,ARAP2,ARHGEF38,CDC42EP3,CGNL1,CHN2,DHX37,EPHA4,ERBB4,FAM98A,FDX1,FGD4,FRG2C,GALNT14,GATD3,GSDMC,IGFBP3,KCNS3,KLK1,LINC01356,MAX,MCTP2,MIR100HG,MYRIP,NCKAP5,NCOR2,NOL4,OAT,OR4E1,OR5AU1,PJA2,PODXL,RAB12,ROBO1,RPS25,SASH1,SAXO1,SCAF11,SLC39A9,SPDYE21,TACR1,TAFA5,TMEM132B,TMEM181,TP63,TPBG,TRAPPC12
1581	ADGRL3,ADRB2,AGR2,APOLD1,CDH13,CELF2,CFAP298-TCP10L,CFH,CHORDC1,CTSO,DLG2,ENSG00000261342,ETS1,FAT1,GALNT18,GRIK1,GRIP1,HMGXB3,HS3ST3B1,ITGA6,KLHDC4,LRFN5,MAB21L3,MZT1,NOVA1,NPHP4,NPIPA7,NPY,PABPC4L,PAMR1,PDZD2,PGBD5,PRKCQ,RNF141,RNF19A,RUNX1T1,SAMD5,SCD5,SDK1,SIRPA,SLCO1B1,SLITRK5,SSTR1,STAB2,SYT10,TCF7L1,TXNRD1,WAC,ZMAT4
1582	AADACL2,ABCA8,ADAMTS16,ADCY2,AFAP1,AJAP1,AKR1E2,ALDH8A1,APOL4,ARAP2,ATOSA,AUTS2,CCL4,CELF2,CNTNAP5,CORO2B,COX7C,CTSO,CYLD-AS1,ECI2,EMP2,ENC1,ENSG00000228852,ETS1,EZH2,FASTKD1,FTMT,GADD45G,GGT5,GLIS3,GRIP2,IDO2,IL19,JHY,MACROH2A1,PREP,RASEF,RIT2,SBSPON,SCG2,SNX19,SPOCK1,SPOCK2,THBS2,TMEM26,TUT7,UST,ZNF516,ZNF626
1583	ALCAM,ARHGAP42,CCDC13-AS1,CCDC50,CDC5L,CDH4,CYRIA,DAOA,ELAC2,ENSG00000288802,EPHB2,FMN1,GALR1,GPC5,GTSCR1,HAS2,HNMT,INPP5B,IRX3,KLKB1,LINC01721,MCPH1,MROH9,NPY1R,NUP62,PDZRN3,PKIA-AS1,PLD5,PPP4R2,PREX2,PROK2,RAB6C,RASGEF1C,RGMA,RNASET2,RPGRIP1,RUNX1,S1PR5,SGCG,SMARCA2,SNRPN,STX8,TANC1,TASP1,TEX29,TFAP2A,TMEM132E,TRAPPC9,TRDMT1
1584	ADGRF3,ADGRL2,AKT2,ANO2,ANO5,ASB2,C1orf94,CARD8,CD8B2,CDK19,CHRM3,CNTN5,COMMD6,DDX18,ELF2,EMP2,ENSG00000231713,FAM43A,GALNT17,GPC5-IT1,GPM6A,HS3ST5,IL1RAP,IRS1,KCNB2,LPIN1,LRIG3,MC4R,MICAL3,MKKS,NAT2,NPAP1,NWD2,PIK3C3,PITX2,PLOD1,PRB3,PRLHR,PRR16,PTPRN2,RARB,ROBO2,SDK2,SEMA4D,SLC2A14,SUB1,SUMF1,TXNDC17,ZWINT
1585	AGBL1,ATP6V0E2,BICC1,CHST15,CHST2,CNTNAP4,CYP2B7P,DAPK1,DPP6,DYNC1I1,EPSTI1,FAM135B,FSCB,GRHL2,JPH1,KCNB2,KCNJ15,KHDRBS3,LARP7,LINC02555,LPP,LRATD1,LRFN5,LRRC8B,LSP1,MARK1,MCTP2,METTL4,MTCL1,MYO9B,NMUR2,NOVA1,PCDH10,PDC-AS1,PPIF,PPIG,PREX2,RORA,RYR2,SERPINB8,SGK1,SNCAIP,SOX13,SPAG16,SYK,TENM2,TNFSF18,TVP23C-CDRT4,USP24
1586	ANKRD18B,ANXA1,ARAP2,ARHGAP24,BCL11B,BRD7,C5orf15,CCDC82,CDH2,CENPC,CHIA,CHODL,CTNNA2,CYP27C1,DAOA,EIPR1,EXD3,FGF14,FGF6,GALNT2,GREM2,GRM5,GSAP,HSD17B3,INHBA,INSC,KCNN1,LINC00571,LSM14A,MGAT4D,NELL1,NFATC2,NR2F2,PARP15,PLPPR5,PTPRK,RAB6C,RASGRP1,RASSF9,RNGTT,RTN4R,SLC22A2,SMARCA2,SPOCK3,ST8SIA1,STC2,SUSD1,TNS3
1587	ABRA,AMY1C,ARL4A,ATF7IP,BCKDHB,CCSER1,CEP126,CEP192,CXCR4,DDHD1,EDIL3,ENSG00000272297,ENSG00000283138,ENSG00000287923,FAR2,FOXO1,GADD45G,GAP43,GPR26,ID2,JAZF1,LETR1,LILRB3,LINC01151,LINGO2,LPIN1,MSMO1,NFIB,NPAP1,NR2F2,PBX1,PDE8B,PDP1,PLCG2,PLXNA4,PTPRD,RGS17,RTP4,SFRP2,SLC8A1,SST,TBC1D22A,TENM3,THSD7A,TMEM201,TRAM1L1,USP31,ZBTB16,ZNF675
1588	ADGRL3,ANKRD30A,ARHGAP28,BARD1,BCAS1,BHLHA9,C1orf87,CYB5R3,DLGAP1,DPP10,ELP1,ERC1,FAM110C,FGF17,GALNT15,GPIHBP1,GRIN2A,GUCY1A2,HEMK2,HGF,HLA-DRA,IZUMO3,KBTBD8,KLHL1,LCORL,LINC00320,LINC02825,MCPH1,MKLN1,NDST3,NKAIN2,PEBP4,RFX6,RPE65,SASH1,SEMA6A,SGMS1,SLC39A11,SLITRK5,SUMF1,SUSD1,SYNDIG1,SYNJ2,TDRD3,TEKT5,TMPRSS15,TPRG1,UGCG
1589	AKR1E2,ALAD,ARHGAP25,ARL4C,ATP6V0E2,BRINP3,CCSER1,CD8B2,CDH9,COBL,EXOC3L2,FLRT2,GPR78,GRIK2,GRIN2A,GSAP,KRT18,KY,LUZP2,MAGI3,MARCHF11,MDFIC2,MOXD1,NPTN,NTMT2,NXNL2,PAPPA2,PATJ,PINX1,PLOD2,PRDM16,PRR27,PTGS2,PTPRD,RAB3IL1,RAD18,RBM43,RNF7,RSAD2,SGCZ,SLC4A4,SPDYE21,SYNPR,TEX29,TMEM171,TSNARE1,TSPAN18,WAC,YTHDC2
1590	ACTL8,ADGRD2,ADRA2A,ARAP2,CIMIP1,CXADR,CYP26A1,DDX18,DIO3,DLGAP1,DOK7,ENSG00000259363,FABP3,FAM114A1,FBXO33,FLT3,GADL1,GALNTL6,GLI2,GRIK2,GYPC,IRX6,ISX,KBTBD2,LCE6A,LCLAT1,LINC02885,MAP4K4,MARCHF11,MROH9,NDUFA10,NEDD1,NRXN1,OCA2,POC5,PRKG2,RMDN1,SIX2,SNRPB2,SOCS6,TAC1,TBC1D2,TLE3,TLE4,TMEM200A,WFDC3,WSCD1,ZMYM2,ZNF483
1591	ACOX3,ACP7,BAZ1A,BCAS1,BNIP3L,CARD11,CFAP299,COBL,COX7C,CYP24A1,DNAH9,DUSP10,DYRK2,EFHD2-AS1,ESRRB,FAM135B,FAM98A,GATA3,GPRC6A,HTR2A,ICE1,KCNS3,KCNV2,LUZP2,MAVS,MC4R,MRPL42,MTCL1,NECTIN3,NSG2,NWD2,PAX1,PGS1,PKD1L2,PLEKHB2,RAB4A,RHOJ,RNF216,SERINC5,SGCD,SIMALR,SLC39A8,TAFA2,TBX3,TENT4A,TMEM114,TMEM221,TRIML1,YJU2B
1592	C5,CCN2,CNTN5,CNTNAP2,CTTNBP2NL,CYP11B1,DAD1,DDX18,DDX60L,DROSHA,ELMO1,ENSG00000288075,EPHB1,ETV6,FGF12,FOXI1,HS3ST3B1,IDO1,IGFBP7,KCNE4,LINC02506,LMO7,MNX1,MRPL39,MYO16,NEDD4L,NELL1,NPHP4,NXPH1,ODF2L,OR10G7,PCDH15,PDILT,PKDCC,PLEKHM3,PMM2,PPP2R2C,PRKCA,PRKCE,RAB21,RPLP1,RUNX3,SDHAF3,SLC16A7,TBC1D3H,TECRL,TMEM51,TPP2,WDFY4
1593	AHR,ARRDC3,C12orf75,CACNA2D1,CDKN2AIP,CHRM3,DNAH5,EIF3C,EIPR1,ENSG00000278740,ENSG00000287611,FBXO15,FBXO16,FLRT2,FSHR,GCNT4,HDGFL1,HSPH1,IER3,IQGAP2,JAZF1,JPH2,KCND3,KLRG2,LHPP,LINC01259,LINC02526,LIPC,LRRC20,MACROD2,MBIP,MYO16,NCAM2,NSA2,NUP50,PDZRN3,PEBP4,PPP1R16B,RASGEF1B,RBFOX1,RBM19,SEMA3C,SLC2A5,SMIM20,TBX5,UPP1,VSTM2A,ZNF223,ZNF280D
1594	ADAMTS16,ADCY2,ADGRB3,AGTR1,ANPEP,ARHGAP8,ASTN2,ATF2,CAPS,CCBE1,CDH4,CDX2,CDYL2,COQ2,DDX24,EFNA5,EIF5,ENSG00000267547,EPC1,ERCC4,FKBP1C,FRG2C,GPC5,GPCPD1,KCNT2,KRTAP5-11,KSR2,MAGI2,MEFV,MGLL,NDST4,NUDT12,PCDH15,POM121L12,PRKCA,QKI,REEP1,RGS9,SEMA6B,SLIT1,ST8SIA3,STIM2,STON1,SYCP2L,TAFA5,TMEM132B,TMEM44,TSPAN11,ZNF98
1595	ABO,ADTRP,ANKH,APCDD1,BANF2,CDH5,CHRM3,CLEC2D,CYB5A,DNER,DPF3,DSC3,DYRK2,ENSG00000289095,FTO,GRIK3,GSDMD,HTR1E,IL17F,IRS2,KCNJ2,KCNK3,KCNN2,KCNQ2,KIF26A,LINC00395,LINC02371,MAGI2,MTUS1,NBAS,NFIA,NLGN1,NUF2,PRND,PRNP,RSL24D1,RYBP,SH3GL2,SLC46A2,SNN,SORCS1,SPOUT1,ST8SIA1,STIM2,TBX3,TRIB1,TRPM5,UQCRFS1,ZDBF2
1596	ABLIM1,ACTL7B,ADGRL3,BLK,CA10,CAPN2,CCDC178,CFAP20DC,CNTN5,DYNLT5,EFNA5,ERLNC1,FXYD1,GLIS3,GRM7,INSC,IRX3,L3MBTL4,LINC01659,LPP,LUZP2,MALRD1,MBP,MCPH1,METTL4,NETO1,NR3C2,NRBF2,PLOD2,PLSCR4,POM121L12,PPP2R5E,PRKCB,PRKCQ,PRMT6,RASSF8-AS1,RDH14,RIOK2,RYBP,SOCS6,SRGAP1,TBX15,TECRL,TEX29,TSN,VSTM2B,WDR1,ZNF879,ZPLD1
1597	ADARB2,AJAP1,ANKRD30A,APP-DT,ARHGAP24,ARSJ,CARD8,CD1A,CD1C,CHODL,DMRT2,DSCAM,ENSG00000283128,EPB41,FAM135B,FSTL5,GNB4,GPD1L,GZMH-AS1,HMCN2,IGFBP7,IL15RA,ING3,IYD,KIF4B,LINC00539,MAGI2,MARCHF4,MCFD2,MRPS22,MYRIP,P2RX7,PGCKA1,PITPNM3,PIWIL1,PRKG1,PTPRC,RBFOX1,RGCC,SERTM1,SLC25A52,SLITRK6,SMIM31,SPHKAP,TLK1,TMEM268,TPRG1,WEE2-AS1,ZPLD1
1598	ADAM17,ANKRD7,BARX2,C1D,CACNG2,CCDC174,CCL24,CHGA,CSMD1,CXADR,DOK5,ENPP6,ENSG00000282012,ENSG00000286800,FAM171B,FOXB1,GABBR2,HACE1,HECW1,HGFAC,KAT7,KAZN,KCNK9,KLRC1,KYAT3,LUZP2,MYT1L,NUDT7,PABPC4L,PKP2,PTPRD,PTPRM,REPS1,SALL3,SCCPDH,SEMA3C,SGCD,SH3RF3,SLC35D1,SNTG1,TBC1D19,TBC1D4,TBX5,TCERG1L,TNFRSF17,UQCRFS1,YWHAZ,ZMAT4,ZNF652
1599	ACO1,ACSL5,ALCAM,ARAP2,ASIC2,BRINP1,CCDC179,CDH23,CNTN5,COL25A1,COLGALT2,CST1,DAB1,DBR1,DLG2,EFNA5,ELN,ENSG00000272361,FGGY,GPR158,HACE1,IL12A-AS1,IRS1,ITGA11,KCTD8,LINGO2,LRP5,MPDZ,NDUFB1,NUDT4,PCDH15,PDGFC,PENK,PGBD5,PGM1,PSMG1,RBFOX1,SEC14L1,SEC61A2,SERPINB8,SH3GL2,SLC2A1,SLC44A5,ST8SIA1,TMEM37,TMX3,ULK4,ZP4
1600	ADGRL3,ADRA1D,AFAP1L2,APOLTP,CAMTA1,CANX,CDH6,CLIC5,CNTNAP2,COBLL1,CPXM2,DNPEP,ERCC6L2-AS1,ERMARD,FOXQ1,GABBR2,HMBS,LINC01982,LRATD2,MAML3,NAALADL2,NEBL,NOM1,NPAP1,NR2F2,PCDH10,PCDH18,PDZD2,PLXDC2,PLXNA2,PYHIN1,RAX,RSL24D1,SIX2,SNX16,SPAG1,SSBP2,ST6GAL2,STX7,SUCLA2,SUDS3,SYT9-AS1,TLE4,TMEM132D,TRAM1L1,ZNF213-AS1,ZNF787,ZNF831,ZNF888
1601	ABTB3,ACSL3,ADAMTS9-AS2,ADAMTSL1,ADGRB3,AKT3,ANO4,ARHGAP10,CCDC3,CDH4,CIMIP1,CRYL1,CSMD1,DAD1,DLC1,EFNB2,ENSG00000250971,ENSG00000285888,EPHA5,FGF19,FSTL5,GNA14,GPR26,ITPR1,KATNIP,KDM4C,KLHL1,LGALSL,LINC00539,LUZP2,MGAT5,NT5M,PARP4,PTPRD,ROBO2,SDK2,SETX,SLC2A8,SLITRK5,SOX1,TEKT3,TGFBI,THSD4,TMEM108,TMEM229A,TNS3,TRNT1,ZNF706,ZNF83
1602	ACOT7,AFAP1,ANKRD30BL,ASAH1,ATP5F1A,BEND7,BTG1,C10orf90,CDH18,COL9A3,COTL1,CSGALNACT1,DDX11,DLG2,DPYSL4,ENSG00000206356,ENSG00000230627,ENSG00000258683,ENSG00000287713,FAM181B,IFTAP,KCNB2,KCNQ1,LINC00662,LRRK1,MACROD2,MAPT,METTL22,MGAT4C,MIPEP,NR2F2,OR4K13,PHLDB1,PRKCB,PTPRE,RAB28,RBL2,RBM19,RGS7,RSL24D1,SH3BP2,SLC7A1,SMOC1,TAFA1,TMEM132D,TMX3,TTC3,TUSC3,ZNF516
1603	ADAMTSL1,ADGRA3,ARHGAP22,ARSJ,BMP2,CARD19,CAVIN4,CD36,CDH13,COX10,DICER1,EEA1,EFNA5,ENSG00000272632,ENTPD3,EXT1,EYS,FADS2,FOXQ1,FUT10,GGTLC1,GPAM,GPLD1,GSTM3,HDHD5,HS3ST1,LINC00879,LPCAT1,LRATD2,MOB3B,NEDD4L,OLIG3,PPL,PRDM9,PRKAR1B,RASGEF1B,SHH,SI,SLC38A10,SLC4A7,SPNS2,SPRY2,STPG2,SUMF1,SVIL,TLE3,TLL1,TMPRSS2,ZDHHC2
1604	ADCYAP1,ADM,C2CD2,C8orf34,CARMIL1,CD151,CDH18,CEP112,CHD5,CNTN5,COA1,COL4A1,COMT,DIPK2A,EDEM1,ENSG00000258661,ENSG00000289710,FMNL2,FMOD,GALNTL5,GSTT2B,H3Y1,HCLS1,HPCAL1,HPS4,ITPR2,KCNS3,LINC00667,LRRC4C,MALRD1,NAPG,PCDH15,PDPN,PPM1H,PPP1R12A,PTPRT,RAP2B,RIMBP2,ROR1,SALL3,SCNN1B,SGCG,SNRNP70,ST6GAL2,TBX21,TENM4,THRB,TNS1,ZFAT
1605	ALPK1,AP1M1,APOBEC3B,C6orf118,CLIP4,COL9A3,CTNNA3,CXCR2,DHX36,DLGAP2,DPPA3,DYNC1I1,EID1,ENSG00000261407,ENSG00000279622,ENSG00000287385,EYS,FFAR3,FGF2,FSHR,FYN,GLIS3,GLO1,GPR39,HOPX,IGFBP3,INPP4B,KLHDC7A,MDFIC,MTERF1,MTUS1,MTUS2,PARM1,PCDH20,PIK3C2G,PLXDC2,POT1-AS1,PRCD,RCL1,SLC12A2-DT,SLC12A8,SLC6A5,TBC1D19,TCERG1L,TENM3,TMCC3,VRK1,ZBTB7C
1606	ADRA1D,APOL6,APP,ARL9,ARRDC4,BCR,CD163L1,CD82,CDC42BPA,CLEC2D,CST7,DOCK2,ELF3,ENSG00000249111,ENSG00000289392,EYS,GCC2,GRIA1,GYPC,IGLL5,KCNIP1,KCNMA1,KIAA1671,LDLRAD3,LMO7,MCPH1,MICAL2,MOCOS,NCAM2,NDUFA10,NXPH1,OSBPL1A,OTUD7A,PLAAT3,POLR2M,PTGER3,RGS7,SERPINB10,SGPL1,SHC4,SLC10A2,SLC41A2,SNTG1,SP100,SPMIP11,TENM3,TENM4,TMTC2,TP63
1607	ADAMTS9,ADAMTSL2,ANO5,BAIAP2,BANK1,BCL11A,C4orf33,CACNA1C,CANX,CBLN2,CHST9,CNTNAP5,CPXM2,DHX32,ESR1,FCHO1,GADD45G,GRIP1,HS3ST3B1,IGFL4,ITGA11,KIFC3,KRT6C,LINC00654,LINC02172,LUZP2,METTL25,MITF,NPLOC4,NRSN1,PALM2AKAP2,PDE10A,PRB2,PRR16,PRR5L,RANBP3L,RNF149,SH3GL2,SIRAL2,SLC16A1,SOCS6,STUM,SYNE1,TDRD10,TMEM200A,UROS,VANGL2,WDR59
1608	ARID1B,BARHL2,CCDC3,CDH2,CDH5,CIMIP1,CSMD1,CSMD3,CTIF,DDX11,DMRT2,DSC3,FAM91A1,FAM98A,GATA3,GLIS3,GRM3,HACL2,HS3ST1,IRX6,KCNJ6,LINC02752,LPIN1,MAPK10,MBNL2,MGMT,MOCS1,MPHOSPH6,NCOR2,NECTIN1,NPHP4,NPY,PLEKHA8,PTPN3,PTPRD,RBFOX1,SH2D1B,SIAH3,SMARCA2,SNX19,SOX11,SPATA31C2,SULF1,TMEM18,TRIM68,UGGT1,UGT2B7,WDR11,ZNF708
1609	ADCY8,AKR1B15,ALG10,ANKRD55,ARHGAP20,ASB4,BASP1,BRINP3,CAST,CFAP20DC,COPS7B,CUX1,DMRTA1,DPP6,DRD1,E2F3,EN2,ENSG00000266076,ENSG00000287864,ENSG00000287964,EPHA6,EYS,FAM135B,FRMD4A,GOLIM4,HTR1F,KLHL1,LRFN2,MYC,NCKAP5,NELL1,NSUN5,NUF2,OBI1,PCDH7,PDE3A,PLXNC1,PRKG1,PTPRN2,RGS9,RPS29,SHISA9,SPINK5,SRRM4,SV2B,TAPT1-AS1,TENT4A,TMEM135,URB2
1610	ADAMTS16-DT,ADAMTSL1,AOAH,APBA2,ARHGAP29,ARHGAP42,BCAS1,C19orf44,CACNA2D1,CELF2,CNTN5,COL22A1,CYP24A1,EFCAB2,ENSG00000283228,EPB41L4A,FA2H,FSTL4,GABRA1,HAO1,IFI16,IL20RA,IRX1,LUZP2,MARCKS,MCTP2,MRPL15,NBPF3,NOX4,NSUN3,PLCB4,PMS1,POM121L12,PRMT6,PTPRC,PVT1,SAMD5,SCML4,SERPINB8,SORCS1,TAF1B,TNC,TRHDE,TSN,TTF2,UBL3,UGT8,UNC5CL
1611	ADGRB3,BET1,CCSER1,COL5A1,CSMD1,CTNNA2,DDX59,DNAJC5B,DPT,DYNLRB2,ENSG00000257997,ENSG00000284686,ERAP1,FBN3,FBXL4,FGF9,FOXG1,GLIS3,GLRA3,GM2A,GYS2,IFNAR2,IFT43,IPO8,KIAA2012,LINC00290,LINC01446,LINC02018,LRATD1,LTBP1,MCPH1,NCAM2,NXPH1,PTPRD,RGS1,SHISA6,SHISA9,SNX25,SPDYE21,TLE4,TMEM132D,TNC,TRIM36,TSEN34,XXYLT1,ZMIZ1,ZNF83
1612	A2ML1,ACTG1,AFAP1,ANO3,ARHGAP24,ARHGAP42,ARHGEF7,BRI3BP,BRINP1,C5,CCN6,CDH19,CDYL,CNTNAP2,CNTNAP5,CSMD2,CTNNA3,CYSLTR2,DLC1,FBN3,FHIT,FSTL5,GALC,GHRH,IL1R1,KRTAP21-3,LRRC3B,MICOS10,MRPL54,MTUS2,MUC19,NELL1,NRP1,ONECUT3,PCDH10,PIK3C3,PLA2G5,PRKCQ-AS1,QKI,RBFOX1,RNF150,SDR42E1,SMARCA2,SOX11,SOX5,WDR11
1613	ABCC6,ADAMTS18,AFF1,ALCAM,ANKRD18A,ARHGAP18,ASB2,BOD1L2,C2CD2,CALCR,CHI3L2,CXCL12,DIRAS1,DNAJB9,DPP6,ENSG00000248356,EPHA6,GLT1D1,HACE1,HMSD,IGSF21,KCNJ2,KCNQ1,LUZP2,MEGF6,MFHAS1,MGAT5,MSR1,NOM1,NUDCD3,OLFM4,PACC1,PARVA,PIK3C3,PLD5,RBFOX1,RXRA,SEC14L5,SEMA5A,SLC25A21,SMOC1,SORCS2,STAU2,TACR3,TMTC1,TNS3,TPK1,TRIML1
1614	ANTXR2,ANXA6,CD1E,CDH4,CLVS2,EFNA5,ENSG00000273167,EYA1,FAM107B,FGF20,FLRT2,FOXG1,GATA6,GP2,HMGCR,IFNAR1,KCNJ6,KIRREL3,KIT,LINC02432,LMCD1,LRATD1,MBIP,NTF3,NWD2,NXPH2,PARVA,PCDH15,PCDH9,PCSK5,PIEZO2,PLXNA4,PSMG1,RYR2,SLC5A11,SLCO3A1,SNX31,SORCS1,SOX4,TAMM41,TCF21,TECRL,TENM3,TOP1MT,UGT2B4,UTRN,WDR36,ZHX2
1615	ADAMTS9,ASPG,BUD13,C6orf118,CADPS,CD163,CDH2,CIMIP1,CNTN5,COL5A1,CYBA,EFEMP1,EIF5,ENSG00000223999,EYS,FAM135B,FHL3,FLRT2,FLT3,GLI3,GPRIN3,HBG2,HIKESHI,HLA-DQB2,HMOX1,HTR7,ILKAP,LINC00174,LRRC30,MPHOSPH6,MRPL46,NAA60,NAF1,NKX6-1,OSBPL10,PANK2,PARP2,RAB38,SESN3,SLC30A8,SOX5,SPATA6L,ST3GAL1,TBC1D22A,TBX3,TCL1A,TFAP2C,THSD4,TMEM232
1616	ADCY8,AHR,ARL4A,BMF,CABS1,CAMTA1,CBLN2,CLDN23,CLEC5A,CMIP,COX7C,DLC1,DLGAP2,DPH5-DT,ENSG00000286110,ENSG00000286221,ETS1,FAM181A,FOXI2,FRMD4A,GPAM,GRIN2A,IL7,IRS2,JRKL,KHDRBS3,KLF6,MED9,MOCOS,MPHOSPH6,MRPS34,MSRA,NCAM2,NRSN1,OR5AU1,PCDH7,PRKCE,RPS12,SEMA6D,SGK1,SLITRK6,SPRY2,TBC1D9,TBL1XR1,TBX2,TTYH2,TUBGCP3,UCMA,ZFP64
1617	ABCA1,ACTR3B,AGA,AKR1E2,BRD3,C3orf85,CABS1,CHN2,CLRN3,CMPK1,CPNE4,CTBP2,DNAJB6,ENSG00000231769,ENSG00000285471,ENSG00000286625,EPHA6,EXO1,FASTKD5,FOXI2,GIPC2,GPR149,GRM7,JAKMIP3,KIF20B,KLF4,LNP1,MPDZ,MTUS2,MYOM2,NDN,NRCAM,NRXN1,PCDH10,PCLO,PCSK1,PDHA2,PGM2,RAB38,SCARA5,SLC44A5,SLC4A3,SLITRK5,SNX18,SNX19,TRAM1L1,ZC3HAV1L,ZFYVE28
1618	ATF7IP2,ATL1,C10orf90,CACNB4,CADPS2,CCDC82,CDH7,COG2,ENSG00000217455,FLYWCH2,GRIK2,H3Y1,HPS1,KLC3,LAMB3,LHFPL6,LRRC4C,MCPH1,MYC,NALF1,NOD1,OAS1,PBX3,PI4KA,PLCB1,PRDM14,PRDM9,PTPRD,PTPRM,RGS21,RGS6,RRAGC,RXRA,STARD13,SUCLG2,SYNE1,TBC1D1,TBX18,TCERG1L,TFIP11,TMEM132C,TMEM50B,TSPAN13,WTAP,ZIC1,ZNF354B,ZNF706
1619	ACTR3B,ADRA1D,AEBP2,ALDH3B2,ALDH4A1,CADPS,CDH18,CDH6,EEF1DP2,ENSG00000272297,ENSG00000287488,FAM181B,FBXO7,FLRT2,FMN1,FSTL5,GCFC2,HMGB1P1,IPMK,IPO5,IQCA1,LONP2,MBL2,MC2R,MIR4435-2HG,MYO5B,NAALADL2,NUDT12,OSBPL10,PAPLN,PARM1,PDE1C,PRDM5,RBM7,RHOU,RIN2,RPL34,RTP4,RYR2,SHC3,SNX16,SYT1,TMEM200A,TNS1,VSTM2A,VTI1A,ZUP1
1620	AGA,ALCAM,ANKRD50,ARHGEF28,ARL1,ATP11B,BBS9,BCAS3,C9orf72,CCDC14,CCDC3,CRIM1,CYP4V2,DOCK9,ENPP7,ENSG00000251216,ENSG00000289028,FAM98A,FGF4,GATA3,GRID2,JRKL,KCNMB1,LDAH,LINC02006,LRRC20,LURAP1L,MACROD2,MED27,MLPH,NCALD,NDUFA4,NRSN1,NRXN3,P3H2-AS1,PNOC,PPP2R5E,PRR16,PSD3,PVT1,RASA2,SMAD6,SYT4,TAPT1,TET2,TRAM1L1,TRAM2-AS1,TSHR,UBA6
1621	ADGRB3,AMY1C,CAPZB,CASP4,CBLB,CBLN2,CHST8,CTTNBP2NL,CYLC2,DCLK1,DEPDC5,EMP2,ENSG00000281883,ENSG00000289119,EPC1,FARS2,FHIT,GOLT1B,GRB14,GRIK2,HSPA8,KIAA0586,LINC02016,LSAMP,MAGI2,MANEA,MAP4K4,MVB12B,MYO10,NPAP1,PCDH15,PIEZO2,PITX2,PLAAT2,PRNP,RAMP1,RASGEF1B,RASGRP3,RFC3,RGMB,RGPD8,RTN4R,SLC45A1,STEAP3,SYNPR,TERT,TEX48,TMEM217,TNS3
1622	ACO1,AK2,ALDH8A1,ATP8A2,BRD3,CADM1,CCDC179,CDH6,CEP350,CFAP161,CHRNA4,CNTN4,EBF4,ENSG00000283563,EYS,FAM181B,FRRS1,HNMT,IGSF5,IRAK3,IRX1,KCNJ12,KCNMB2,KMT2C,LANCL1,MACROH2A1,MAGI1,MLF2,NLGN1,OR51D1,PGM2,PHF21B,PKNOX1,PRKCE,PTPN2,RCHY1,RGMA,SAXO1,SEMA6D,SNX19,STIM2,TBC1D1,TMEM108,TMEM131L,TMEM235,TRAPPC9,VSTM2A,WWOX,ZBED6
1623	AGBL1,ARL6IP6,ATP9A,C4orf33,CAMTA1,CDH18,CEMIP2,DGKB,DLC1,DNAAF4,DNAH10,DPH6,DPP6,ENSG00000265115,FAM98A,GAP43,GC,GPR31,HDHD5,HSPB3,IPCEF1,IRX4,KCNIP4,LINC00662,LINC02319,LYNX1-SLURP2,MBNL1,MEAK7,MIAT,MRPL39,NARS1,OLFM3,PLXNA4,PTPRT,RAP1GAP2,RBFOX1,RNF144A,RYR2,SH2D4A,SKAP2,SLC44A1,SLCO3A1,SP5,SYK,TMC2,ZEB1,ZFAT,ZNF462,ZPLD1
1624	ADAMTS18,ADARB2,ART5,BAMBI,CCSER1,CDH20,CDH9,CNTNAP2,COBL,CTNNA3,DCDC2C,EMC1,ENSG00000285053,EXOC2,FRY,FZD10-AS1,GADL1,GALNT15,GALR1,GATA3,GCFC2,GNG2,GRIN3A,HAS2,HNF4G,IL1RL2,IMPG1,KCNMB2,KIAA0753,KLHL1,MGAM,MICAL2,MMP2,NAPG,NCAM2,PCDH7,PCSK2,PROKR2,PRR20A,RAB28,SI,SLC10A2,SMOX,SPINK7,SPOCK1,SUCLG1,TBX3,TCF7L1,TMEM132B
1625	ACKR3,ADAM28,AJAP1,ATP11A,BCL11B,BHLHE22,BRINP3,CCNG2,CDH26,CDH8,CES1,CFAP418,CFAP74,CMTM8,CNTN5,COL22A1,DYNLRB2,ENSG00000235140,ENSG00000285000,ENTPD4,EPHA4,FGF12,FTMT,GSTZ1,IPO8,ISCA2,LINC02367,LY86,MAP2,NEDD9,NUDT12,OLFM4,OPRK1,OSBPL5,PDGFC,PRL,RAB12,RBFOX1,RPL37A,SAYSD1,SLC10A2,SPSB4,SYNPO2,TIAM1,TMPRSS15,TNS3,UACA,WWOX,ZNF385D
1626	AACS,ACACB,ACVR2A,AFAP1,AFF4,ANKRD55,ARGLU1,BIN1,BRF1,CACNA2D3,CCSER1,CDCA2,CDK14,CEP20,CNTNAP2,CNTNAP5,COL22A1,CSMD1,DGKB,ELAPOR2,ENSG00000286269,FEZ2,FMN1,FMO4,GALR1,GAP43,GAS2L1,L1TD1,LCA5,LRRC4C,MAPT,PDIA6,PFKP,PLXDC1,PPP2R2D,PRKN,PTPRR,RAB12,RBBP8NL,RBM28,RIT2,ROBO2,SLIT3,SORL1,SPACA9,TMX3,TRIML1
1627	ACO1,ADAMTS18,ANKRD50,ATP10B,BSPH1,CDH11,CDON,CNOT7,CNTNAP2,COL4A3,CRAT37,CYBA,DAOA,DPY19L4,EIPR1,ELL2,ENPP1,ENSG00000223492,ENSG00000257729,EOMES,FARS2,GADD45G,GCNT2,GPR88,IFNA8,KCNAB1,LRFN5,MGAT5B,NPIPA8,NSMAF,OPRPN,PBX1,PCDH9,PLA2G4A,PRKG1,REST,RGS5,RPL32,SLC67A1,SLC7A5,SLCO1A2,SLK,SORCS1,SORL1,STARD4,TEKT3,TMPRSS2,TRAM1L1,TSNARE1
1628	AMY1C,ATP6V0E2,C2orf88,CARMIL1,CCDC59,CCL1,CD83,CHST15,CNOT7,CNTN3,CNTNAP2,CSMD1,CSNK1G3,CTNS,CXCR2,ENSG00000248367,ENTPD6,FAS,FGF12,GALNT18,GPC5,GPR26,IL7,LIMS1,LMBR1,LRATD2,LRWD1,LYSMD4,MOB3B,MUCL1,NR2F2,OXSM,PATJ,PCDH18,PDE1C,PDE2A,PDHA2,PHACTR1,PINX1,PPARGC1A,PTPRD,SLC25A48,SMAD3,SPATA13,ST6GAL2,SYK,TKT,VTI1A,ZNF626
1629	AGA,ALPK2,AQR,ATP1B1,ATP1B3,ATP8A2,BANP,BRI3,CCNE1,CCSER1,CD164,CDH6,CDH9,COL14A1,DNAJB6,EML1,ENSG00000215156,ENSG00000228048,ERBB4,FERD3L,FSTL5,GALNT17,GATA6,GREM2,HSPH1,IGFBP7,KANK4,KCNB1,KCNK17,KLF4,KLK4,LARP4B,LIG1,LRRFIP2,MAGI1,MGLL,MRPL39,MTHFS,NPHP4,NUAK1,PHLDA1,RASL11A,SALL4,SHISA9,SLC25A48,STK32B,TOR1B,WWOX,ZFAT
1630	AGBL3,ANK1,BLOC1S5-TXNDC5,BOD1,CACHD1,CAMTA1,CDH10,CHST11,CNOT4,COL12A1,CPXM2,DDX10,DPP6,ENSG00000271553,ENSG00000286076,EPCAM,EPHA7,FAM135B,FRRS1,FUT9,HIBADH,IL15,KCNT2,KLHDC4,LCLAT1,LINC02402,MEF2A,MPP7,MTHFS,MYC,NAT2,NDST4,NRP1,PAH,PDE10A,PDZRN3,PRELID2,PRNP,SDK1,SEC14L1,SGCG,SLC2A7,TBX3,TECRL,TMX3,TSHB,TSHZ2,ZFP64
1631	ADGRL3,AGBL4,AK5,ARL5B,ARSJ,ATP11A,ATP13A4,BMP2,CCBE1,CCDC148,CDH9,CHN2,CYFIP2,DSEL,ENSG00000217702,ENSG00000287763,FAM181B,FLRT2,FSTL5,GALNTL6,GOLGA8A,HS3ST3A1,IKZF2,JRKL,KLHDC4,LINC02128,LPL,LRP1B,LUZP2,MARCHF1,MASTL,MTHFD1L,NAV2,NDST3,PALLD,PGD,PMM2,PRKAB1,S1PR3,SLC7A11,SLITRK5,SNN,SOX5,TBC1D22A,TECR,THADA,TTC7B,UCN3
1632	ABCC4,AGBL1,AOC1,ARHGEF28,BISPR,CACNA2D3,CAMSAP3,CHST5,CNTN5,COL24A1,CXADR,DLG2,DLX5,DMBT1,DNAH5,ELAC2,ERG,FAT4,FGF14,FOXL3,FSCB,FSTL5,GABRB3,GATA3,GJD2,IL22RA2,KLHDC4,LMTK2,LRRN2,LRRTM4,MAGI2,MAP3K7,MPC1,NELL1,NFIB,PCDH20,PODXL,PRKN,PRRG4,RAP1GAP2,SERPINE2,SPOCK3,STXBP6,TLR10,TPP2,USP22,ZNF224,ZNF304
1633	ARHGAP44,BARX1,C1orf174,C6orf118,CCDC148-AS1,CCDC182,CCR2,CDH9,COL9A2,COPS8,CRYBG1,DUSP10,EFNA5,EMILIN2,FAM181B,FCRL5,FSTL5,GALR1,GRIK3,GRM7,HLA-DRB5,HS3ST1,HS6ST1,KIAA1671-AS1,LINC02364,MALT1,NPIPA3,NR5A2,OLFM1,PACRG,PRKG1,RAI14,RBFOX1,RGMA,RTN4RL1,SAMD12,SCLT1,SEPTIN11,SETD7,SLC8A1,SMARCA5,SOCS5,SOCS6,TMCO4,TSHZ2,TUSC3,UBE2U,WDR11,ZFP42
1634	ARHGAP44,ARL14EP-DT,ASB3,BACH2,BCL2L13,C8orf90,CCDC102B,CPEB2,EIF4G2,EYA2,GABRG2,GALNT14,GLIS3,GNG4,GUSBP18,HAS2,HYCC1,MAF,MICAL2,MLYCD,MRPS27,MUC4,MYOM2,MYRIP,NCAM2,NEDD4L,OPCML,PCDH10,PCDH7,PCED1B,PCM1,PDZRN3,PHACTR1,POM121L12,PTPN4,PTPRT,SETBP1,SGCZ,SOX14,TAFA5,TBC1D1,TENT4A,TNRC6C,TSN,USP25,VEGFC,ZNF516
1635	ABI1,ADAMTS9,ANGPT1,ANKMY1,ARHGAP15,CHID1,CRYBB2,DHCR7,DIAPH3,DNAJC13,DSC1,DTNBP1,EIPR1,EMC1,ERICH5,FCGR2B,FSTL5,GPR26,GRM7,HAPSTR1,IFNG,IRF1,LRRC30,NRXN1,OSGEP,PCDH7,PTPRD,RAPGEF2,RASA1,RASSF10,RBFOX1,RGMA,RIMBP2,RIPK2,RPL34,RSU1,SNAP25-AS1,TBCA,TCERG1L,TCF21,TEX26,TMPRSS15,TMTC1,TRPA1,VSTM2A,YPEL5
1636	ADA2,ADGRL2,APLF,ARAP2,CAMK1D,CDH9,CEP128,COLEC11,DLGAP2,DSC2,EFNB2,EPHA7,EXOC4,FAM135B,FRAS1,GAN,GPR35,GRM5,IMPG1,KCTD12,LINC02884,MAML3,METTL4,MSX2,MTERF4,N4BP1,NOS1AP,NR2F2,NXNL2,PCDH7,POU5F1B,PROK2,PSG2,RPS9,SEL1L,SERPINB8,SFMBT2,SLC17A6,SLC44A3,SLC4A4,SNX9,STAB2,TMEM182,TOGARAM2,TRAM1L1,ZBED5,ZFAT,ZNF462,ZWINT
1637	ABTB2,ADGRB3,ANKRD55,ARHGAP29,ATP2C2,BICD1,CACNA2D3,CAMK1D,CCDC6,CD209,CDCA2,CDH13,CDH8,CNTNAP4,CRADD,CSMD1,CTSC,CXADR,DAPK1,DGUOK,ENSG00000233974,ENSG00000254092,FAM135B,GALR1,GRIK2,GRIN3A,HS3ST3B1,LINC00963,LROMI1,LRRC74B,MTCL1,NDUFA4,PARAIL,PES1,PLA2G6,RBM19,RHOBTB3,RIN2,SMOC2,SMYD3,SPTLC3,STK38L,STOX2,SUMF1,TMEM158,TRPV4,TSNAX,UBASH3B,VEGFC
1638	AGA,CACNA1A,CFAP100,CNDP1,COPS8,CPNE4,DSCAML1,EDEM1,FAM110B,GFRAL,GPC6,GRID2,ISOC1,KANK1,LDAF1,LINC00507,LINC02367,LINC03057,MAGI1,MAP3K1,MRPL39,NAV3,NEK1,NR2F2,PADI3,PAPPA,PITRM1,POU6F2,PRKCE,PRKG2,RBFOX1,RFX3,RNF130,SALL4,SCARA5,SERPINF1,SLC22A15,SLC25A21,SLC39A10,SMIM26,SRRM4,STMN1,TECPR1,TMEM132D,TMEM176A,TP63,USP24,VTCN1,WWOX
1639	ADCY10,AKAP6,ANO3,APBB2,ARHGEF26,CDH2,CIMIP1,CNTN4,CRIM1,CSMD1,CYRIA,DGKB,DPP10,DSEL,DYNLRB2,ELAC2,EPHA5,FAM135B,FAM171A1,FGF9,GALNT5,GRM7,HLA-DRB5,HNRNPA1L3,KCNMB2,KIF26A,KLF12,KPNA2,LRP1B,MC4R,MEGF11,MTHFD1L,NAA60,NEFM,NXPH1,OGDHL,PGBD5,PKDCC,RGMA,SIX3,SLITRK6,ST8SIA1,SUMF1,TESC,TREM1,TSNARE1,UMAD1,VSTM2L,VWDE
1640	ALKAL2,ALKBH3,APOB,ARK2C,CCT6A,CDH11,CDH13,CIAO3,COL25A1,CTTNBP2NL,DGUOK,DPYSL2,DSCAM,ENSG00000233967,ENSG00000269825,FOXK1,FSTL5,GATA4,GPC5,GRID2,HS3ST4,ITPA,JARID2,LINC03204,MLYCD,MSC,MTPN,NCAM2,NEU4,NPIPA8,NR2F2,NSG2,PALLD,PSEN1,PTPRD,ROBO2,RPS6KC1,RYR2,SGCD,SGCZ,SIK1,SLITRK5,SMC2,SMOX,SPDYE21,SPRR1A,TAFA5,TLR10,YIPF7
1641	ABCA8,ADAM7,AMY1C,APBB1IP,CACNG4,CLCC1,CNTNAP4,CNTNAP5,CSMD3,DDX24,DNM3,ENSG00000188897,FAM149A,FBXO11,FLRT2,GGTLC2,GPC5,GRIP1,HYCC1,IFTAP,IL21R,IMMP2L,INSYN1,ITGA4,LINC01411,LINC02021,MAF,MSI2,NALF1,PDZRN3,PHAX,PIRT,PLAAT5,PLPP4,PRDM16,QKI,RPS6KA2,RRAGC,SLC17A6,SLC28A3,SORCS1,ST6GALNAC3,SULF2,TARS1,TGM6,TRIM71,TUSC3,UGT1A7,WDR41
1642	ADCY8,AGBL1,AMPH,ARHGAP15,ARHGAP9,ARL4A,ASCL4,ATXN7L3B,CDC42EP3,CDH7,CPVL,CYTL1,EIF3E,ENSG00000267372,FAM135B,GABRB2,GLRX3,HAND2,HAPSTR1,HSPA8,IL2RB,ITGB8,LINC01839,LINC03019,LRRC7-AS1,MACROD2,MAP3K7,NAALADL2,NAMPT,PCDH17,PSG1,PTPRO,RCC2,RHCG,SERPINB8,SGTA,SH3BP4,SHANK2,SMIM26,STIM2,TENT5A,TESC,TM4SF18,TMEM268,TUT7,WAC,ZNF385D,ZP4
1643	ADGRL3,AGPAT5,AMFR,APIP,ARSJ,BTBD3,BTG1,CBLN2,CCDC88A,CEMIP,COL24A1,CUL3,DSC1,EEA1,ELAVL2,F13A1,FHL2,FLT3,FRMD3,GALNTL6,GFRA2,GRM7,GSDMC,HNMT,HNRNPA1L3,ICE1,IGFBP7,KDM4C,KLF12,KTN1,MRPL57,PKNOX1,POM121L12,POU3F3,PRAG1,RASGRP3,RYR1,SAMD4A,SETDB2,SLC23A2,SNX18,SQOR,TENM3,TENM4,TLN2,TYRP1,UNC5B,WWOX,ZMIZ1
1644	AGBL1,AMOTL2,AMY1C,ARHGEF7,C1orf105,CENPC,DEFA5,DLGAP1-AS3,ENSG00000251185,ENSG00000287578,ERAP2,FRMD4A,FSTL5,GLUD1,HS3ST3B1,HSDL2,KANK1,LDLRAD3,MOGAT1,MTSS1,MYC,NALCN,NEB,NFATC1,NOD1,NXN,OTOL1,PCDH10,PCDH15,PCNX2,PDLIM3,PERP,PLXDC2,PPL,PSAT1,RAI14,RBFOX1,RFC3,SEMA5A,SH3BP2,SLC2A11,SMYD3,SNX31,SOX1,SOX30,TMEM132E,TNRC6C,TRIB2,WIPI2
1645	AKAP13,ASTN1,BEND7,CISD1,CLEC3A,CRADD,CSMD2,CTTN,CXCL6,ENSG00000266302,FA2H,FER1L6,FGF12,GNB1,GPC5,HGS,IGFBP3,IL10RB,IPMK,KCNJ11,KIAA1217,KNG1,LINC00667,LINC02794,LPL,LUZP2,MAGI2,MINDY3,MTUS1,MTUS2,MUC19,MYT1L,NTPCR,OR6N1,POC5,POM121L12,PTPRC,RFX3,RPS6KA2,RUFY1,SIRPB1,STAC,STX18-AS1,TBL1XR1,TRMT9B,TRPS1,UBA6,ZNF860,ZWINT
1646	ABCC1,ACTL8,ADCY8,AJAP1,AMMECR1L,CCL2,CDH11,CELSR1,CSNK1A1L,CYRIA,DGKG,DLG2,DNER,EGFLAM,ENSG00000236543,ENSG00000286022,FAM181B,FBLN1,GAP43,GCNT1,GPC5,GUCY1B1,HS3ST2,IGF2,KCNU1,KLHDC4,KLHL1,L3MBTL3,LINGO2,LRRC4C,MBTPS1,MCPH1,MSRA,NEO1,RREB1,SIAH3,SLC8A1,SLITRK1,SOCS6,SSBP2,SUCLG2,TMPRSS11E,TOX3,TTC39B,UGT2A2,VWA2,WWC2,ZDHHC21,ZNF385D
1647	AHCYL2,ANAPC1,BCL2,CBLB,CNTN5,COL21A1,CRYGS,CYTH4,DGKB,DSCAM,EDEM1,EPB41L4B,FSTL5,GADL1,GALR1,GPR158,GRM7,HAO1,HAS2,HS1BP3,ICA1,JARID2,LTBP1,MCTP2,MGMT,MMP10,MYC,NEBL,NPTX1,NRSN1,NUDT7,NUP35,P4HA2,PPP2R2A,PTPRK,RCBTB1,RPS6KA2,SLC20A1,SLC46A3,TAFA5,TATDN3,TEX29,TIMMDC1,TRPA1,USP25,WSB1,XXYLT1
1648	ACP1,ADGRG6,AEBP2,APLP2,BMP2,C8orf34,CADPS,CAPN13,CCBE1,CCZ1B,CDIN1,CDYL2,CNTN5,CNTNAP5,COX7C,CRIM1,DMAC1,EHF,ELAC2,ENPP7P7,ENSG00000227107,ENSG00000283563,EPC2,FAM135B,FAM174A,FSTL5,IQGAP2,KCNIP4,LDB2,LINC01445,MBNL1,NDUFC1,NSUN2,NXPH1,PCDH9,PFKP,SALL3,SEMA3D,SLC35F1,SLC7A2,SMIM31,TLE3,TMTC1,TNNT2,TUSC3,WDR41,ZNF479,ZNF487,ZNF816-ZNF321P
1649	ABTB3,ADGRG6,ADGRV1,ANO3,ATP10A,AVL9,CBLN2,CNTN4,CTSC,DCC,DDX11,DLGAP1,DUSP22,ENSG00000233974,ENSG00000284634,FAM135A,FAT3,FGD3,GP2,GPR158,GRK5,KCNJ1,KLHL31,LYZL2,MANEA,MTCL1,NBPF3,NELL1,NKAIN2,NKAIN3,PARP11,PCSK5,PDYN,PJA2,PRB3,PYHIN1,RHBDF2,RNF32-DT,RYR2,SGPP2,SGSM2,SHD,SI,TGIF1,TLN2,TMTC1,USP43,VAV3,ZNF385D
1650	ABCA12,ADCY5,ADGRV1,ANXA3,B3GALT1,C10orf90,CAPRIN2,CDH7,CDH9,CFAP263,CNTN5,COX7C,DAPK1,DNAH5,DPP6,ENSG00000290149,ERBB4,FAM135B,GRHL3-AS1,GRM7,HACE1,HBG2,IGF1R,ITGA8,LARGE1,LHFPL6,LINGO2,LPP,MAP3K7,MRPL39,PITRM1,PLCH2,PRKN,PTPRT,RASGRP1,RIN3,SEZ6L,SH3BP2,SIPA1L2,SLCO1B3,SMOC2,SPOCK3,SYT6,TAFA2,TEX2,TLE3,TRIM71,VCL,ZFP36L2
1651	AADAT,ACYP2,ARID1B,CACNA2D3,CDH11,CDH6,CHRD,CHRM3,COX7C,CPNE4,CTNNA2,DIAPH3,EYS,FAM91A1,FRG2C,GCLC,GLIS3,GLT1D1,GPC5,HSD17B4,IQSEC1,IRX4,KDM4C,LINC01208,MAP9,MAT2B,MYO15B,NELL1,NLRP5,OR1D2,PLCG2,PLCXD2,PLN,PLXDC2,PRNP,PTPRU,RAB11FIP2,RALYL,RASSF6,RBFOX1,SGCZ,SLC43A2,SNX9,SPARC,SPRY2,TLL1,TRIM36,TSNARE1,ZNRF4
1652	ADGRB3,ADGRL3,AP1S3,ARHGEF26,CAMTA1,CAST,CAV1,CCNG2,CDH8,CELF2,CHCHD3,CNTNAP5,CRBN,CST1,ELF1,ENSG00000274090,ENSG00000279668,ENSG00000286239,ENSG00000286760,ENSG00000288075,ERICH1,FAM13A,FBXO15,FDX1,GMNC,IL23R,INSR,IRAK1BP1,JAKMIP3,JPH3,KCNMB2,KRTAP5-6,MAP1LC3B2,MRPL39,NUBPL,PCDH18,RBFOX1,SEPSECS,SIGLEC5,SLITRK1,SMIM23,SNX18,ST3GAL1,SV2C,WIPF3,XXYLT1,ZBTB7C
1653	ADAT1,ADGRL3,ARAP2,ARL4A,ASTN2,CDH6,CDH9,DGLUCY,DLGAP1,DSCAM,DSCAML1,EBF3,ECHDC3,ELMOD2,ESRRG,FAT3,GALNT2,GCC2,GCFC2,IL17RD,KCNH5,KCNJ6,LHFPL3,LINC01677,MCPH1,MIA3,MSX2,NCAM2,NDUFA4,NEDD1,NPSR1,PARP2,PCDH15,PDE5A,POU5F1B,SASH1,SCD5,SCYGR8,SGCZ,SHISA9,SOX11,SPATA31C2,TBX3,TMEM135,UCA1,WWOX,ZFPM2,ZNF496,ZNF536
1654	ADAM12,ADGRB3,AGBL1,ANO5,ATXN10,BRD1,BTG1,CELF2,CHRM2,CST6,CTNNA2,DPP6,EPB41,EXO5-DT,ID2,ITGA6,KCNB2,LARGE1,LINC00662,LPL,MAD2L2,MPPED1,MTUS2,MYO16,NADSYN1,NDUFA4,NFIL3,NPSR1,NRSN1,NSD2,OTOG,PCDH9,PCOLCE2,PDILT,PRICKLE2,PRKCD,PTPRG,RBBP8,RRP7A,SALL3,SCAMP1,SEPTIN9,TAFA5,TCERG1L,TRIP12,VRK1,ZFAT,ZNF804B,ZP4
1655	ABCB5,ATP8A2,ATXN10,CARD16,CBLN4,CCDC68,CHRM3,COL11A1,DAB1,DDX24,DLGAP1,EFR3A,EXT2,FCAMR,FCRL3,FGF12,FGL1,FOXP4,GPC5,GPM6A,GPR139,HEATR5B,IGFBP7,IPO5,IRF8,LEMD1,LINC02018,LRP1B,MAPT,MMP16,MRPL39,MSGN1,MSRA,NECAB1,NEURL1B,PID1,PITRM1,PLEKHG1,PLGLB2,POU6F2,PPP2R2D,PSG4,PTPRT,RIOK2,SGTA,SOCS6,SULT2A1,VEGFC,ZNF648
1656	ACIN1,ADGRE2,ADPGK,AGA,ALKAL2,ANO1,APBA3,BORCS5,CRYBB3,DAOA,DIO2,DLG2,DOCK9,DPP10,DPP6,DPYSL2,ELAC2,ENSG00000225815,ENSG00000250137,ENSG00000287694,GPC6,GREB1,HRH1,HS6ST1,KCNE2,KCNG1,KLHL5,LAMA1,LZTS1,MACROD2,MSX2,NEBL,NETO1,NSUN2,NUAK2,OR7A17,PDP1,PSME4,PTTG1IP,RERG,RFX8,RPS6KA1,TENM3,TGFB2,TMEFF2,TRG-AS1,TSHZ3,VWC2,WDR17
1657	AGTR1,CDH13,COL4A3,COMMD10,CSMD1,DAP,DENND3,DOCK7,DYNC2H1,EIF2S3B,ENSG00000235979,ENSG00000268107,ENSG00000287991,EPC1,EPHB1,ESYT2,FAM20B,FBXL7,FBXO15,FGD2,GMDS,GRIN2A,GRM7,GSC,GTF3C1,IPO5,LARGE1,LARP1,LETR1,MCPH1,PDE5A,PRKCE,PXDN,SDHAF3,SLC2A14,SLC6A11,SLC7A2,SLITRK6,STK39,TECRL,TRDN,TSN,USP25,VAX1,VPS53,ZMIZ1,ZNF385D
1658	ABI1,ACSL3,AGPAT4,AVPR1A,BBOX1,CAMK1D,CBLN2,CDC42BPA,CDH10,CDH13,CDH6,CDH8,CHI3L2,CHODL,CPVL,DTHD1,EGFLAM,EIF3M,ELMOD1,EPHA6,EYS,FAM98A,FOSL2,FOXO6,FSTL5,GABRG3,GCLC,JAKMIP3,KCNJ6,KLF15,LINC02506,LRPAP1,MANSC4,MEGF11,MMD2,NEUROD1,NUP107,OTUD7A,POPDC3,PROM1,PTPRM,PXDC1,RBFOX1,SATB1,SOCS6,THAP3,TMEM236,TRIB2,VRK3
1659	A1CF,APTX,ARHGAP42,ARRDC3,BMPR1B,CABS1,CACNA1A,CCDC18-AS1,CDH6,CEACAM6,CEP120,CMPK2,COQ7,CSMD1,CTNNA3,DKK3,DNAH17,EXT1,FOXF1,GCC2,GDF10,GRM7,HMCN2,ISOC1,MAT2B,MEF2A,MIR99AHG,NALF1,NEK10,NTN4,OPCML,PCSK7,PDE10A,PIK3CD-AS2,PLTP,PRL,RIOK1,RORB,RTP4,SERPINA6,SHANK2,SLC22A16,SLC6A11,SOX11,TPRG1,TRPC6,VAV3,ZFP36L2
1660	ADAM7,AGA,ARID1B,BBX,BRINP3,CD96,CDYL,CNTN5,COL22A1,CRIM1,CYP4F26P,DGKB,ENSG00000235122,ENSG00000287314,FARP1,FHOD3,FSTL5,GAS1,GAS7,GUCY1A1,LARGE1,LIAT1,LINC02218,MAF,MCTP2,MTRR,MZT2A,NR2F2,NUDT4,NXPH1,PCDH20,PCDH7,PCTP,PIP4K2A,PLD1,PTPRD,RUNX1,SDHAF3,SMPD4,SNX7,SPATA3,STK32B,SYNDIG1,TMCC3,TMEM135,TRIM2,TSN,TYW1,WDFY4
1661	ACTR3B,B3GALT1,BANK1,BCAS3,BRCA2,CCDC126,CDC42EP3,CDH11,CHST15,CNTNAP2,CREB5,DCC,DDX11,DTWD2,ENSG00000259363,ENSG00000286975,GADD45G,GALNT18,GAS2,GP6,GRIK2,H3-5,IFT88,IRX2,JAZF1,KLF12,LINC02109,LURAP1L,MAPK1IP1L,MBL2,MTARC2,MTSS1,NXPH1,PADI4,POLR1F,POU1F1,PRDM16,PRMT6,PXDNL,RALYL,RORA,SLC1A7,SLC39A12,SLCO1B3,SORCS1,TBC1D9,TBL1XR1,TK2,UROS
1662	AGBL1,APBB2,CACNB2,CAP1,CCBE1,CHAC1,CMC1,CMTM8,COLGALT1,COX18,CSMD2,CTDP1,DIRAS2,FGD5,FGF20,GATA6,GPAM,HAAO,HEG1,HMHB1,JRK,KIF26B,KLF6,LATS2,LDLRAD4,LINC01550,LINGO1,MED12L,MINDY3,OTOL1,PCDH7,PID1,PLCG2,POM121L12,PPP1R14C,PVT1,RHOBTB1,SERTM1,SLC39A11,SLC44A5,SLCO3A1,SRRM4,STK32B,TMEM225,TMEM45B,TRNT1,UNC5D,ZNF215
1663	ACO1,AEBP2,APBB1IP,ARHGAP10,BRMS1L,C16orf82,CA13,CACNA1E,CHRM3,CNTNAP2,COL6A6,EDIL3,ENSG00000206356,ENSG00000289052,ERCC4,ETS2,FLII,FZD1,ISX,KIRREL3,KLHL30,KLHL38,LGALSL,LSP1,MAFB,MCPH1,MLLT3,MMP7,MSRB2,NOCT,NUMA1,OR10A6,OSGEP,PALMD,PDE10A,PEBP4,PRLR,PTPRD,RCSD1,SMPD4,STIM2-AS1,STX16,SVIL,TNFRSF11A,TPP2,VLDLR-AS1,WSB1,ZBTB7C,ZNF804B
1664	AADAT,AMACR,AOAH,ARAP2,ATP6V1C1,C16orf82,C6orf118,CCL20,CHL1,CHTOP,CNTNAP3,COG6,DDX60L,DIRAS2,DOCK1,EYS,FOXG1,FOXO6,GPC6,GPR26,GRIN3A,IFNE,IGSF5,IPO8,KLHL29,LINC01656,LINC02885,MLPH,NAT1,NAV2,NCAM2,OR2C1,PREX1,PTGDR,RASA3,RBFOX1,RBSN,RGS17,RNF32,SENP2,SLITRK5,SPDYE21,ST6GAL2,STX2,TENM4,TMEM200A,TYW1B,UNC13C,ZFYVE28
1665	ABCC1,C16orf89,COG6,COL13A1,CRYBB1,CXCL11,ENSG00000284686,ENTPD4,ETV1,FAM240B,FARS2,FHIT,GALNTL6,GARIN1A,GATA3,H3Y1,HAVCR1,IDO2,KIAA2012,KIF26B,LGR5,LRATD1,LRP1B,MAP3K21,MED13L,MYOM2,NAF1,NAT1,NCEH1,NHSL1,NXPH2,PDE5A,PTPRN2,RASGEF1B,RFC5,RGMA,SCD5,SLC25A24,SLC35G4,SLC44A5,SUDS3,SUMF1,SUSD1,TMEM132C,TNFRSF19,TRHDE,ZFP64,ZNF804A,ZPLD1
1666	ACTR5,ADCK2,AKTIP,APBB1IP,ATXN10,BRINP1,CD1E,CD82,CDC42EP3,CMTM7,CNTNAP2,DAOA,DRAIC,DSC2,DUSP4,EPB41L3,ETFRF1,FRMD3,FSHR,GLI3,KHDRBS3,KIF20B,MDFIC2,MYLIP,NID1,NUP50,PAH,PCDH7,PDZD2,PEX5L,PPFIA2,PRDM9,RAD51AP2,RBFOX1,RFX3,RNF125,RPL10L,RREB1,SGCD,SLC2A9,SLCO2A1,SYK,TMEM72,USP25,WDR1,WHRN,XAB2,ZKSCAN2,ZNF804B
1667	ACOXL,ADGRB3,AEBP2,ALPK3,C16orf74,CDH13-AS2,CDH6,CECR2,CLDN23,CNST,CNTN4,CNTNAP2,CPE,CTSB,CYYR1,DNAH5,DNER,DOCK9,DRD5,EFR3A,FER1L6,FGF12,HAS2,HOPX,IGLV3-25,KANK4,KLF12,KLHL31,LINC01170,MIR646HG,MKLN1,MORF4L1,NARS1,PARD3B,PDE10A,PRICKLE1,PRKN,RAB2A,RAB38,RPS29,RYR3,SAP30L,SMO,SPDYE21,TENM2,THEM4,TPST2,UBASH3A,XKR4
1668	ADARB2,C1orf105,CHD1,CTXND1,CYS1,DEFB136,ENSG00000261098,ENSG00000276529,ENSG00000286625,EYA1,FAM181B,FOXI2,GAA,GABRB2,GPR149,HIVEP3,HLA-DRB5,HNRNPH1,HS3ST3B1,IL7,IQCE,IRX5,KALRN,KCNQ1,LVRN,MACROD2,MAPT,MCPH1-DT,NCAM2,NCKAP5,NGEF,NOX3,PFKP,PKP1,PRKCH,PTPRD,PWRN4,QRFPR,SAMD12,SORCS1,SSTR4,ST18,STARD4,SYNPR,TCL6,TG,USO1,WHRN,ZNRF4
1669	ACTRT2,ADCY8,ANO3,ARL4A,ARRDC2,ATP8A2,ATP9B,ATXN1,C12orf56,CAPN5,CCDC85A,CD58,CDH7,CFAP74,CHLSN,COLEC11,CTNND2,DNM1,ENSG00000272297,FGF9,GOT2,IRX3,LCE6A,LRRC3B,MPHOSPH6,NCAM2,NHSL1-AS1,NPHP4,OAS2,PCDH18,PLXNA2,POU5F1B,PTCHD4,PTPRT,QRFPR,SGK1,SLC5A7,SLC8A1,SORBS2-AS2,SOX11,SPDYE21,TARBP1,TBPL2,THNSL2,TOP2B,TTLL2,UNC5C,ZNF572,ZNF804A
1670	ACO1,ADGRB3,AKR1B1,ALG1,ANKRD17,APBA3,ARHGAP24,CAMK4,CDH8,CHKA,CNTNAP5,COBL,COX10,CTNNA2,CTTNBP2NL,DENND3-AS1,DSEL,EFR3A,ENSG00000285829,ENSG00000286474,EYS,FHIT,FMN1,FOXG1-AS1,HLA-DRB5,IGSF5,IL16,KLHL30,MAFB,MGAT4C,MRPS10,MYEOV,NRXN1,NUDT7,NXPH1,OAS1,OSBPL5,PCDH18,PLA2G4A,PRKCA,SCYGR10,SIRPA,SLC16A9,SPOCK2,TDRD15,TENM4,TLE3,TSPAN9
1671	AKAP7,ALPK2,BMP2,CDH13,CEP41,CHORDC1,COL5A1,CUL3,CXCL13,DDX60,DIAPH3,EDNRA,EEPD1,EMP3,FBXL17,FBXL4,FREM2,FRMD4A,FUT9,GABRG3,GARIN5B,GCLC,GRIN2A,HSP90AA1,KRT4,LDLRAD4,LRP1B,MAVS,MYLK,MYOM2,NAV3,NDN,NEDD1,NEK10,NID1,RBFOX1,RUNX3,SGCZ,SLC24A3,SLC35B3,SNRNP35,SNX9,ST6GAL2,TCF3,THSD7A,TMEM132C,TRAPPC9,ZNF608
1672	ASTN2,BARX2,BOD1L1,CACNA1A,CCDC59,CDH10,CFAP77,CHRM3,CLMP,CSMD1,CTNNA2,ETV1,FANCL,GFER,IRX1,ITGA11,KATNAL1,KBTBD8,KHDRBS3,LINC02018,LINC02350,LRATD1,MGAT4C,MYT1L,NCAM2,NEDD9,NOVA1,PCDH18,PDIA4,PLA2G4A,PTPRN2,RAB11B-AS1,RPP40,SEMA6D,SH3GL2,SMARCA2,SNTB1,SOX4,SRSF6,TBX18,TENT4A,TMEM132D,TMPO,UCP1,VGLL3,ZNF280A
1673	ABAT,ARAP2,BCL11B,BMP6,BTD,CA6,CD200R1,CDH18,CNTN4,CNTN6,COL5A3,CRYBG1,CYLC2,DAPK1,DCC,DOCK10,EFCAB10,FRMD4A,GALR1,HHAT,IL12A,INSC,JHY,KCNQ2,KDM4C,KL,L3MBTL4,MRPL39,MSC-AS1,MTPN,NCAM2,PDGFD,PLEKHF2,RFC3,RGS6,RMDN1,RXFP1,SIRPB1,SLCO3A1,SOD3,SV2B,TCERG1L,TENT5A,THSD4,TRAV12-1,TSHZ1,TTC3,UBE3C,UTRN
1674	ARHGAP22,ARHGAP24,B3GLCT,CCDC186,CLN8,COG2,CRIM1,DAD1,DLG5,DNAH14,DPP6,EDIL3,EEA1,ENSG00000261745,ENSG00000264705,ENSG00000273384,ENSG00000286884,FAM184A,FAT1,GRM7,HACE1,IGLON5,MEGF10,NALCN,NCL,PCDH18,PFKFB3,PRKCA,PRKCB,PRPSAP1,PRTFDC1,PTPRD,PTPRE,PXYLP1,REG3G,ROBO2,SERP2,SLC2A9,SLCO1C1,SORCS1,SOX4,SRP19,SYT10,TEX36,UGT2A3,UGT2B7,ZNF804A,ZSWIM2
1675	ADGRE1,ANO5,ARL4A,BLOC1S4,BUD23,C2orf80,CD1E,CETN3,CYSLTR2,DTNBP1,ENSG00000264876,ENSG00000284707,ENSG00000288973,EPHA5,FAM181B,FBXO33,GRIK4,GRM7,HMGN1,KLF7,LPP,MAF,MED10,MRPS18C,MYH3,MYO9B,NAMPT,NCAM2,PGAP4,PLA1A,PLB1,RCVRN,RIN2,RNLS,SGCD,SLC9A9,SMC2,SORCS2,SSTR4,STIM2,SYNE1,TM9SF2,TRPA1,TSN,UGGT1,USO1,VEGFA,WLS,ZNF704
1676	ASB13,AXIN2,BANF2,BCL11B,CCDC54,CDH12,CFAP61,CHRNA5,CNTN4,DPY19L1,ENSG00000176515,ENSG00000272479,EPHA5,FAR2,GALNT17,GFRA2,GPC5,HAND2,HERC2,IRX3,KLK5,LUZP2,MANEA,MKI67,MPHOSPH6,MPP7,MYO1D,PDE9A,PHACTR3,PITX2,PPP2R2D,PSMB5,PTER,PTPRN2,RELL1,SGCZ,SMAD6,SOX11,STK32B,SYNE1,TENM3,TFG,TMCO5A,TNK2,TRA2B,TTC39B,UIMC1,WWOX
1677	ABCB4,ACTR3B,ADAMTSL1,ALPI,ANKRD55,ANO1,BEST3,BUD13,CDH4,COL11A1,DSC3,DSCAM,EFCAB3,FGF21,FH,FOXF2,GPC5,HRH4,KBTBD11-AS1,KCNU1,KLHL31,LAMC3,LINC00299,MEAF6,MRPL48,NEURL1,OSBPL10,P3H2,PCNX2,PDE3A,PIGN,QDPR,RAB28,RASSF8-AS1,RFX3,RGMA,SEZ6L,SP100,SPACA7,TAFA5,THRB,THSD7B,TRAM1L1,YPEL2,ZBTB7C,ZFAT,ZNF737,ZNF804A,ZPLD1
1678	ACTB,ADAMTS3,ADGRB3,ADI1,BANP,C7orf25,CBLN2,CDC14A,CDH19,CEP170,CSRP2,DAD1,DCLK2,DMAC1,EXO1,F2RL1,FRMD4B,FSCB,GATA3,GYPC,IL16,IRX1,KCNE4,KLHL29,LDB2,LINC02364,LINC02851,LRRTM4,MTUS2,MYO9B,NAP1L1,PCDH10,PMM2,RFX6,RGS7,RYR3-DT,SEMA5A,SLC8A1,SNHG17,TAFA5,TBX5,TENM2,UBC,VWA5B1,WNT7A,ZNF33B,ZNF577,ZNF737,ZNF91
1679	ABCC4,ANKRD30B,CDH26,CHL1,CNTN5,COL8A1,CYYR1,DAP,DLC1,DLGAP2,DSCAML1,ENSG00000256195,ENSG00000286295,EPHA7,EXOC2,FSTL4,H3Y1,HELT,IGFBP3,IPO8,IRF2BP2,IRS2,IRX2,ITPRID1,KCNC4,LINC01588,LINC01659,MACROD2,MBNL1,METTL4,MIR3667HG,MPPED1,MTUS1-DT,NAMPT,NRN1,OSTM1,P2RY2,PALD1,PDGFRL,PON2,RARRES2,RASGEF1B,RPL10L,RPS9,SYPL2,TNIK,TNS3,UBA6,USP3
1680	ADGRA3,AFAP1L2,C18orf63,C1D,CD70,CSMD1,CYB5R2,DGLUCY,DUSP10,ENSG00000278254,FAM135B,FBXO31,FOS,FSHR,GALNT16,GBE1,HACD1,HS3ST3B1,IRAK1BP1,KSR2,LEMD1,LRP1B,MAML2,MME,MYL10,MYO9B,MYOCD,NCAM1,NEBL,NEGR1,NLRP1,NR5A2,OPRK1,PCDH18,PIK3CD-AS2,PMEPA1,PRB2,PRTG,ROR2,SLC24A3,SMARCA2,SP3,STK32A,TNFSF13B,TP53BP2,TRIM24,ULBP3,ZNF704
1681	ADAMTS18,ALOX5,ANO2,ATP8A1,CD109,CREB5,DHCR24,DIRAS2,DMRTA1,DOCK1,ENSG00000259959,ENSG00000276842,FAM135B,FBN3,FGF1,FOXN3,FOXP4,FZD10,GALNT18,GOLGA8N,KAT14,KIAA0513,L1TD1,LINC02018,LINC02147,LRP1B,LRRC3B,MAP2K3,MIR646HG,MUC19,NCAM2,NSG2,PABPC4L,PCDH18,PCDH7,PDE5A,RFC3,RFX3-DT,SLC8A1,SLITRK5,SNX4,STOX2,TGFBR3,TRAM1L1,TRIM61,TYRP1,UBC,ZMIZ1
1682	ACTR3C,ADAMTS1,BCR,C11orf96,CDC73,CENPC,CNBD1,CPPED1,CST5,CYRIA,ENSG00000267320,ENSG00000287134,FOXI3,GALNTL6,GALR1,GPM6A,GPR12,GRK3,IFNG,IFNGR1,ITSN1,JAG1,KRT25,MANEA,NALF1,NBAS,OR11G2,PCDH18,PCDH7,PCLO,PDE10A,RDX,RORA,SLC26A3,SNX16,SQOR,STK32B,SUCLG1,TBXT,TENM2,TLK1,TPK1,TPO,TTC27,VAT1L,ZFP36L1,ZFP42,ZNF331,ZNF670
1683	ADARB2,ADGRA3,ASIC2,ASPA,ATXN10,C9,CDH13,CDYL,CFAP20DC,CNTNAP5,CROT,DLGAP1,EFEMP1,ELK3,ENSG00000251545,FAT3,FBXO39,GOLIM4,GRIK1,HPCAL1,IER5,IL17B,IL1RN,ITGB3BP,KCNN2,KIAA0319,LINC01740,LRIG1,LRRTM4,MAP7,MBP,NIN,NRXN1,PCDH7,RORA,RSL24D1,SERPINE2,SGK1,SLC4A3,SMOC2,SMYD3,SNTG1,ST3GAL1,TANC1,TENT5A,TLR3,TMCO5A,TRIML1,UTRN
1684	ABCC4,AKR1E2,B3GALT5-AS1,CBLN2,CCNJL,CDC14C,CEMIP,CKB,CLEC4D,CRIM1,CSMD1,CTNNA2,DHCR24,ENSG00000262231,FLRT2,GALNT13,GLIPR1,GNG4,GRIK1,HACL2,KCNG1,KCNJ2,KRBA1,LINC00865,LPIN1,MAT2B,NAV1,NLRP5,NXPE2,PARP2,PIK3CG,PNPLA6,PRSS23-AS1,PTPRQ,RAI14,RBM19,SCUBE1,SCYGR2,SLC6A11,SLITRK5,SPDYE21,STK32C,TBX19,TMEM200A,TMEM39A,WNT5B,YEATS2,ZNF354B,ZNF735
1685	AADAT,ABR,ADAMTS17,ANKFN1,ATPSCKMT,BORCS5,CDHR3,CPNE4,CRADD,CST1,CTSB,DAOA,ENSG00000273691,ENTREP1,ERLIN2,FBXO25,FXYD5,GRM8,IRX5,KIF3C,LINC00539,MAP3K5,MBOAT2,MYO19,NDN,NFATC1,OPRK1,PACRGL,PCDH10,POM121L12,POSTN,PPP2R2C,PROX1,PUM1,QKI,SHISA9,SLC22A23,SNX13,SPSB1,STX6,SUCLG1,SYT1,TENM3,TMPRSS15,TNFRSF11A,TNNI2,TTF2,UQCRFS1,VEZT
1686	AKR1C1,ANKRD7,APBB2,BCL11A,BTBD16,BTBD3,CANX,CCNL1,CCSER1,CFAP161,CHST3,DCDC2C,ECRG4,ENSG00000260234,ENSG00000260573,ENSG00000284650,EXOC2,FLRT2,GBA3,GDNF,GLI3,GSE1,KCNJ3,KDM4C,KLHL1,LDLRAD4,LPP,MSR1,NCOA3,NDFIP2,PDE5A,PLD5,PLXNA2,PTPRD,RAB4A,RARB,SLC39A11,SLCO3A1,SOX4,SOX9-AS1,TAFA5,TBC1D32,TRARG1,TREM1,TTC32,UFM1,UNC5D,XPO4,ZHX2
1687	ADAMTS2,ADAMTS5,ADARB2,ATXN1,ATXN7L3B,BBS9,BORCS5,CAB39,CCZ1B,CD44,CEP104,CERK,CFH,CHRM3,CLSTN2,CSMD1,CWC25,DCHS2,DLGAP1,EDARADD,ENSG00000287694,FBXL17,FGF20,GCLC-AS1,GTF3A,HBS1L,KIF13B,KPNA4,LARGE1,LDB2,MAP3K7,MCTP1,NLGN1,NPHP4,OTOL1,REXO1,RIN2,ROBO2,SLC5A9,SNCA,SNTG2,TAFA5,TCERG1L,TESHL,TEX51,THBS1,TMEM92,TUSC3,VEGFC
1688	ARL5B,BMPR1B,BOD1,COL23A1,DIP2B,DSPP,DTHD1,ENSG00000227088,ENSG00000233179,ENSG00000271978,EXT2,EYS,FMN2,GCNT2,GLI2,GRIK2,HSPB3,KIF16B,KLF3-AS1,KLHL1,LAMP3,LIN28B,LINC00662,MAGEF1,MAGI1,MB21D2,MEIG1,NDUFA5,NKAIN3,PALM2AKAP2,PCSK5,PGCKA1,PRICKLE1,PYDC2,REEP6,REPS1,RORA,SERPINA11,SFXN1,SLC35B3,SLC44A1,SMPD4,STK38L,TAF1C,TCTN2,TENM3,TMTC1,UGT3A2,ZBBX
1689	ABCC1,AFF1,ANKRD16,ARL4C,ASB1,C5orf15,CARD8,CEP63,CSNK2A2IP,DYNC1H1,EFNA5,ENSG00000255021,ETS2,FAF2,FAT1,FOXC1,GOT2,GRAMD1B,GRIP1,HS3ST1,KIAA0232,KLF6,LINC01424,MAP9,MARF1,MINDY3,MYO6,NBPF3,NPTX2,PCDH15,PRKAG2,PSAT1,PTCHD3,QRFPR,RGS17,RIOK2,RIPK4,RNF144A,ROBO1,RPRM,SMIM3,SMOC1,STAC,TAC1,TMEM132C,TOLLIP,WDFY4,ZNF890P,ZPLD1
1690	ABCG1,ACO1,ADRA1A,BAHCC1,CCDC7,CD93,CDH13,CSMD1,DCLRE1C,EGFR,ENSG00000286804,EXT1,FGF12,GPR158,GRIN2B,GSK3B,HTR1B,IRX1,KAZN,KCNH5,KIF26A,LINC02055,LRRC4C,LRRC7,LTBR,MRPL39,MYOM2,NEIL3,NIPAL2,NRDE2,NUCLEOLIN,PCDH7,POM121,PPP2R2C,PRDM16,PTPRM,RAB28,RAB6C,RIPPLY3,ROBO1,SBNO2,SDK1,SHISA6,SLC35B3,SLC8B1,THAP3,TMEM135,XPNPEP1,ZP4
1691	ALG8,ALX4,ANKRD34C,APBA2,APOL5,C9orf72,CACNA1E,CCSER1,CD226,CDC14C,CNTNAP2,CSMD1,CST7,DDX18,DTHD1,ELAC2,ERLEC1,EYS,FAM240B,FOXRED2,FSTL5,GCNT2,HMGB1,KCNIP4,KLHL7,LINC02512,LRRC4C,MACROD2,MCTP2,MCUR1,MYOM2,NCKAP5,OPN5,PCDH7,PCDH9,QKI,RAP1GAP2,RELN,RERG,RORA,RPS25,SEPTIN9,SLC2A3,SLC41A2,TMTC2,TSPAN5-AS1,TUNAR,TXNL1,WWOX
1692	ADAMTS5,AOAH,ASAH2B,ATP6V0D2,CACNA1C,CACNA2D1,CCSER1,CDK20,CHRM2,CNTNAP2,DOK5,DPP6,ELP1,EYA1,FNDC1,GABRG1,GALNT13,GNPDA2,GPC5,HAND2,IL17D,INAVA,ITIH5,KCNK18,KLHL1,LIPG,LRFN5,MAU2,MGMT,MOB3B,MSRB3,NAALADL2,NECTIN1,NRXN3,OR4E1,PABPC4L,PARP11,PCTP,RGS5,RPL38,SMIM21,TENM3,TMEM38B,TOGARAM2,UNC119B,UNC5D,VAT1L,VLDLR,WRAP73
1693	AGPAT4,ANGPT2,ANKRD50,BBX,CDH2,CDYL,CNTN4,CNTN5,CNTNAP2,COL18A1,DOCK2,DOK5,E2F6,ENSG00000254201,ENSG00000287520,FRMD3,GPR137B,KATNAL1,KCNK9,M6PR,MED13L,MYC,NEFM,PALLD,PCDH10,PCDH15,PDE4B,PODXL,PPP1R14C,PRB3,PROK2,RAN,RBFOX1,RIMBP2,RNF126,SCCPDH,SHANK2,SLITRK6,SRRM3,STAP1,TAF3,TDRD15,TLE4,TPP2,UQCRFS1,WARS1,XRCC4,ZNF396
1694	ACO1,AGPS-DT,APP,ARGLU1,BCL3,BRIP1,CELF2,CENPC,COL4A2,CXCL12,DTHD1,ECRG4,EDARADD,ENSG00000260337,FBXL17,HS3ST3A1,ICE1,IFNGR1,INSR,KIRREL1,LINC02984,LRFN5,MLIP,MPDZ,MYOD1,NAV2,NCAM2,NCF1,NTSR2,PCDH15,PIGN,PRKCA,PTPRU,SAAL1,SCN3B,SEPTIN9,SGCZ,SGMS1,SH3GL2,SMARCA2,SOD3,ST7,TMPO,TSPAN9,TTC12,TTLL12,TUBB2A,VSTM2A,XPNPEP1
1695	AKR1E2,CAPZB,CARMIL1,CCNB1IP1,CDC50B,CDH18,CDH6,CFAP161,CLEC7A,COBL,DACT2,DTWD2,ENG,ENSG00000255639,FRA10AC1,FREM2,GLI3,HELT,HES1,IL16,KCNK9,KDM4C,KDR,KHDRBS3,KLF12,LEKR1,LINC01192,MSC,NAALADL2,NDUFA4,NRXN3,NXPH1,PLCG2,PLPPR1,PPP4R2,PRDM1,PRKD3,PRR16,PTPA,RGMA,RHOH,SEMA3E,SULF1,TFRC,TMEM200C,TRIM71,UGT2B28,ZNF28
1696	ADCYAP1,ADRA2C,AGA,C1QTNF9B,CAMK1G,CDH4,CHORDC1,CLEC16A,CNTNAP2,COBL,CRNDE,CSMD2,CYP2S1,DISC1,DPY19L2,DTWD2,DUSP26,ENG,ENSG00000286834,ENSG00000288862,GCFC2,HAR1B,IMMP2L,LINC02021,LMBR1,LPIN1,LRP1B,LY6S-AS1,MGAT4C,MYLK4,NALF1,NPRL3,PCDH7,PLOD2,PPFIBP1,PTGDR,RBM19,SNAP25,SOX11,STIM2,STK10,THSD7A,TMC2,VLDLR,YTHDF3,ZNF28,ZNF558
1697	AJAP1,AMY1C,ATF6,BCAM,BRINP3,CBLN2,CDH18,CDH9,CELF4,CIMIP1,CLDN1,COL15A1,CYP4Z1,ENSG00000251410,ENSG00000256407,ENSG00000267320,ENSG00000289710,FAM135B,FARP1,FAT3,FMN1,GRIK2,HSPB3,JAG1,KCNK9,KIF4B,KLF11,LHX5,LIN54,LINC01559,MTRR,NTPCR,NUDT12,NYNRIN,PADI1,PCDH7,PIWIL4,POM121L12,POTEI,PREX1,PRPSAP1,RTKN2,SP3,SUMF1,TACR1,TBC1D31,TBX3,TXN,ZNF860
1698	AFAP1L2,ATRNL1,CASP3,CHRFAM7A,CLIC4,DBX1,DLGAP2,DMBT1,EGFR,ENSG00000289710,FAR2,FBH1,FNDC1,IL12A,INTS10,LINC00605,MAP2K4,MSR1,PCDH7,PKN1,PRR20A,PVT1,RAB2A,SGCD,SGIP1,SHISA3,SLC39A10,SLC60A2,SPPL2B,SPRY2,ST6GAL2,SULF2,TAFA5,TCTN2,TDO2,TMEM123,TMPRSS9,TMX3,TPO,TRAPPC9,TSHZ2,TUSC1,VRK2,WAC,YWHAE,ZP4
1699	ADCY8,ADGRL3,AJAP1,AMPD3,ANKH,ARRDC4,ASB5,BACC1,BCKDHB,CADPS2,CCBE1,CCNE1,CD55,CD83,CELF4,CPA6,DNAH5,DNER,ENSG00000215156,ENSG00000287117,EQTN,FHIT,INO80D,JCAD,LEMD1,LRATD1,LUZP2,MAP3K7,MKRN3,NAXE,NEBL,NXPH2,ODAM,PGR,PKP4,PPP1R12C,PRDM9,PTPN3,RAB28,RNF144A,RYBP,SLC30A10,SLC35F4,SLC7A11,SLITRK5,STK32B,UPF2,ZNRF4
1700	ABHD5,ACSL1,ADAMTS20,ADCY8,AKR1D1,CA10,CBLB,CD6,CDC73,CDH4,COG6,CRPPA,CSMD1,CWF19L2,DHX35,DYSF,ENSG00000287520,FGGY,FOXO1,GPR26,IRF2BP2,ITPR1,ITSN1,KAZN,KRTAP21-2,LINC00924,LMO4,LRRTM4,MC4R,MLN,NAV3,NRIP1,NT5E,PARK7,PCDH10-DT,PCDH18,RAB11FIP2,RGS6,SLC39A11,ST3GAL1,THBS4,THSD4,TLL1,TMEM92-AS1,TRIB1,WARS1,ZNF195,ZNF777,ZNF83
1701	ADGRL3,AGTR1,BMP6,BTBD7,C16orf95,CBLN2,CDH13,CKB,CPNE4,CYP4F22,DGCR5,DSEL,EBLN2,ENSG00000286551,ENSG00000286864,ENTPD4,EPHA5,ERBB4,FAM241A,FER1L6,FHOD3,FNDC1,GAP43,GATA3,KLHL9,LILRA5,LINC02147,LINC02562,MAP3K8,MCTP2,METTL4,MEX3C,MRTFB,NPAS3,PCDH15,PCDH18,PTPRM,RESF1,RXFP2,SH3BP4,SOX14,SSTR4,STPG4,TAFA5,TENM2,TENM3,THEM4,USP24,VPS13D
1702	ANAPC4,BOD1L2,C6orf118,CASP7,CDH4,CHD1,CNTNAP2,DCLK3,DMAC1,DOP1A,EGFR,ENSG00000215156,ENSG00000259060,ENSG00000285218,ENTREP2,ERICH1,FAM107B,FOXO1,GABRB3,GABRG1,GLRX3,ID2,JAG1,MACROD2,MYO15B,NAALADL2,NPSR1,NTM,PCDH15,PCOLCE2,PDE10A,PGS1,PLEKHB2,PSD3,RBFOX1,RNF144B,RPS23,SACS,SH3TC1,SLC35F3,SOX11,SPG7,SRGAP3,STK39,TAC1,TARS3,TENM2,TNS3,TSPAN8
1703	ADGRL2,AKT3,AMPH,CBLN4,CDC50B,CDCA7,CDH12,CDH18,CHORDC1,CNTN5,CRELD2,CSGALNACT1,CSMD1,FGFR2,FHIT,FMNL2,GALNT13,GK5,GPATCH2,GRK5,GRM4,HS3ST4,HTR4,LINC01767,LINGO2,MAF,MAP3K7,MCPH1,MKI67,PDE5A,PDHX,PPFIA1,PPFIBP1,PRM1,PRR16,PSD3,REG1A,ROBO2,SEC23A,SGCZ,SH2D1B,TBC1D14,TFAP2C,TMPRSS3,TPK1,TRAM1L1,TRPM3,ZNF608,ZP4
1704	ABCC8,ADARB2,AKR1B10,ANKRD62,ARAP2,BHLHE22,BLOC1S4,C13orf42,CDIN1,COL4A2,CYP4F12,DLC1,DPP10,EDIL3,EEPD1,FAM66C,GALNT14,GLP1R,GPR158,GSKIP,KCNJ2,LAPTM4B,LRRTM4,MEIS1,MINAR1,MRPS10,MYOCD,MYT1L,NCAM2,NOS1AP,NR3C1,NRSN1,OLFM3,OXTR,PDZD2,POSTN,PREX1,PRG4,PRR5L,SGCG,SGSM1,SMCO4,STAC,SVEP1,TRIML1,WFS1,ZDHHC13,ZDHHC7
1705	ACTR3,ADGRL3,ARHGAP22,ASTN2,B3GALT1,BCL11A,BHLHE40,C11orf87,CDH12,CDH13,CMPK2,CNTNAP2,CPPED1,DCLK1,DLX3,EDEM3,EGFLAM,FAM135B,FARS2,GNB1L,GRIP1,HS3ST3B1,INTS10,KLHL31,LHFPL6,LHX9,LRIG1,LZTS1,MGMT,MIR646HG,NECTIN1,OLFM4,PLSCR5,PTER,PTPRU,RAI14,RFX3-DT,RNLS,RPTOR,RSL24D1,RUNX1,SBSPON,SHLD1,SPMIP7,SRBD1,SULF2,SUMF2,TNS3,ZNF618
1706	ACMSD,ADAMTS16,ADAMTS7,ADRA1D,ANKFN1,ANKRD36C,ANO4,ARL4A,ASIC2,CAMK4,CDH6,CDYL,CHST11,CNTN3,COX16,DEFA6,DENND3-AS1,DHX35,DOCK4,EDN2,ENSG00000286326,GRIN2B,HIPK2,HTR6,KCNIP4,KRTAP5-6,LPCAT1,LRRC3B,LUZP2,MGST2,MOAP1,NLRP4,NOVA1,OR1D2,PDE5A,PI4KA,PIK3AP1,PLPPR1,PTPRR,RASGRP1,RTKN2,STX7,SULF2,TEKT3,TENM3,THSD7A,TIAM1,TMEM167A,TRAF3
1707	ADGRL3,AGPAT4,ALOX5,BRD1,C4orf50,CPLANE2,CYP4F12,E2F3,EPB41L3,EVI5L,FAT3,GALNT13,GCC2,GIMAP5,HSF2,ING2,INPP4B,LEPR,LINC02113,LINC02422,LINC03124,LINGO2,LUZP2,MAGI2-AS3,MGMT,MRPS11,MYO3B,NPY,NT5DC4,OSMR,PABPC4L,PDE10A,PHACTR3,POM121L12,PTPRN2,RANBP3L,RBFOX1,RBM43,RDX,RESF1,RNF214,SLC15A1,SORCS1,TAMM41,TENM4,TMEM132D,TRAPPC11,UNC5B,VPS9D1
1708	ACER2,ADGRL2,ADI1,AKR1D1,ARHGAP21,ARRDC4,ATXN1,AUTS2,CSMD1,CSMD2,CXCL12,DAOA,DDX20,DEFA5,DOCK8,ENSG00000276742,FOXO3,FTMT,GNG2,GOLIM4,GRIN2B,HAND2,LYSMD4,MAP4K4,MED15,NDUFA10,NMBR,NOG,NR2F2,NTM,NUP153,PCDH7,PTPRG,RAP1A,SENP6,SERPINB8,SLC5A12,SLITRK3,SORCS1,SRI,STAC,TLL1,WDR59,WNT5B,YTHDF3,ZDHHC11B,ZDHHC23,ZFR2
1709	ABCB5,ASIC2,ATP11B,BICRAL,BORCS8,C16orf82,C1D,CACNA2D3,CARD8,CBLN2,CD93,CRPPA,CYLD,DCDC2C,DEPTOR,DGKB,DIO3,EDIL3,ENSG00000288696,ERC2,EYS,FGGY-DT,GALNT17,GCNT4,GPR158,GPR63,GRK3,IPMK,LINC00963,LINC01270,MACROD2,MAFB,MAP2K4,MYOM2,NAGK,NEURL1B,PTPRD,PYHIN1,RBM45,RPL38,THAP6,TMEM131L,TP63,TRIB2,UQCRFS1,UTRN,WRN,ZFPM2,ZNF641
1710	ADGRB3,BHLHE41,BNC2,C4orf50,CACNB2,CASP1,CD1E,CDH10,CDH4,COL22A1,CREB3L3,CSMD1,CYLC2,DIPK2A,DMRTA1,DSCAM,ENSG00000231811,ENSG00000287430,ERICH1,FAM174B,FAM209B,FSTL5,GALNS,GLIS3,GLRX3,GPR78,HEG1,INPP5B,KCNB1,LRRC72,MYL12A,NOCT,NTMT2,NTPCR,PDE1C,PDGFB,PHIP,POM121L12,POU1F1,PTPRD,RGMA,SI,SLC2A9,SNHG8,SORCS2,STXBP6,SUN1,SYK,VAT1L
1711	ADAM33,BCAS1,BCAS4,CACNA2D3,CADPS,CHGA,CTNNA3,DIRAS2,DLC1,DSCAM,ETV1,FCGBP,FGFR1,GLCCI1,HAUS8,IMMP2L,KCNJ2,LBX1,LINC02041,LINC02772,LRCH1,MPZL1,NOCT,NRXN1,OLFM1,PDE2A,PDZRN3,PFKP,PIGT,PLIN2,PTPRM,RELL1,REST,RYR2,SEL1L,SESN3,SEZ6L,SGPL1,SLC8A1,ST6GAL2,STAB2,STAT4,STIM2,SVEP1,TPD52L1,TRHDE,TUBGCP3,ZFP42,ZNF804B
1712	ABCA1,ABCC4,APIP,BCKDHB,BCL11B,BMP6,BOD1L1,C11orf58,C8orf34,CADPS,CCER1,CDHR3,CMPK2,CTNNA2,DHCR24,DPYSL4,DYRK2,ENSG00000230805,ENSG00000285566,ITGB3BP,ITIH5,JAK2,KCNIP4,KHDRBS3,KLF12,LUZP2,MLLT3,MPHOSPH6,OR11G2,PALLD,PARP10,PDE3A,PDZRN3,PIEZO2,PNPLA1,PTPRN2,RIPOR2,SEMA3E,SEMA5A,SLC12A7,SMAP1,SMPD4,TMEM132C,TMTC2,TNRC6C,TRMT61B,TYRP1,UNC5CL,ZNF85
1713	AATK,ABI3,ADRB2,CABLES1,CACNA2D1,CDH8,CDHR3,CHN2,CLDN24,DCDC2C,DGKD,DIPK2A,EFCAB10,ENSG00000189229,ENSG00000285566,FSTL5,GAS1,GGT1,GPC5,GRAMD1B,GRIN3A,HAO1,HBP1,HTR2A,IGSF8,MC3R,MECOM,MKLN1,MMP26,MYEOV,NSG2,PCDH15,PREX2,PRR5,SEL1L3,SGCZ,SKP1,SLC1A1,SMARCA2,ST18,STX11,SV2C,SYTL3,TLR4,TSHZ2,UROS,VSTM2B,ZNF229
1714	ADAMTS16,AMY1C,ANKS1B,APOLTP,ARMH1,ASB13,CAMK1D,CCNG2,CDC73,COL28A1,CYFIP2,DCTN6,DPP6,DSC3,DUSP4,EMP1,ENSG00000236376,EOMES,FBXO31,FHIT,FRMD4A,GCLC,GNAI1,GSTA4,IPO5,KIAA1549L,LHFPL3,MAN1A1,MYRIP,NOX3,ODAD2,P3H2-AS1,PCLO,PDE5A,PPP1R3B,RGMA,SDCBP2,SLC7A2,SNX9,SOX9,STX8,SYN3,TAF1C,TMEM132C,TMPO,UBB,USP38,VANGL1,ZNF723
1715	ADCY5,CACNA2D1,CCDC54,COL22A1,CSRP1-AS1,DUSP26,ELMO1,ELOVL5,ENSG00000274695,ETV1,GLI3,GPC5,HS6ST1,ID2,IGFBP7,IL10RA,INSR,IPO8,KCNA4,KIF6,LCE6A,LRP1B,METTL24,MSX1,NCAM2,NUF2,NUP214,PCDH20,PCDH7,PDLIM1,PLAAT1,PLCB4,PLXNA4,PTPRD,PTPRR,PYGL,RCL1,RFC3,RPS9,SAMD4A,SERHL2,SFSWAP,SMIM12,TBC1D22A,TRBV11-2,XYLT1,ZNF385D,ZNF608,ZNRF2P2
1716	ATPSCKMT,C16orf54,CACNA2D1,CHD5,CPA6,ENSG00000287923,ENSG00000288899,EYS,FGF12,FMO1-AS1,GABBR2,GALR1,GNAL,ISM1,KMT2E,LINC01891,LINC02610,LINC03083,LINGO2,LURAP1L,MACROD2,MORN5,MRGPRX1,MYRIP,NDN,NELL1,NUGGC,PALM2AKAP2,PCDH7,PPP4R2,PRELID2,PRKD1,RFX8,RTN4RL1,SDHAF3,SERPINB7,SETMAR,SGCG,SH2D1B,SIRPB1,SOHLH1,SPDYE21,TMC3,TNS3,TTC32,TTC7B,UGT3A1,USP31,ZNF385D
1717	ADGRE3,AEBP2,BCHE,BLOC1S6,CDC5L,COG2,CPPED1,CSMD1,DCDC2C,EDEM1,EFR3A,ENSG00000276282,ENSG00000276672,ENSG00000286221,FBN2,FHIT,FMO2,FOXP1,FSTL5,GABRG3,GPC6,HLX,KCTD15,KIF4B,LBH,LOXL2,METTL15,MKRN3,MYB,MYT1L,NTAQ1,PID1,PITPNC1,PLXDC2,PPP1R3A,PRKG2,RAPGEF2,RBFOX1,RNF13,RORA,RWDD4,ST6GAL1,SUSD3,SYNPR,TMA16,TMEM114,TRIML1,TUB,WDR17
1718	ABHD11,AJAP1,AK1,ANK3,BCR,BRINP3,CACNB2,CARD8,CARS2,CCDC80,CIMAP1D,CYP2U1-AS1,CYYR1,DNER,DRC4,EGFR,ENSG00000273167,ENSG00000287161,FOXI1,GATA3,GKN2,GRIN3A,GUCY1A1,HLF,IDO1,ILVBL-AS1,IRAK1BP1,IYD,KCNE4,LEMD1,LRATD1,MDFI,MZT2B,NIPSNAP3A,PCDH7,PCMTD1-DT,PLSCR5,POM121L12,PSD3,SALL1,SDK1,SGCZ,SNX4,SORCS1,TMPRSS15,TMX3,TNFRSF10B,ZBTB38,ZNF460-AS1
1719	ACSM6,ADAM29,ARHGAP11A-SCG5,BCL11B,BOD1,CDH18,CDHR3,CEP170,CLEC6A,CNOT1,CPB1,CPEB2,CPNE4,DCDC2C,DOK5,DPP10,EBF3,FNDC1,HACE1,HS3ST3B1,IPO5,JHY,KCNF1,LARGE1,LRP8,LSAMP,MARCKS,METTL5,MKKS,NEK6,NIBAN1,NTM,NUTM2A-AS1,NXPH1,PLOD2,PTPRD,RAI14,SELENOW,SLC13A1,SNTG1,SP4,TAAR2,TBC1D1,TEAD1,TENM4,TLL1,TRDMT1,TRPC4,WWOX
1720	ADGB,ANO2,ARAP2,ATP5F1C,CA10,CACTIN,CD163L1,CDA,CEBPB,CFAP46,CIMAP3,CLSTN2,CNR1,CNTN5,CPM,CRLS1,DEPDC1,DNAH17,DPY19L3,DYNC2H1,EEF2KMT,ENSG00000254277,ENSG00000272361,ENSG00000284906,FAM135B,FGF1,FHIT,FRMD4A,FSTL5,GFRA2,IRX1,KLHDC4,LDB2,LDHA,LINC02561,LINS1,MIA,MT1B,NECAB2,NKX6-1,RBMS3,SAMD12,SCARB1,SIX2,SLC1A3,ST6GAL2,TRPC6,WIPI2
1721	ADGB,ADGRL2,ATP10B,BCR,CCNA1,CD55,CDH6,CHST15,CRADD,CYB5R2,DIPK2A,ENSG00000273957,FAM110B,FRG2C,GCNT1,GPATCH2,HS3ST1,ISX,JAZF1,KCNJ2,LINC00504,LINC02506,LINC03150,LRRC30,MGST2,MPHOSPH6,MRPL39,MTTP,NCR2,NTRK3,NUDT7,PLEKHG7,PRKG1,PTPRU,SEC23A,SFMBT2,SLCO3A1,SNX4,SP5,SPATA31C2,ST8SIA2,SYT9,TAFA5,TASOR,THEMIS2,TMCO4,TMPRSS15,WT1,ZNF532
1722	ADAMTS15,ASB1,ASPG,B4GALT5,CBLB,CNTN6,CRHBP,DNAI7,DTNA,ECE1,FAM181B,FBN2,FRMD1,GC,GFRA1,GNG2,GRM8,HDGFL1,LAMA1,LINC00667,LRRC27,MAGI2,MARCO,MAX,MFGE8,MPPE1,MRPL36,MRPL39,NABP1,NCBP1,NCMAP,NSUN2,PLIN2,PRDM15,PXYLP1,RAB17,RGMB,RYR3,SFMBT2,SHH,SIRAL2,SLC24A3,THSD7A,TIGD4,TREML1,TRHDE,VLDLR,ZNF276,ZNF577
1723	AGPAT5,ARAP2,CALB2,CAST,CDH13,CNTN5,COL22A1,DRAM2,DRC8,DSCAM,ENSG00000235007,ESM1,ETS1,FAM124B,FZD8,GNG2,GRID2,IFNAR1,IGLV3-27,JAK2,KCTD12,L3MBTL3,LARGE1,LINC03082,MDGA2,MRM1,MUC20-OT1,NKAIN2,NPTX2,NRSN1,PACRGL,PTH2R,RGS6,SCARB1,SGCZ,SLC14A1,SMARCA2,SST,TACR3,TBPL1,TMEM132B,TOP1MT,TRDN,TRIB2,TRIM61,UNC13C,WDR62,ZNF648
1724	ANKRD46,AUTS2,BCL11B,CASP3,CNTN5,CTNND2,DBH,DEFA5,ENSG00000228048,FBLN1,FBXO25,FGF2,FRG2C,FRMD6,GRB14,INTS4,JCAD,KCNA2,KCNS3,KRTAP8-1,LATS2,LRRC32,LSAMP,MAP3K4,MAPK10,MIR99AHG,MPHOSPH6,NKX6-1,OSBPL10,PON2,PRDM9,PRMT6,RARB,RIPK4,RPL10L,SASH1,SEZ6L,SHANK2,SORCS3,SPTLC3,SV2B,TENM3,THADA,TPM1,VAV2,VRK1,ZFPM2,ZFYVE28
1725	ACTN1,ADM,ARAP2,CBLN2,CFAP46,CMIP,CNTN5,COL4A2,DEFB131A,DGCR5,ENPEP,ENSG00000285566,ENSG00000289710,ERBB4,FBLN2,GPD1L,GREM2,LINC00877,LINC01018,LSM8,LTBR,MAGI1,MAGI2,MAP3K21,MED30,MRE11,MRPS6,MYO10,NAALADL2,NADSYN1,NEGR1,NFATC2,NKTR,NPFFR2,OLFM4,OR9K2,PRR23E,SGCG,SIX2,SLC22A23,SLC2A5,SOSTDC1,STIM2,SV2C,USP12,XXYLT1,ZNF283,ZNF320
1726	BCL2A1,CAMTA1,CAPN5,CAV3,CBLN4,CCDC179,CES1,CYLD,DPP6,ENPP6,EYA1,FAM110A,FSCB,FUT9,GDE1,HTN1,IADEN,ING3,JAG1,KLRK1,LINC01839,LINC02402,LRATD2,LRRC20,LSAMP,MARK1,MGAT5,MSI2,OAS2,OPRM1,OS9,PRDM9,PRKCE,PRR29,QDPR,RBFOX1,RGS3,RNF212B,SERINC5,SPAG17,SYT13,TAFA2,TNFSF14,TOP3B,TRAPPC12,TRIM9,TRPS1,UBE2D3,UBE2U
1727	AMY1C,APBB1IP,BHLHE40,BRINP2,BRINP3,CCSER1,CTBP2,CTBS,CTLA4,DAOA,DGKB,DNAH14,DYNLRB2,ECI2,ENSG00000249290,ENSG00000259363,EPCAM,ERVK13-1,ETS1,EYA2,FAM98A,FCRL5,IMMP2L,ISX,JARID2,KCNF1,KLF13,LINC01273,MGMT,MON1B,MRPL39,NDRG1,PAK5,PAPPA,PCDH17,PCDH7,PDGFRA,RAB6B,RBMS3,RHOU,RIT2,SFXN4,STIM2,TNS3,TOX3,UBTD2,WDR59,ZPLD1
1728	AKAP12,ATP10A,CA10,CAMTA1,CLSTN2,CNTNAP2,COX10,COX15,CPNE4,CTNNA2,DGKB,DNAH5,DPT,EBNA1BP2,ENSG00000272362,ETNK1,FADS3,FBXO11,FRMD4B,GABRB3,GALNTL6,HELT,HS3ST4,JARID2,LAMA5,LCE1A,MAX,MEG8,OLFM3,OR52K1,PCDH7,PDE10A,PIK3AP1,POMZP3,PRAMEF4,PZP,RAB6C,RBM46,ROBO2,RPL9,SEC23B,SLITRK6,TCERG1L,TMEM132D,TNFRSF11B,VSTM2A,ZNF462,ZSCAN5A
1729	ADGRL3,AGR2,ANKRD7,AQP4,BEGAIN,CDH6,CEMIP,CFAP100,CHL1,CNTN5,CPT1A,CRYL1,CYP1B1,DCT,DOK5,ELP1,ENSG00000273167,ENSG00000285082,ENSG00000287505,FGF9,FHIT,FMNL2,GABRG3,GFRA3,GLIS3,GPR158,IYD,KCTD16,LHX8,LRFN2,LRP1B,LURAP1L,MYLK4,NXPH1,PRDM9,PTPRD,RGS13,RNF144A,SERPINB8,SERTAD2,SORCS1,TAFA5,TAMM41,ZBBX,ZDHHC17,ZDHHC22,ZNF648
1730	ACSS3,ADAMTS10,ADGRB3,ADGRL3,AGAP1,ATL2,ATP11B,BOD1L1,CDC42EP3,CDH9,CHSY3,CPNE4,CSMD1,DAB1,DLGAP1,EDARADD,ENSG00000230333,ENSG00000272297,EXT2,FNBP1,GABRG3,HLA-DQA2,IRX4,KCNRG,KIF2B,KLF4,KPNA1,LRATD2,LUZP2,NCAM2,NEDD4L,NFASC,OLIG3,OR4E1,OR4N2,PRMT6,PSG1,RAMP1,RRM2B,SUCLG2,SYT4,TCERG1L,THSD7A,TPK1,TSPEAR,ZBTB16,ZNF496,ZNF608,ZWINT
1731	AKAP6,ATXN3,BCR,CIMIP1,CMTR2,CSF3R,DACT2,ENSG00000251410,ENSG00000289477,ENSG00000289546,EPAS1,FBLN1,FSTL4,FSTL5,FZD8,GAB1,HRH1,IL20RA,IMMP2L,IRF2BP2,IRS2,IVNS1ABP,KCNB2,LRRTM4,MKLN1,MRPL13,MYH9,NCAM2,NCKAP5,NOL10,NOS1,NSMCE2,NUDT12,PELI2,PLD5,POMGNT2,PTGER3,RAB31,RASSF10,RGS2-AS1,SCYGR8,SLC4A4,SOX5,STIM2,STK32A-AS1,TMCC3,TRARG1,ZPLD1
1732	ACSL5,ADARB2,ADGRD1,ALK,BPNT2,CNTN5,DKK2,ENSG00000251410,ENSG00000263033,FAM168A,FFAR2,GABRR1,GPR107,HECW2,HES1,HMHB1,IMMP2L,KCND3,KIF16B,L3MBTL4,LMF1,MAP3K20,METTL21A,NAV2,NELL1,NOSTRIN,NXPH1,OTOR,PCDH9,PSD3,RBAKDN,RELN,SEPTIN11,SGCZ,SLC1A1,SLC25A46,SLC2A1,SORCS2,SOX11,SSPN,TBCA,TMEM14C,TNIK,UQCRFS1,XAF1,ZIC4,ZNF697,ZNF93
1733	ADGRD1,ANXA13,C10orf143,CNTN4,CNTN5,CNTNAP2,COL6A3,CSMD2,CSRP3,EYS,FGF20,FLT1,GPC6,HEATR5B,HTR7,ID4,KIFC3,LINC00923,LINC02616,LMX1A,MAP3K1,MRI1,MSI1,MYO1D,MYO7A,NCAM2,NOS1,OPA1,POLR1E,PREX2,PRKG1,PRLR,PTCHD4,RNF150,SCYGR7,SLC12A7,SLC2A9,SOCS3,TBX19,TMEM38B,TMTC2,TOX3,UST,UTRN,XPOT,YWHAE,ZNF804B,ZNF83
1734	ABLIM1,ADCYAP1,ALPK2,C9orf72,CCDC179,CCDC182,CCDC28A-AS1,CDH4,CDH8,CNTN5,CTNND2,CXADR,DTWD2,ENSG00000255438,ENSG00000284676,FIG4,GNPDA1,HAS2,HMGB1,HTR4,KANK4,KDM4C,LARGE1,LINC02268,LRRC3B,MAGEF1,NAPA,NRXN1,PDHA2,PGCKA1,PHACTR3,PLGRKT,PSD3,RAP1A,RHOH,RPL15,SEPTIN5,SLC25A21,SNX16,SOX17,SOX5,TBL1XR1,TBX15,TBX3,TENM3-AS1,THSD7B,TRIM25,UBE2QL1,ZFP42
1735	ANKRD62,ANO2,ASTN2,BACH1,CALCB,CCDC102B,CCDC71L,CCL4,CNTN3,COL15A1,COPS8,CSMD1,DYNC1I1,EFNA5,ENSG00000259164,ENSG00000272277,ENSG00000286689,ENSG00000286833,EVC,FSCB,GABRG2,HERC6,IRS2,JAK2,LARGE1,LINC01839,LRRC7,MYO10,NFASC,NFATC2,NTN4,NXPH1,OTUD3,PARD3B,POLR2D,PROK2,QSER1,RPTOR,RSL24D1,SAMD4A,SCGB3A2,SGIP1,SLAMF1,TLN2,TMEM119,TPK1,UGT2A1,UGT2B28,UTRN
1736	ABRACL,ANGPT1,ARSB,ASAH1,ATXN3,CD109,CDIN1,CNTN4,CNTN5,COP1,CTNNA2,DPP6,EMX2,GBP3,GLIS3,GOT2,GPR45,GUCY1A1,JARID2,KCNIP4,KCNN3,LATS2,LINC01060,LINC02718,MGST3,MORN1,NDUFA10,NMT2,PHACTR1,PROX1,PTBP2,QKI,RSPRY1,SDHAF3,SLC20A1-DT,SLCO1B3,SOX11,SYNDIG1,SYNE1,TCIM,TMCO5A,TMEM132C,TMEM135,TMEM178B,TOGARAM2,TPRG1,TUSC3,UBA52,WDR11
1737	ABLIM3,ADCY8,ADGRL2,ANKRD30A,ANKRD7,BUD13,CDH10,CDKAL1,CFAP20DC,CMTM8,CNTNAP2,CTSH,EDEM1,ENPP6,ETFB,FAM174B,FBXO8,FOXL1,GNAI1,GPCPD1,HAND2,HTATIP2,IRF2BP2,KBTBD8,LAMA1,LINC02032,MED13L,MIR3147HG,MSI2,MTUS1,NETO1,NFATC2,PAPOLA,PDE10A,PDE4C,PLD2,PNPLA1,POC1B,POM121L12,PRSS1,PTPRD,RPL38,SLC25A51,SLIT3,SMIM1,SNX5,TAFA5,TENM3,TSHZ3
1738	AKR1D1,AMY1C,BABAM2,C12orf50,CACNA1A,CBLN4,CDH4,CDH9,CLVS1,CNTNAP5,DAB1,DCLK1,DISC1,DLGAP1,DPP10,EFNB2,FAM124B,GATA3,GREM2,HCRTR2,HSPH1,KAZN,KIAA1217,KRT7,LAMA2,LHFPL6,LINC02021,LSAMP,LYPLAL1,MAD2L1,MAF,MIA,NANOS1,NOX3,NPR3,NXPH1,PACRGL,PIRT,PLD1,SEM1,SETBP1,SNTG1,SNX9,SPSB4,STK35,UBE2D1,VPS4B,WDR1
1739	ADAMTS16,AFF3,AGAP1,C10orf90,C1QB,C4orf33,CNTNAP2,CTBP2,DAOA,DOK5,ECT2L,ENSG00000285082,EPHA4,FAM184B,FSTL5,GSG1L,HGF,HUNK,IREB2,KBTBD6-DT,KBTBD8,KIAA1217,LINC02109,LINC02851,LINC03125,LRRC3B,LRRTM4,MSH2,MYT1L,NPAP1,NPSR1,PIK3C3,PRKCH,PXDNL,RBFOX3,RNF8,SH3GL2,SLC35B3,SLC39A10,SNRNP40,SPRY2,ST3GAL1,SYBU,TAFA5,TEX35,THSD4,TSPAN5,ZNF804B
1740	ACSM5,AFAP1L2,AGAP1,ATP1B1,BACH2,BCAS4,BIK,C7orf78,CADM1,CAVIN4,CCSER1,CDH20,CECR2,CEP120,DNAJB6,DOP1B,DPP6,ETS2,FAM135B,FGF14,FZD8,GAS7,HDGFL1,IRX3,ITGB2-AS1,LARP7,LYRM2,LYZL1,MTPN,OR52B2,PCDH7,PTPRD,RBP1,RIT2,ROBO2,ROS1,RUBCNL,SEMA6A,SESN1,SGMS1,SLC7A2,SLCO4C1,TCERG1L,TLN2,TMEM132B,TMOD1,TMX3,TNFRSF19,ZNF804A
1741	ABLIM2,AGA,AP3M2,APP,ARL4C,ATF7IP2,CASC15,CDH11,CENPC,CERKL,CHORDC1,CLIP1,CNTN5,CPXM2,CRYBA4,DAB1,EPB41L4A,F13A1,FAM135B,GNG7,GPC5,HACD3,IGFBP7,IGLL5,LIG4,MYLK4,NUDT5,OR4E1,PHACTR1,PITPNC1,PLOD2,PRODH,PTPN5,PXDNL,RNF144B,RNF32-DT,RNF4,SH2D1B,SLC22A23,SLC6A1,SLITRK1,SORCS1,STXBP6,TSNAX-DISC1,TUSC3,VEGFC,VWC2L,ZNF236
1742	AADACL3,ADAMTS12,ADAMTS2,ADRA1A,ANTXR2,ATP8B2,BET1,C1QL2,CELF2,CNTN4,CPS1,CSMD1,DDX59-AS1,DLX4,EDAR,ENSG00000206356,ENSG00000289095,ERICH1,FGL1,FUT9,GAB4,GAS1,GRM7,IL21R,LINC00433,MMP26,MSI1,NAT2,NCAM2,NEB,NFATC2,PREX2,PRKN,PTPRN2,PYHIN1,QKI,RFX2,SEMA6D,SGCZ,SMIM12,SPHKAP,SYNPR,TBC1D32,TENM2,TENM3,TLR3,UNC13C,UQCRFS1,ZMIZ1
1743	AKAP6,AMY1C,ANGPT1,ARL4C,ASGR2,ATXN1,BLOC1S5,C3,CADM1,CDC42BPA,CEMIP,CPA6,CSMD1,CSMD2,CTNND2,DDX10,DYRK2,ENSG00000287117,ERBB4,EXOG,FSTL5,GLYR1,GPC5,IFNLR1,LGALSL,LRRC1,LRRK1,MTPN,MYO10,NANOGP8,NCALD,NMRK1,PDGFB,PTPRD,PTPRE,RAMP3,RBM47,RXRA,SCRN3,SCYGR8,SHISAL1,SLC46A3,SLIT1,SNTG2,STAC,SUB1,TRAV30,VAT1L,ZFHX3
1744	ADGRE5,AGA,APCDD1L,ASB3,C6orf118,CCDC68,CCL1,CDK5RAP2,DLGAP1,ENSG00000230746,EPHA4,FCHSD2,HMCN1,IPO8,KLF4,LHFPL3,LRFN5,LRP1B,LUZP2,MACROD2,MAP2K4,MC4R,MED27,MICAL3,MTCL1,NRIP1,PCDH10,PMAIP1,PPP2R2B,PRDM5,RAMP3,RUNX3,SERPINB12,SGCD,SHISA9,SLC22A23,SLC24A3,SLC25A48,SLC8A1,SPHKAP,STIM2,TBPL2,TRHDE,TRIB1,TRPM6,TTC4,ZNF385D,ZNF596
1745	ABI1,ADGRL3,ADGRV1,ATP8A2,BMAL1,CDH9,CHD1,CLNK,CMPK2,COBL,CPE,CTNNA2,DSC3,ERCC6L2,FAM171A1,FAM98A,FZD10,GABRG2,GATA3,GRXCR1,GSTP1,HS3ST1,HYCC1,ISX,LDB2,LINC01887,MCPH1,MDH1B,MLLT3,NBAS,NCAM2,OPRK1,PDE1C,PERP,PLOD2,POM121L12,PPL,QRSL1,REEP3,SEPTIN2,SHISA9,SPRY1,STIM2,SYNPR,USP25,ZBTB40,ZPLD1
1746	ADCY2,ADGRL3,AKR1D1,ANKRD55,ATP5MJ,BPNT2,CARD19,CCDC150,CDH4,CMPK2,COBLL1,COL14A1,CSMD2,ENSG00000267199,EPS8L1,FAM181B,FHL5,FMN2,GPC5,GRHL2,ITGA11,KCNIP4,LRP1B,MAN1A1,MARK4,MOCS1,MRPL39,MT1H,NAV2,OPRK1,OSBPL5,PARD3,PCM1,PSG2,PTPRU,RAB6C,RPS3,SH3BP4,SOX17,SPCS3,SPINK4,STC2,STOX2,TAS2R1,TBL1XR1,TLN2,TMPRSS15,TXNL1,UFM1
1747	ABI3BP,ADGRL3,ANKH,ASAH1,CANX,CAPRIN1,CCDC60,CDC73,CELF2,CHN2,CSMD3,DAP,DDX60L,EIF4E3,ENSG00000229321,ENSG00000255477,FAM114A1,FGF12,FMN1,FSTL5,GABRG2,GPC5,GRIP2,HHIPL2,ISG20,KCNB2,LCMT1,LHFPL6,LRCH1,MCPH1,MINAR1,MOBP,NUB1,OLFM3,PARVA,PLCB1,PTPRK,PZP,RASGEF1B,SALL3,SLC44A5,SLCO4C1,SMYD3,STMN4,TBX18,TFAP2C,TRIB2,VAPA,ZNF644
1748	ACAA2,ANXA1,APTR,BANP,BCKDHB,BMP2,BTBD3,CADM2,CLEC11A,COL24A1,CSMD1,CX3CR1,DNAJC1,DSEL,ENC1,EYS,FAM86C1P,FHIT,GALNT2,GNPTAB,HACE1,IER5,IPO5,IRX2,KCNJ6,LINC01980,LINC02218,LIPC,LMTK2,MCTP2,MYO10,NEIL3,POLE4,PRR27,RFX3,RFX6,RGS5,SDK2,SLC35F4,SV2C,TBL1XR1,TMEM114,TPD52,TPTEP2-CSNK1E,TRMT9B,VPS13C,ZNF385D,ZNF608,ZNF677
1749	ADCY2,ADGRB3,AGA,AGMO,AKAP6,C1QTNF7,CAMK1D,CD24,COBL,COL12A1,DIO2,ENSG00000235281,ENSG00000285566,ENSG00000288038,FAM110B,FAT4,FHIT,FLRT2,FRRS1,GATA3,GLRB,GNPTAB,HJURP,HMGCLL1,HS3ST3A1,IGLV2-14,KIF26B,LRRC4C,MRPL13,NHSL1-AS1,OCA2,OSBPL1A,PCDH7,POM121L12,QKI,SCN11A,SLC5A4,SMASR,SSUH2,ST6GALNAC3,STK32B,TMEM114,TMEM14A,TRDMT1,TRPS1,UMAD1,ZNF217,ZNF419
1750	ACO1,ANKDD1B,ATXN1,CDCA7L,CDK5RAP2,COL23A1,CTIF,DLGAP2,DSEL,DUSP10,ENSG00000267383,ETV1,ETV6,ETV7,FKTN,FLVCR1,GLIS3,GRK3,GRK5,HMCN1,HS3ST3B1,HTR2A,IRX2,LEPR,LINC02397,LINC02613,LRFN5,MECOM,NEK6,NFKB1,NOX3,NRXN1,NXPH1,PCSK2,PDE4B,PLD5-AS1,PRKN,PTPRD,PTPRO,RYBP,SGCZ,SLC25A13,TEX29,TIAM1,TMEM167A,TRIB1,UGT2B7,WAC-AS1,WDR62
1751	ADGRF1,ANO5,BUD13,CCDC50,CD8B2,CELF2,CNTN5,CTNNA2,DIRAS2,DOCK10,EFNA5,ELAVL2,ENSG00000260573,ENSG00000289710,EYS,FAM193A,GRAMD4,HIPK1,IGFBP7,ITGB2,LRP1B,MCTP2,MRPL39,NAGK,NSMCE4A,NYAP2,ODR4,ONECUT3,OR1L3,OR4N2,PITRM1,PLXNA2,POM121L12,PRICKLE2,PTPRD,SI,SLC35B3,SOCS6,SPMIP3,SPRY2,STAB2,SUCLG2,TGM6,TNFRSF1B,TNRC6A,TSN,UTS2,WDR17
1752	ABLIM1,ADAMTS9,AGA,AGTRAP,BAMBI,BRD3,CAMTA1,CBLN4,CCNO,CCRL2,CCT7,CDH8,CEP20,CFAP77,CHCHD3,CLASRP,CTC1,CYB5A,DAOA,DNM3,DRC8,DUSP4,ENSG00000287042,FBLN2,GRIK3,ICE2,KAT2B,LRATD1,MLKL,MYOM2,NAMPT,NECTIN2,NEFM,OSBPL1A,PLA2G4A,QDPR,RARB,REEP3,ROR2,RORA,RPS24,SLC30A1,SYNJ2,TBXT,TEX51,TNR,UACA,UBE2E3,ZNF516
1753	ALG5,APPL2,ATL2,ATXN7L3B,CARD11,CDK13,CST3,DOCK4,EIF2D,ELMO1,ENSG00000289710,ENTPD6,FBLN1,FBXO33,GLRX3,IGFBP7,JAKMIP3,KCNA5,LCORL,LOXL2,MAFB,MCPH1,MRPL18,MSC-AS1,MYT1L,NMU,NTN1,OAS1,PCDH15,PIK3C2G,PLA2G2A,PSMG1,PXDN,RGS5,SENP6,SGCZ,SLC2A14,SLC47A1,SNX16,SORCS3,ST3GAL4,SYNE2,SYT6,TAFA5,TENM2,TMEM132D,TSPAN15,UGT2B15,YBX3
1754	CAMK1D,CCDC54-AS1,CCSAP,COL6A3,EIF2AK4,ENOSF1,ETNK1,FAT1,FMO3,FTMT,GAP43,GFRAL,GHRL,HDAC4-AS1,HS6ST1,IMMP2L,IRX1,ITGA4,KCNE4,KCNK10,KHDRBS3,KLF4,KLHL1,LARGE1,LINC00963,LMNTD1,LMO3,LRRTM4,MAGI2-AS3,MALRD1,PABPC4L,PCDH15,PLB1,PRKCQ,RFC3,RPL27A,RPS29,RUNX1T1,SHH,SLC2A2,SMIM36,STAC,SUB1,SV2B,TBC1D22A,TMPRSS4,TNPO1,ZNF486
1755	ADAMTS5,AGA,ASB3,ATOSA,CACNA1E,CASP5,CDO1,CHST11,CNTN3,CSMD3,CT69,DEFA5,DOK6,DSCAM,DTHD1,EIF4G2,ENSG00000285082,ENSG00000288903,EPHA5,ETS1,FHL3,GABRG1,GLO1,HTR5A,KBTBD12,KIF19,LDB2,LINC02218,LINC02610,MGLL,MSR1,NAF1,NRSN1,OPRM1,PCDH20,PDHA2,POU3F3,PTTG1IP,RIPOR3,RXRA,RYR2,SFSWAP,SLFN13,SORCS1,TLK1,TMEM176B,TMEM63C,WDR11,ZNF804A
1756	ADA,BMP2,BMPER,CBLN4,CHSY3,CTBP2,CYB5A,CYP4F2,DDC,DNAH5,DNAJB6,DSCAM,ENSG00000255801,ENSG00000286291,ENSG00000288075,EPHB2,FAM135B,FGD4,GLO1,GPM6A,LOXL2,MAD2L1,MBL2,METTL15,MSANTD4,NBAS,NDUFAF5,PLCB1,PLSCR5,PSAT1,RAB31,REG3G,RGS7,RHOU,RRP1B,RXRA,SHH,SLCO1B1,SS18,SUMF1,SYTL3,TENM3,TFAP2B,TMPRSS15,TRIM14,UBE3A,WNT5B,YWHAZ,ZNF804B
1757	ATXN10,BAIAP2L1,BTG1,CBLN1,CDH26,CNGB1,CPEB2,DLC1,ENSG00000258454,ENSG00000283563,EPHA5,GADL1,HMCN1,HS6ST1,IGFBP7,IRAG1,ISX,KCNJ4,KCNMB2,LINC02718,LVRN,LY86,MCTP2,METTL4,MTRR,N4BP2L1,NAV2,NDRG1,PIEZO2,PITRM1,PLXDC2,PPFIBP2,PPM1H,QDPR,RFPL2,RGPD4,RNF112,RORA,RWDD3,SMIM1,SNTG1,SPDYE21,THAP5,USP25,USP43,USP46,ZFP36L1,ZNF883
1758	ATP13A4,CACNA1E,CACUL1,CDA,CYB5A,DAAM2,DCLK3,DGKD,EGLN3,EIF3H,ENSG00000283674,ERBB4,FAM86B1,FIRRM,GJB6,GLRX5,GSTA4,GUCY1A2,GUSBP1,HACD4,HAND2,IMPG1,IRX1,KCTD12,LAMB3,LINC02175,MAP3K4,MORF4L1,MRPS9-AS1,NR2F2,PABPC4L,PCDH18,PKN2,POM121L12,PUM3,SEMA6D,SHANK2,SMOC2,SPINK1,TAFA5,TEK,TENM3,TENT4A,THAP5,TNIK,TRPC6,USP29,ZNF648
1759	ACSF3,ANGPT1,ARHGAP28,BMP6,C9orf72,CARD11,CLDN16,CLYBL,CRIM1,EIF4A3,ELAC2,ELOVL5,ENSG00000272211,EPSTI1,ERAP1,GPR149,HADHB,IRAK1BP1,IZUMO3,JCAD,LIN54,LOXHD1,LRRC7,LRRTM4,LUZP2,MIR646HG,MPHOSPH6,NPHP4,OTOL1,PABPC1,PALM2AKAP2,PCDH7,PLXNA2,RBFOX1,RFX2,SCAF8,SEL1L,SEM1,SEMA5A,SGCZ,SGPL1,SRGAP3,SULT2B1,TBC1D32,TENM3,TRIML1,VWA3B,VWF,ZNF385D
1760	ADGRL3,AKAP13,ALDH9A1,AMOTL2,APOA5,ASIC2,ATP11B,BCHE,BTG1,CAMK1D,CCDC179,CENPF,CFAP36,CHRNB3,CLDN23,COBL,COL11A1,CYRIA,ELK3,FCRL5,GADL1,GLRX3,GRID2,HS6ST1,HTR2A,INTS8,KDM1B,KIAA0513,MAGI1,MDGA2,MSX1,MTRR,NCAM2,NEGR1,NPTX1,NPY2R,PKP1,PTPRG,RTL6,SLC6A5,TAGAP,TM4SF1,TRPC6,VSTM2A,VSTM2B,ZBP1,ZFP42,ZFPM2
1761	ABLIM3,ACTRT2,AGBL1,AJAP1,CSNK1G3,DCC,DDX18,EDEM1,ENSG00000259005,ENSG00000283563,ERICH3,EYS,F11,FMO2,GALNT18,GALNTL6,GPC6,H3Y1,ITGA8,KCNJ6,KIAA0930,LINC00507,LINC01517,LSAMP,MARCHF11,MTRF1,MYCBP2,NCAM2,NOD2,PIK3C3,PLOD2,PSMG3,RASEF,RESF1,ROBO2,SERTM1,SLC10A2,SLC22A16,SORCS1,SPRY1,TLL1,TMEM163,TMEM178B,TMEM215,TMTC2,TYW1,VAV2,XXYLT1,ZNF385D
1762	BIN1,CA10,CDA,CDCA7L,CDH18,CHAF1B,COL15A1,CYP27C1,DHX34,DOK5,DPP6,ENSG00000224239,ENSG00000257456,ENSG00000268362,ENSG00000285566,ERICH6B,FAM13A,FOXN3,ICE1,IPMK,ITGA6,KCNJ15,KLF7,LARGE1,LGALS16,MBL2,MBNL1,MCPH1,MFGE8,MREG,MX2,MYO16,NBAS,NLRP3,OPRM1,PCDH7,PCNX1,PFKP,PGRMC2,PLLP,PLXDC2,PLXNA2,SALL4,SLC35G4,SLITRK6,TESC-AS1,TMEM45B,TSPAN9,VEZT
1763	ACTRT2,ANO5,APOL2,COBL,CSRP1,DSCAM,EFCAB6,EFNA5,ENSG00000287117,FARS2,FRMD4A,FRMD6,GGTLC1,GNAS,GSE1,ICA1,ITGA6,KDM4B,LIMS1,LINC01594,LINC02109,MAP3K21,MGMT,MYC,MYOM1,NDN,NDUFB4,PCSK5,PLPP3,PRKD1,PTPRM,PTPRS,PTPRT,PWRN1,PXDNL,RAB37,RAB38,RBP3,RINT1,SLC2A1,SOX11,SPOCK1,SULF2,TG,TSEN15,VPS41,VWDE,ZNF385D
1764	ABTB3,ADAM12,AGA,AKR1D1,ASTN2,BTBD3,C1orf94,CCDC8,CCSER1,CDH13,CDH18,CDH7,CNTN5,COBL,CTNNA3,DAB1,DAOA,FHIT,GDPD1,HNRNPA1L3,HSD3B2,JHY,KCNH7,LRRC7,LSM3,LUZP2,MRPS28,MSX1,NDUFV2,PPIL2,RGS6,RNF32,SAMD12,SEL1L,SESN3,SFRP1,SIM2,SLC24A3,SLC39A11,SLC7A11,SOX30,SPRED2,TBL1XR1,TIAM2,TMEM165,TTC5,TUSC3,WDR1,ZFP42
1765	ARHGAP18,ARHGEF28,BICD1,C1orf87,CA8,CACNA1S,CDH8,CHRM2,CKAP4,CSMD1,DSEL,DSG2,EFCAB6,EHF,EIF4G2,ENSG00000250658,ENSG00000274767,EPG5,GAS7,HS3ST1,HTR7,KCNS3,LINC02446,LRP1B,LSM6,MACROD2,MAN2A1,METTL4,NDUFA4,NETO1,NPSR1,OPRM1,PATJ,POPDC2,PRKACB,PTPRD,PTPRU,RGS6,SLC6A5,SLC8A1,SMOC2,SNX29,SORCS1,SOX4,TFAP2A,TOX3,TRBV28,TSN
1766	AGA,ATP5PF,BCL2A1,CAMK2D,CDH23,CDH6,CIT,CNTN6,CNTNAP2,CRYBA4,DYSF,ENSG00000234710,ENSG00000266602,ENSG00000287097,FGF12,GABPA,GABRG2,GNG7,HS3ST3A1,HS3ST5,MDN1,MIF,MRM1,MYC,NDUFAF7,NSG2,PARVA,PAX9,PBX1,PCDH15,PLPP4,POLR2M,PRMT6,SGO1,SLC25A48,SPDYE21,SPTLC3,STAC,SUB1,TENM3,TMEFF2,TMEM132D,TRAJ37,TRERF1,UBASH3B,VEGFA,WWOX,ZNF521
1767	ACVRL1,ADAMTS9,AQP4,ARAP2,ARHGEF35-AS1,CACNG5,CCDC85C,CMPK1,CNTNAP2,CTNND2,ENSG00000285837,EPHX2,EPM2A,ETV1,FAM135B,FAM181B,GOT2,HAND2,HAUS6,IRS2,IVNS1ABP,KCNK1,KCNMA1,MC4R,MFN1,MGRN1,MRPL39,MYOM2,NAF1,NRXN3,PCDH15,PTPRD,PVT1,RAP1GAP2,RASGRP1,SLC10A2,SLC2A9,SLC38A1,SLC43A2,SLC8A1,SLCO4A1,SLFN11,TNFSF15,TULP2,UBA52,UQCRFS1,ZFP36L1,ZFPM1,ZWINT
1768	ABCG2,ACTR3,ADARB2,AGXT2,AMY1C,BASP1,BST1,CAB39L,CASC15,CCSAP,DAOA,EDIL3,ENSG00000289623,ERAP1,FAT3,FGF1,FOXI2,GALC,GJA1,H3Y1,HEMK2,HNRNPU,IL2RA,KLF6,LCLAT1,LIN9,LINC00507,LINC00824,NALF1,NPEPL1,OSGIN1,PDHA2,PDIA5,PELATON,PLD5,POM121L12,POTEC,PPP6R1,RAMP1,RPL17-C18orf32,RUFY1,SLITRK1,SOX11,TCERG1L,TMEM132B,TPK1,TRAV1-1,ZNF536,ZNF608
1769	ACTR8,ADAMTSL1,ADGRA3,ADGRL3,ASAH1,CDH8,CNTNAP2,CSMD1,DLX3,DMAC1,DPYD,ENPP7,ENSG00000258454,EPHB1,ETS1,FAM246A,FMO4,FSTL5,GGA3,GNG2,GOLGA6L7,HEXB,HLA-DQB2,HNRNPU,IGSF5,LILRA2,LMNTD1,MAP3K1,MFGE8,NEBL,ONECUT2,OR10H4,P3H2,PDIA6,PICALM,PRKCB,REEP1,RFX3,ROCK2,SIPA1L2,SLC14A2,SLCO3A1,SNTG2,SOX11,SP100,TOMM7,UBA2,WASHC5,XPNPEP1
1770	ACOX3,AGAP1,AKR1C3,AKR1E2,ANO2,APOBEC4,CDKAL1,CFAP300,CKB,CTTNBP2NL,ERCC6L2,FAM174B,FAM3B,FNDC1,FOXB1,FSTL4,GALNT17,GCC2,GOT2,GRM7,LEMD1,LINC00861,LINC00941,LUZP2,MICAL2,NAALAD2,NDUFA10,NEBL,NINJ1,NUAK1,PCNX2,PFKP,PLA2G4A,PRKN,PTPN5,PTPRR,RXFP1,SALL4,SDK1,SEMA5A,SGCZ,SLC30A10,SLCO1A2,SPRY2,TASOR,TRAM1L1,TRMT9B,WDR41,ZNF385D
1771	ADGRB3,ADRA1A,ALDH1B1,BANK1,BORCS8,CA5A,CACNG2-DT,CD109,CD247,CD44,CDH4,CENPP,CTBP2,DACH1,DNAH11,DSC3,ENSG00000235837,ENSG00000272626,ERAP2,FER,FLYWCH1,FOXK1,GNB4,GPR107,KLF4,LINC02018,LINC02273,LYPD3,MAPK10,MBL2,NBAS,NDST3,PITRM1,PRDM6,PRKG1,PTPRD,REEP1,REG3G,RGS16,SLC1A2,SLITRK6,SNX2,TAFA5,TENM4,TMEM128,TMEM132C,TMPRSS15,WDR11,ZFP42
1772	ADGRE5,BTBD3,CDH9,CHN2,CHRDL2,CNTN5,CTNS,CXCL8,DCDC2C,DLC1,DTWD2,DUT,ENC1,ENPP1,ENSG00000288659,EPB41L4A,FERMT1,FOXN3,INO80D,IREB2,IRS1,KL,KRTAP5-11,LAMA1,LINC01484,LMO7,LRFN5,LRP1B,LYZL2,MAP2K4,NALF1,NPFFR2,NXPH1,PARP1,PEX2,RBMS3,ROBO2,RPS6KA2,SLC1A3,SNTG1,SNX29,SOX11,TENM3,TNS1,UBE2K,VRK1,VRK2,XDH,ZNF385D
1773	ABCA8,ACIN1,ADARB2,ADCYAP1,ATXN1,BACH1,C2CD2,CCDC179,CCDC3,CCNI,CLEC3A,COG6,CP,DHRS9,DLG2,ENSG00000230325,ENSG00000284707,FMO4,FRMD4B,FSTL5,GLDC,GRK5,GRM7,JAK1,LDB2,LINC02718,LRIG2,LYPD6B,MRPL39,MYRIP,NAGK,NPVF,NSD1,PLIN2,PPIA,RAB38,RBAKDN,RRM2,SEPTIN11,SERPINB11,SLC36A1,SLC45A1,SMARCA2,SPATA18,SYNPR,TMEM132E,TNFRSF8,TNFSF13B,ZNF492
1774	ACCS,ACSBG2,ADAMTS16,ADARB2,ADGRB3,ANKEF1,C16orf95,C6orf118,CALB2,CEACAM1,CFAP61,CRTC3,CSMD1,CYLC2,DENND3,ENSG00000214265,ENSG00000275180,EVC2,FBXO33,FRK,GTF3A,HNMT,ITGBL1,KCNA3,LINC02147,LINC03021,LRATD2,LRIG1,MSI2,NARS1,NLGN1,NR2F2,NR3C1,OR5P2,PCDH15,PLOD2,PRKCQ,PROKR2,PTPRT,RYR2,SEMA5A,SLC7A4,SYN3,TIAM2,TPST2,TRPA1,UNC13C,USP22,ZNF74
1775	BANP,CAMKK1,CDH13,DDX18,DLGAP1,DSEL,ENSG00000233942,EPHA7,FER,GRIK4,IGFBP7,ITPR2,LDB2,LHFPL3,LINC03150,LINGO2,LRFN2,LRRC4C,LRRTM4,MPRIP,MYC,MYLK4,NDN,NRSN1,OSTN,PALMD,PBLD,PCNX2,PDE10A,PITRM1,PLXDC2,POM121L12,PRKCE,PSG2,RAB30,RYR2,SAMSN1,SIDT2,SLC18A1,SNX16,SORBS2,SPACA7,TMEM132C,TOM1L1,TSC1,VLDLR,XPO1,XYLT1,ZNF648
1776	APLF,BST1,CACNA1A,CCDC54,CELF2-DT,CHORDC1,CMYA5,CNTNAP2,CRYZ,DMKN,ENSG00000225879,EPB41L4A,GCNT3,GIGYF2,GP2,GSE1,HACD1,HDAC9,HNMT,HS3ST3B1,KCTD8,LARGE1,LSAMP,MAPT,N4BP1,NDC80,NEK2,PAQR5,PARD3,PBX1,PDCL3,PHYHIPL,PLEKHG1,PREP,PRICKLE2,RREB1,SH3GL2,SNX29,SOCS6,SPDYE21,SRSF6,STMN2,SUMF1,TG,THOP1,TMEM72-AS1,WDR64,ZMYND8,ZSCAN5A
1777	ABCA5,ABO,ACTR3C,ATF7IP,BHLHE40,CADM3,CAMK1G,CDC42EP3,EDARADD,EDIL3,ENSG00000285566,EPG5,FAM135B,FAR1,FLRT2,FN1,FREM2,GJB4,GRIP1,ICOSLG,IRX2,IRX3,KLC1,KLF4,LEFTY1,LINC03093,LY75,MACROD2,MICAL3,NAV3,NPAP1,NUPR2,OTUD7A,PWRN1,RAP2B,RGS6,RPTOR,SLC34A2,SMIM23,SPTLC3,SRRM4,TAF1C,TBX15,TFPI,TNFAIP3,TOX,TRIM67,WDR1,ZNF385D
1778	ADAMTS9,AGA,ARRDC4,ATG10,C4orf33,CDH8,CLDN8,CNGB1,CRELD1,DCAF4L2,DISC1,DOK5,DPP6,ENSG00000267731,ESR1,FBN2,FBXO44,FRMD4A,IRX1,KLF3,LINC02367,LPP,MARCHF1,MCUR1,NCAM1,NFIB,NUF2,NWD2,PABPC4L,PARVA,PCDH10,POM121L12,POU1F1,PRKN,PTGDR,RAP2A,RBFOX1,SBSPON,SEMA3A,SLITRK1,SMARCA2,SOX5,SPOCK1,STXBP6,SVIL,TCERG1L,TFIP11,TPK1,ZFP64
1779	ADGRD1,APRT,CADPS,CHN2,CYLC2,DLGAP1,DNAH5,DPY19L3,DSP,ENSG00000234273,ENSG00000256566,ERMP1,EZR-AS1,GATA4,GCNT2,GRIK2,HLA-DRB5,KLKB1,LINC00649,LINC02315,LINGO2,MAGI2,MALRD1,MEIG1,MYO3A,NAALADL2,NELL1,NTRK3,OPCML,PCDH18,PIEZO2,PIGC,PKHD1,PUM3,RBM26,RBM47,RNF6,SORCS3,SUPT20H,TENM3,THSD4,TMEM132B,TP73,TUSC1,TYRP1,UBE2E2,USP36,WDR18,ZNF385D
1780	ABCA8,ARHGEF10L,ATP6V1H,CEBPA,CPED1,DAB1,DBX2,DPP6,EMX2,ERBB4,FHDC1,GABRG2,GDAP2,GOT2,HACL2,IGFBP7,INPP5D,IRS1,JADE1,KHDRBS3,KIAA1549L,KLHL1,LATS1,LINC01579,LINC02165,LRIG1,LRRC4C,MACC1-AS1,MCPH1,METTL21A,MT1HL1,MTRR,NR2F2,OLFM3,PABPC4L,PRMT6,PTPRD,PYHIN1,RBM34,RGS21,RGS9,RLBP1,RPS24,SAMD4A,SLIT2,ZBTB14,ZFAT,ZFPM2,ZNF516
1781	ALPK2,ANKRD50,APOL4,ARHGAP26,AUTS2,BAZ2B,BCL11B,C12orf54,CDC73,CDH5,CGRRF1,DMRT2,DSC3,EFCAB11,ENSG00000256433,EPB41L3,ERCC3,ETFDH,HLA-DRB5,IRS2,KCNH5,LINC01515,MTERF1,NLRP11,NRG1,NRXN1,OTOP1,PIEZO2,RAI14,RIMS1,SERINC5,SIRAL2,SNTB1,SPCS3,ST6GAL2,STX18-AS1,TBL1XR1,TENM2,TENM4,TFB2M,TMEM158,TMEM225,TMEM236,TRAM1L1,TRIL,TUSC1,VSTM2A,VWC2,ZP4
1782	ADGRL2,BCAS1,CAMK4,CDYL,CFAP20DC,CHST9,CLPTM1,CNDP2,CNTN1,CRBN,DCLK2,DDX47,GFRA1,GOLGA5,GOT2,HBS1L,HUNK,IDH2,IRX5,KCNK16,KLK7,LINC00092,LINC00299,LMO1,LRRTM4,MASP1,METTL16,MGMT,MOB3B,MPPED1,MYO1H,NUBP1,NUP50,OTOL1,PADI4,PLA2G4A,PRKCB,PRKG1,PRKN,PRR5L,PSG7,RAB28,RUNX1,SLC16A7,SLITRK1,SUCLG1,TBX3,TMEM132D,YTHDC2
1783	AGA,AKR1C2,ARHGEF3,CHD2,CIROZ,CLRN1,CSMD1,CTNNA3,DAP,DEFA5,DEFB4A,DNAAF11,EIF3M,GALNT2,GMNC,HDDC2,HS6ST1,IFI44L,INTS10,KCNG1,LDHC,LPP,MAP2K4,MEIS1,MGAT5,MMP16,NALF1,NCAM2,NTN1,NTN4,PFN2,PLA2G4C,POU5F1B,PSMA6,RANBP3L,RBM19,SLC1A3,SLC4A3,SMIM23,SPRY2,SYCP2L,TARS1,TBPL1,TMX4,TRDN,UBA52,UGCG,ZNF366
1784	AGBL1,ARGLU1,ASAP1,BCL11B,C4orf50,CACUL1,CCDC179,CCSER1,CDKAL1,CIMAP3,CNIH1,CNPPD1,COL12A1,EEA1,FAM227B,FLRT3,GLRA3,HEG1,LRATD1,MARCKS,MRPL39,MTHFD1L,MTNR1B,NCAM2,NFATC4,NPM1,OLFM3,PARP2,PDE4B,PFKP,PHACTR1,PLCB4,PTGDR,PTPRM,RBFOX3,RCL1,RGMA,SPOCK3,SPTLC3,STAC,SYNPR,TEKT5,TENM2,TNNT2,TNRC6A,TRIML1,WWOX,ZBTB16
1785	ANO3,C1QTNF7-AS1,CAMK2D,CDH10,CDH11,CFAP100,CHD9NB,CITED2,DDX60L,DEFB134,ERCC4,FAH,GAL,GPR158,GRM7,GRXCR1,H3Y1,HAS2,HSD17B2,ICE1,KCNMA1,KRT6C,LIM2-AS1,NPAT,NPHP4,NPY2R,NSMCE1,PCDH10,PLEKHA1,PMAIP1,PPP3CA,PRMT6,PSMF1,RASGRF2,RIMBP2,RORA,RTN4RL1,SIPA1L1,SMARCA2,SOCS6,SUCLG1,SYK,TMC1,TRAM1L1,TRIB1,UBN1,WASF1,ZKSCAN2
1786	APBB1IP,ASB16-AS1,AVPR1A,BANF2,CAMK1G,CCSER1,CDH4,CHRM3-AS2,CNTN6,CPEB2,CRYBA4,CXADR,DGKB,DLGAP1,DPY19L3,DUXA,EDNRB,ENSG00000283563,ERG,ESRRG,EXO1,FBXW10B,FOLR1,GIMAP2,GPC5,HERC3,IMMP2L,IRAG1,KCNIP1,LRRC4C,MARCHF1,MYT1L,NTRK3,PALMD,PDCD4,PDE1C,PRDM9,PRR5,RASSF6,RPS10,SDC1,SEMA6A,SV2C-AS1,TENM4,TOMM20,TPK1,TXN2,UFM1,USP31
1787	ADGRL2,AHSG,ANO5,ATF7IP2,BFSP2,BNIP2,C9orf57,CDH13,CDYL,DLC1,DNAJB9,ENSG00000271843,FAM153A,GSC,GUSBP1,HEMK2,HS6ST1,KCNIP4,KLF6,KLHL29,KRTAP5-11,LINC00299,LINC01256,LINC01273,LRP3,LY86,MPDZ,MYH11,NAV3,NDUFAF7,NUP210,OCA2,PDE5A,PIGQ,PINX1,RGS7,RHCG,RNPEP,ROBO2,RPL10L,RPUSD4,SACS,SALL3,SEPTIN7P2,STEAP4,TAF8,TARBP1,TMX3,XCL2
1788	ADTRP,AICDA,ANO5,ATRNL1,BANP,CASP14,CCDC136,CCDC3,CDH13,CERS3-AS1,CHI3L2,CNTN4,CNTN6,CNTNAP2,CSMD1,DOCK5,EIPR1,ENSG00000250264,ENSG00000259925,ENSG00000260816,FAM110C,FAT4,FCRL5,FSTL5,FUT9,GCLC,GCLC-AS1,GSN,KCNK10,KCTD12,LRATD2,ME1,NCKAP5,NYAP2,PALM2AKAP2,PLEKHG7,PRKCH,PRPSAP2,RORA,SGIP1,SORBS2,SORCS2,SRC,SYT10,SYT9-AS1,TENM3,TTC4,TTLL11,YWHAQ
1789	ADCY2,ADGRG6,AHR,ATPSCKMT,C8orf34,CD38,CDH13,CDH8,CELSR1,CEP112,CHD1,CLSTN2,COL9A3,CRACR2A,DFFB,EDEM1,EYS,FUT2,GCC2,GCNT1,GOLM1,GRIK4,KIF2B,KLF12,KLHL1,LINC00963,LINC00989,MARCHF4,MBD5,MBL2,MBTPS1,MDS2,NKAIN2,PARP2,PCSK2,PDZD2,PLCB1,PTHLH,PTN,PTPRD,RAB10,RGS7,SELENOI,SEMA5A,SGCZ,TMEM59,TMPRSS15,TSPAN11,ZDHHC19
1790	ADARB2,ARSJ,BOD1L1,C14orf93,CAPZB,CBLN2,CCL16,CDH20,CNKSR3,COL11A1,CSMD1,DMRT2,DOK5,ECI1,ENPP6,FHIT,GNPDA2,GRM7,IYD,JRKL,KCNIP1,KCNIP4,MAGI2,METTL21C,MSR1,NEK10,NTM,NUF2,PCDH10,PROM1,RFC3,RMDN1,SAMSN1,SLC5A9,SNTB1,STIM2,STON1-GTF2A1L,TBC1D7,TLCD4,TMEM132D,TNC,TNFAIP8L1,TRG-AS1,TSPAN11,WDR11,ZNF385D,ZNF860
1791	ACYP2,ADGRL3,AHR,C16orf82,CD300A,CDH10,CDH6,CLHC1,CMPK2,COPS8,CYSLTR2,DPH6,EYS,FOXA2,FTO,GLB1,GPAM,GRAMD2B,GRIN2A,HACE1,HNRNPD,KCNV2,LINGO1,LUZP2,MACROD2,MAGEF1,MB21D2,MCPH1,MLLT3,MPL,MSC,NAALADL2,NLGN1,NPSR1,PCDH15,PHC1,PHF14,SLC2A9,SLITRK5,SYNPR,TESPA1,TLE3,TMEM61,TOMM7,TSPAN9,TTC3,ZDHHC7,ZNF608
1792	ADAMTS15,ADARB2,ANTXRL,ANXA1,C4orf33,CNTN5,CNTNAP2,DAOA,DAP,DGKI,DIPK2A,DOCK5,DOK7,ENSG00000286929,FAN1,FBXL18,FGF14,GALNTL6,GARRE1,MAGI2,MAP1LC3C,MCTP2,MED10,MPP7,MSX2,MUC19,OLIG3,PCMTD1,PIK3C3,PLA2G4C,PLD5,PPP2R2D,RIT2,SGCZ,SLC16A12,SLC39A12,SLCO1B3,SOX9,SPATA17,SPATA31C2,TLK1,TOX2,TP63,VANGL1,VWA2,XRCC5,ZFPM1-AS1,ZNF124,ZWINT
1793	ABTB3,ACSL5,ADGRL3,ADORA1,ASTN2,ATF7IP,ATG5,ATP8B1,BCR,CDKN2B,CLEC4C,CPVL,CTNND2,DYNC1I2,ENSG00000250971,ENSG00000278254,ENSG00000286022,FAXDC2,HS3ST1-AS1,ICE1,IGFBP7,IQCJ-SCHIP1,KCNJ6,KLHL1,LINC01378,MACROD2,MYO16,MZT2A,OTOR,PDE10A,PDS5B,PDZRN4,PKDCC,PTK2,PTPRD,RDH10-AS1,SERPINB10,SH2D1B,SLC2A9,SLC39A12,SMLR1,SMUG1,TIAM1,TMEM114,TRNT1,TTYH1,UACA,YTHDC2,ZNF277
1794	ABRA,ADCY10,ADGRF5,AGA,ANK2,ANKRD26,ASAH1-AS1,ASAP1,ASPH,CBX5,CD84,CFAP61,CPPED1,CSMD1,CTNS,CXCL13,CYLC2,DDX60L,DGKI,DYNC2I2,ENSG00000251545,GFRA2,GRIN3A,HBS1L,HS6ST1,IRX1,ITFG2,KCNK1,KLHL1,LINC00989,LINC02344,MSR1,NCALD,NPTX2,PCSK2,PDZRN3,PLEKHM2,PLOD2,PPFIBP1,PSD3,SACS,SCML4,STXBP6,SYT14,UCN3,ZFP1,ZNF133,ZNF143,ZNF398
1795	ACOXL,ALK,ANO2,C17orf100,CACNA2D3,CALN1,CD44,CD96,CDH13,CDH6,CNTNAP5,COL4A1,CRB2,DOCK4,ELAVL2,ENSG00000271239,ENSG00000271715,ENSG00000287232,ENSG00000288253,EREG,FARP1,FHIT,GFRA1,GHR,GNRH2,HCRTR2,HDDC2,HEG1,HLA-DQA2,KANK4,LMCD1,MBNL1,MGAT5B,MKI67,MYT1L,PABPC3,PRKAG2,PRKCA,PRKD1,RBFOX1,RTKN2,SLC45A1,SLK,SMIM21,STEAP4,TECRL,TENM4,TFCP2L1,TSPAN10
1796	ADAMTS14,ASB7,AUTS2,C16orf95,CAPN13,CAPRIN2,CDC20B,CDH9,CEMIP2,CHRNA7,CLNK,CNGB1,CSMD1,ENSG00000278071,ENSG00000279668,ENSG00000285566,FGF6,GLIPR1L2,GPC5,GRM7,IL22RA2,LINC01256,LINC02419,LRATD1,MCPH1,MCTP2,MSX2,NPHP4,NXPH1,OR7G3,OSTM1,PDE1A,PRR16,RBFOX1,RFX8,SCAF4,SDK1,SETD3,SLITRK1,SMAD5,SMLR1,SMOC2,STAMBP,TECRL,TMEM174,TULP3,USO1,ZNRF2P2
1797	ABCA1,ACBD6,ACP3,ACTB,ARL4C,CDH7,COL4A1,CRNKL1,CST7,DAOA,DLG2,ENSG00000284600,ENSG00000288075,GMNC,GSDMC,IFNG,IMMP2L,INPP5B,JPH1,KIAA2012,LATS1,LINC01767,LOXL2,LRATD2,MANBA,MCPH1,MINDY3,MSRA,NOVA1,PARK7,PCDH15,PDE3A,PITX2,PKP1,PRKD1,PSAP,RREB1,SERPINA12,SLCO3A1,STON1-GTF2A1L,SUN5,TBC1D22A,TRIM29,VAX1,WDR41,WRAP73,WWTR1,XYLT1
1798	AUTS2,B4GALNT3,BLK,C1D,CAPN13,CBLB,CBLN4,CDH13,CHRNA7,CNTNAP2,CSMD1,CXCL12,CYLC2,CYYR1,DSP,EPHB1,EPIC1,FH,FSTL5,GATA6,GRIK2,H3Y1,HAUS6,IL1RAP,IL22RA2,LHX4,LINC00620,LINC01479,LRFN2,LRRC1,MAP3K5,MARK3,MROH7-TTC4,MTHFD1,NCAM2,NPHP4,OTOR,PLXDC2,POU2F1,PRAME,PTPRD,PYHIN1,SIRAL2,SLITRK6,TENM3,TNKS,TTLL12,UST,XKR4
1799	CARD8,CBLN4,CHLSN,COL11A1,COPS9,DGLUCY,ELMOD2,EMP1,FEZ2,FLRT2,G0S2,GPAT3,GRM7,GSTA1,IL4R,KCNJ6,KCNT1,KHDRBS3,LINC03040,MAP10,MB21D2,MED6,MRPL39,MTRR,NAV1,NPY,NRSN1,OR10A7,PEX2,PIM3,PITRM1,PLD5,PPP2R2D,PTPRD,RBMS3,SGIP1,SLC35F4,SLC67A1,SP100,TBX3,TLN2,TMEM196,TMTC1,TRHDE,UBASH3A,VDAC2,YEATS4,ZNF385D,ZWINT
1800	ADGRA3,APCDD1,ARHGAP12,ASB5,BEND4,CD44,DAB2,DENND2A,DOCK1,DOK6,DRD1,ENPP6,EYA1,GLIS3,HS6ST1,IFTAP,INSC,IRGC,KIF13A,LIG4,LUZP2,MICAL2,NCALD,NCAM2,OR8G5,PAX7,PCSK5,PIK3C2G,PROM1,PTPRD,PYDC2,RNF20,SERPINB6,SLITRK6,SMARCA2,SNX16,SPHKAP,ST3GAL1,TBC1D22A,TBX3,TENM3,TENM4,TLE4,TMEM14B-DT,UNC5A,UPK3A,UVRAG,WT1,ZFP14
1801	ACTR3B,ASB5,BOD1L1,C19orf53,CCDC85A,CDH12,CITED2,CLMN,COL22A1,CRBN,CXCL12,DAOA,DLC1,ENSG00000274987,ENSG00000286896,EYA2,FAM110B,FRMD4A,GABRG2,GPR12,IGFBP7,IRX1,KCTD12,KLHL1,LHX1-DT,LILRB4,LINC02109,LRRC4C,LYPLAL1,MACROD2,MSI1,NDN,NTN1,PARVA,PIERCE2,PKDCC,PPIL6,PPP1R26,SMAP2,SMARCA2,SNTG2,SYT17,THBS1,TNFRSF11A,TOPBP1,TPP2,TRIB2,UFM1,URB2
1802	ABCG1,ADAMTS3,ADAMTS7,ARHGAP26,BKGD,BTBD9,CCDC82,CD163L1,COL4A3,COMT,CPNE4,CRIM1,CST2,CTNNA3,DCP1B,DGKH,EGLN3,ENSG00000288253,EPHA5,ERBB4,FTO,IQGAP1,KCNT2,KLHL36,LDLRAD4,LINC02177,LYN,MAGI2,MITF,MRPL39,MYO10,NCAM2,NCAPG2,PCDH9,PENK-AS1,PRSS56,PTPRM,RASGRP1,RIPK2,SCYGR5,SDK1,SHANK1,STEAP4,TBC1D1,TMPRSS15,TRIM2,WDR11,ZKSCAN7-AS1,ZNF83
1803	ALCAM,APBB1IP,APP,C16orf95,CADPS,CCAR2,CCDC68,CD81,CHRM3,COL6A6,CSMD1,CTNNA3,DOK6,GATA3,GJD2,IL15,ISX,ITGA8,KCNT2,KIF20B,LMNTD1,LRRTM4,MBD5,NRCAM,PACRGL,PCDH15,PCDH18,PCDH7,PLD3,PNPLA3,PPFIA1,PRDM16,PTPRN2,RBFOX1,RBM20,RHOJ,RPS29,SHANK1,SLC24A3,SLC2A9,SMIM12,SV2B,SYN2,TFG,TJP1,VEGFC,VSTM2A,WWOX,ZFYVE27
1804	ACOT11,ADRA1B,CARS2,CD1C,CNTN4,CNTN5,COX7C,DGCR5,DNAH5,ELMOD1,ENSG00000230563,EYS,FAT2,FOXI3,FSTL5,GADD45G,GMDS,GNPDA2,GRM7,HAPSTR1,IGFBP7,INPP4B,IQSEC1,KCNT2,LINC02236,LINGO2,LSM6,MDH1B,MGAM,MGMT,MSH3,MTARC2,MTRR,NRXN1,OSBPL6,PARP11,PIK3C3,PITX2,PLGRKT,PLPPR1,PRKAG2,RASEF,RASGRF1,SGPL1,SH3TC1,SIGLECL1,SPMIP7,TLL1,USO1
1805	AGA,BOD1,C1orf94,CAMSAP3,CLVS2,CRYBG1,CTHRC1,CTNNA2,CTNNA3,CYP2F1,ERC1,FOXI3,FRMD4A,FUT9,GABRB3,GLG1,GPC1,GTPBP10,IRX2,KDM4C,LINC02018,LINGO2,MYC,NAGK,NCAM2,OXGR1,PDHA2,PRKCE,PRR27,RB1CC1,RGMA,RGS6,ROBO2,SCUBE1,SDK1,SERP2,SFMBT2,SH3RF1,SHLD1,SIAH3,STK32B,SYT4,TENM3,TRDN,VLDLR,VRK2,XPO7,XYLT1,ZMAT4
1806	AADAT,ABTB2,ADCY3,AHI1,BBOX1,BRINP3,CDKN2B,CERS3,CHD9NB,CRACD,EDIL3,ENSG00000284874,ENSG00000285082,EYA1,GRAMD1B,GRM7,IFNGR1,INPP5A,JPH1,KL,LINC02018,MPHOSPH6,NKAIN2,NRN1,PARP11,PCSK2,PDE3A,PITRM1,PJA2,PNPLA3,PRKCQ,SEMA5A,SERHL2,SFXN3,SGCZ,SHPK,SKA3,SLC66A3,SOX13,TARBP1,TDRP,TFB1M,TLE3,UBE2F,UNC13C,VPS50,ZFAT,ZNF561
1807	AAK1,ACTR3C,ADAMTS17,ANKMY2,ARAP2,CHRM3,CSMD1,CTNND2,CYB5R2,DCPS,DCSTAMP,DGLUCY,DMAC1,DNAH5,ENSG00000287488,ERBB4,ETV3L,FSCB,GABRP,GLT1D1,GNPDA2,GPC6,GYPB,HAVCR1,HTR4,IGF1R,KDM4C,MASTL,MCPH1,NAALADL2,NLGN1,NMT1,PAWR,PHGDH,PKD1L2,PLA2G4A,PTPRM,RASGEF1B,SH3BP4,SLC9A9,TGFBR2,TMEM192,TMTC1,TTC21A,WIPI2,WNT5B,XRCC2,ZNF317
1808	ADAMTS16,ADH4,AGA,ANXA1,AP3D1,ARAP2,ARRDC4,BPNT2,CCND1,CDH4,CHPT1,CNIH3,CNTNAP2,CRIM1,DLX3,EDNRB,ESYT2,FAM135B,FRMD4A,GABRG1,GPC6,GRIK2,GRIN2A,HBP1,IL6ST,ITGA8,KHDRBS3,MYH14,NCAM2,OSTF1,PCDH7,PPM1H,PRL,PRMT6,PROK2,PTPRT,RAPGEF5,RBM46,RPS25,SOX11,STK32B,SUCLG1,SUMF1,SYT4,TMPRSS15,TMX1,VLDLR,ZNF493
1809	ACO1,ADGRB3,AGA,AGMO,ALX1,ASAP1,ASIC2,CDC14C,CDH2,CDH8,CLMB,CSMD3,CWC22,DHCR7,DOK5,ENSG00000273167,FBXW7,FOXF1,FSTL5,GABRG2,GRM7,H3Y1,IRX2,KCNIP4,KRT17,LHX3,MNX1,NID1,NKAIN1,NPY1R,NRSN1,OTOR,PCDH7,PCDH9,PRKN,PRR16,PTPRN2,SCML4,SGCZ,SLITRK1,STARD4-AS1,STON1-GTF2A1L,SULF2,TBL1XR1,TBXT,TMTC2,TUSC3,TUT7,ZDHHC14
1810	ADAMTS16,ADGRL3,AGBL1,BCL11B,CAMTA1,CCRL2,CDH13,CDH9,CDK13,CGNL1,CRADD,DOP1B,EDEM1,ENTREP1,ETV7,FAM181B,FMN1,FRG2C,GLIS3,GNAL,HNF1B,IKZF2,KCNV1,LINC02391,MAPK8IP3-AS1,MGMT,MPHOSPH6,MRPL15,NPAP1,NTM,OPA1,OPTN,PAMR1,PCAT19,PCDH7,PHLDB2,PLEKHA1,PLOD2,PTBP3,RPUSD4,SCARB1,SEL1L,SRL,ST3GAL4,SULF2,TECRL,TLE1,TMEM131L,TMEM132D
1811	ADAMTS15,AMY1C,CDC73,CLU,CNTNAP5,COX7C,CUX1,CYTL1,DMRTA1,DPYSL2,ECT2L,ENSG00000226939,FAM110B,FCGR1A,FPR1,FSTL5,GARS1-DT,GRIK4,HS3ST2,ID2,LGALS8,LIG4,LIN54,LINC02270,MEGF11,MEX3B,MVB12B,NTF3,PARP4,PKIG,PSD3,RAB31,RBFOX3,ROPN1B,RP1,SERPINE2,SERPINI1,SESN2,SLC19A1,SNHG16,SPTLC3,SYN3-AS1,TLR3,TOP3B,TPK1,TRAPPC9,VRK1,ZNF248
1812	ACER3,ACTL8,ANXA6,CDH4,CERK,CHST3,CITED2,CNTN4,CSMD1,DLGAP1,ECHDC3,F13A1,GAS1RR,GNG12,GSTCD,HTR2A,ISM1,KHDRBS3,LCLAT1,LCORL,LINC01307,LINC02431,MAP1LC3B2,MTUS1,NBEA,NDST4,NRXN1,NUP35,PCDH10,PCDH18,PIK3C3,PTGER4,PTPRD,RBIS,ROPN1L,RORB,SCP2D1,SDC2,SEMA4D,SLCO1A2,STAM,TBC1D22A,TLL1,TRMT9B,TTC3,VPS13C,WDR11,WDR7
1813	ADCY1,AKR1C2,ANKRD26,APCS,B3GAT1,C8A,CAPN12,CARS1,CDKL2,COQ8B,ENSG00000285082,ERG,ETV1,F13A1,FAM153A,FSTL5,GRM5,HAUS8,HES1,ID4,KIRREL3-AS1,LINC02619,LMO3,LUZP2,MIS18A,MORN1,MSX2,MTPN,MUC20,OPRK1,PCDH15,PKDCC,PRMT6,REEP3,ROBO2,RRBP1,SEL1L,SHISAL1,SIK1,SLC35B3,SORBS2,STIM2,TECTB,TFEC,UGT2B11,WSCD2,XPNPEP1
1814	AADACL2,ACAN,ADCYAP1R1,ADGRB3,ADIPOQ,ADRA1D,AGA,AMPH,BCAS1,C4orf50,C4orf54,CDH12,CNTNAP2,CRIM1,CUL3,DCDC2C,DLC1,ENSG00000288017,FAM107B,GABBR2,GDAP1L1,GOLIM4,HEG1,HLA-DRB5,IPO5,IQSEC1,KCNK17,LRATD1,LRRC1,MAP9,MEGF11,MRPL39,MRPS23,MVK,NDST4,NR2F2,PCSK2,PLAAT1,POSTN,PYDC2,ROBO2,SLC22A23,SLC35F6,SOD3,SOX9,TNK2,TOX,UGGT1,ZFHX3
1815	ADAMTS17,ADGRD1,ADGRL3,ATP10A,C1QTNF7-AS1,CLIC5,COBL,COL21A1,CRIM1,CTNNA2,DELE1,DUSP14,DYSF,ENSG00000230303,FNDC1,GSX1,JAKMIP3,KCNJ2,KCNT2,LAIR2,LPIN1,LTBP1,MAVS,MGME1,MGRN1,MYO10,NR2F2,NR5A2,PFKP,PIP4K2A,PTCH1,RIPK1,SFMBT2,SHISA6,SHOC1,SLC1A3,SPATA31D4,SSBP2,TAF1C,TBC1D22A,TENM3,TEX51,TMEM260,TRIM61,TXNDC16,UGT2A2,ZFAT,ZNF354B
1816	ABCC8,ACTG1,ADCY4,BMAL1,BMP2,CD109,CDH7,CENPF,COL22A1,CPEB4,DAOA,DTHD1,ELAVL2,ENSG00000258526,FRG2C,FUT8,GATA3,GIMD1,GRIN3A,GRM7,IMMP2L,KHDRBS3,KLHL1,KNG1,LINC01532,LMTK2,LRMDA,LRP1B,LRRTM4,MAP3K4,MIR4300HG,MN1,MTUS2,NCAM2,NCKAP5,NRSN1,OR6N1,OSTF1,PMM2,PRKCE,RGS6,SCARB1,SDK1,SIGLEC1,SLC31A2,TMEM184B,XKR4,ZNF783
1817	ANKRD30BL,BBS10,CDA,CDH13,CFAP65,CNTNAP2,CSGALNACT1,DOK6,ELAVL2,EPHA5,FAN1,FAT1,GALNTL5,GALR1,GPR146,GSX1,HPSE2,HS3ST4,HSD3B1,IMMP2L,KCNA5,MAP2K6,MCPH1,MSR1,MYO3A,NAV3,NELL2,NLRP13,NRN1,NRXN1,PCDH9,PEG13,POM121L12,RAB11FIP4,RYBP,SIPA1L2,SLC10A2,SNX7,STIM2,TENM4,TLL1,TMPRSS15,TRPS1,VTI1A,WDR5,WSCD2,ZNF578
1818	ABR,ADAMDEC1,ADARB2,AMY1C,ANO3,ANO4,BTBD16,CACNB2,CEP112,CLDN23,COL6A3,DIO2,DSC3,DSCAM,ENSG00000188897,ENSG00000265542,ENSG00000284882,ENSG00000287349,GATA6,GPC5,HEBP1,HIP1,HOPX,IRX2,IZUMO3,KAZN,KLRD1,LRP1B,MCTP2,NCAM2,NDST3,NTNG1,OCEL1,OPTN,PAG1,PIK3C3,PMP22,PRR27,PTN,RASGEF1B,RFX6,SLC10A2,SLCO1B3,SLITRK5,TAF1C,TENM4,TGFA,TMEM131L,TTC17
1819	ALPL,APTX,CCSER1,CDH4,CDH7,CLIP2,CNTN5,COL4A1,CTNNA3,DGCR11,DYNLL2,EEA1,ENSG00000287590,EXOC1L,EYA1,FAM110B,FETUB,FGD5,FGF12,GDAP1,HS6ST1,IFT57,IRF1,KIRREL3,LAPTM5,LHFPL6,LINC00330,MSR1,MTPN,NCAM2,OSBPL5,PLEKHA5,PPP2R2D,PRKD1,PTPA,PXDNL,RERG,RRP15,SATB1,SFRP1,SGSM1,SOCS6,SPAG16,TMPRSS15,TRIB1,UGGT2,UGT2B11,UNC13C,ZFAND5
1820	ALDH7A1,ARL4C,ATOSA,CEP192,CHD1-DT,CIMAP3,CNOT4,CNTN3,COMT,CORIN,CPNE4,CSMD1,CYP4F3,DDX60L,DPP6,DPYSL4,ELOVL2,FAM107B,FOXN2,HS3ST3B1,IFI27L1,IRX3,LMNTD1,LUZP2,MAPK8,MCF2L,MICAL2,MTMR10,NAV2,NDRG1,OLFM3,ORC5,PCARE,PDZRN4,PPP2R5C,PTPRG,SEL1L,SEMA5A,SH3RF1,SLC3A2,STK32B,TGM2,TMC2,UBE2D3,UBE2E2,UXS1,VLDLR,VWC2,WHRN
1821	ACSL1,ADAMTS5,ADGRF5,ADGRG3,AGA,AP3B1,AP3S2,ARAP2,ATP6V1B2,C4orf33,CACNA1E,CD1D,CDH13,CDH23,CDH6,CLDN1,CSMD1,CUL1,DGKB,DHX36,ENSG00000286400,FRG2C,GMNC,GOLGA8B,GPAT3,GPC5,IRX1,MAP3K7,MTHFD2,MTRR,MYT1L,NEDD9,NUDT12,PCDH15,PLPP3,POMGNT2,RBFOX1,SLC5A12,SORCS3,SPATA31C2,TBX20,TBX3,TG,TNFSF13B,TYRP1,UFD1,UGT2B17,WDR7
1822	ACKR3,ADAMTSL1,ADGRL2,AKR1E2,ARAP2,ARHGEF26,C3,C9orf57,CAAP1,CACNB2,CNTN5,CPT1A,DHX15,DNAJB6,EFR3A,EMCN,ENOSF1,ENSG00000287430,EVC,FGF12,FYB2,GRIN2B,HS6ST1,INTS8,LINC01884,LINC02889,LPCAT1,LRRC4C,LSG1,MCTP2,MECOM,MGMT,NCAM2,NOS1AP,PLLP,RALGAPA2,SHQ1,SIK1,SNTN,SORCS3,TMED2,TMPRSS15,TRAM1L1,TRAPPC9,TSPEAR,UST,WDR11,WWOX,ZC3H13
1823	AJAP1,ALKBH3,ANO5,ANXA1,ATP10D,BCL2L14,C14orf132,CDCA7,CDH7,CPS1,CYRIB,DKK1,DMAC1,DNAH11,ENSG00000287451,GMDS,GRPEL1,HBG2,HTR2A,IQUB,KIAA1549L,KTN1,LARGE1,LINC00923,LINC01721,LRATD1,LRRC7,MAPT,NCAM2,NCR1,PALM2AKAP2,PAQR3,PCDH15,PDX1,PIEZO1,PLSCR2,POGZ,SCGB3A2,SCN8A,SDC3,SH3RF1,SLCO3A1,SNHG18,TCERG1L,TENM2,TLR2,TMEM132B,TRIM5,VRK2
1824	ATXN1,CCDC34,CDH13,CECR2,CES5A,CNGB1,CTBP2,CTNNA2,CYP3A43,DOK5,DPP4,ENSG00000230922,FANCA,FHIT,FOXN3,FSCB,FSTL1,GALNT2,GLIS3-AS1,GRAMD2B,GSTA4,IL12RB2,INKILN,JAG1,KDM4C,KHDRBS3,KRR1,L3MBTL3,NLGN1,PATJ,PLCG2,PRKN,QRSL1,RFPL3S,RREB1,SCD5,SGO1,SLC10A2,SLC44A3,SMOC2,SNAP91,SP110,SPRED1,STAT1,TBL1XR1,TENM3,TMEM51,TSPAN17,UNC5C
1825	ABCB11,AGA,ALCAM,ANKRD50,BCL11B,CAST,CBLN4,CD46,CELSR1,CSMD1,DNAH11,DUSP22,EDEM1,EGLN3,GABBR2,GNAI1,GSN,HS3ST3B1,LY86,MEG8,NCAM2,OTOS,PMEPA1,PPFIA1,PPM1K,PPP1R3A,PRKCQ,R3HDML,RGS17,RGS6,RMND1,RNF130,SGCD,SGCG,SLC25A21,SLN,SMIM23,SOX4,SPDYE21,SUMF1,TMEM123,TRG-AS1,TSPAN5,TYRP1,UNC5C,WLS,WSCD2,ZNF83
1826	AJAP1,ANKRD55,BMP2,C1D,CADPS2,CAP1,COLGALT2,DIRAS2,DSEL,ENSG00000286070,ENSG00000286485,ENSG00000288821,EPHA7,ERGIC1,FMN2,GPC5,HAUS8,ISX,KCNMA1,KCNMB2,KCNT2,KHDRBS3,KLF13,KLHL1,KLK10,LMO4,LRFN5,NINJ2,NPAP1,NTM,OR1M1,PCDH7,RIPK4,RIT2,ROBO2,RYR3,SLC35G4,SLC6A6,STIM2,SULF1,TEAD4,TMEM132B,TMTC1,TRAV8-6,TRIM5,UNC79,VAV3,ZBTB21,ZNF124
1827	ACTL8,ACVR2A,AKAP13,ANKFN1,ARHGAP18,BACH2,CADM1,CLDN14,CNTNAP2,CTNNA2,CYB5R2,DGKB,DIAPH3,DNAH17,DOK6,EFNA5,EIF3H,ELFN1,ENSG00000224972,ENSG00000254361,ENSG00000285646,FCN2,FGF14-AS2,FTMT,HMCN2,KCNMB1,KHDRBS3,KIAA1958,MCF2L,MMP11,OR11H12,PTHLH,PTPRD,RAB28,RAB38,RPGRIP1L,SDCBP2,SLCO5A1,SLITRK5,SORCS1,TCIM,TENM2,TGFBR2,TNS3,TRPC4,TUBA3C,USP25,WWOX,ZNF486
1828	AGA,AKAP12,ASCL1,AUTS2,BUD13,CACNG2,CFAP20,DCT,DHCR24,DPP6,DSEL,EFCAB2,ENSG00000284686,FGF12,FKBP4,FZD1,GOLGA8N,GPC6,IER5,JAK1,KAZN,KIR3DL3,LINC01303,LINC02018,MACC1,MAPK14,MBD2,NACC2,NLRP3,PCDH18,PCM1,PDE4B,PIGK,PRKG1,PTPRD,RBMS3,RIMS1,ROBO1,SLC34A2,SPTBN5,ST8SIA6,SYT9,TGIF1,THBS2,TPK1,TSNAX-DISC1,TTLL5,UNC5C,ZBTB40
1829	AXIN2,C10orf90,CA10,CA6,CAP2,CCBE1,CCDC149,CDH13,CNBD1,CSMD1,DENND1B,ESM1,FLRT2,FN1,FRRS1,GAS1,GLO1,GRM3,HLA-DQA2,IMPA2-AS1,IRX1,KLHL31,LCP1,LINC00222,MCPH1,NAV2,NCOR2,NDUFA4,PAPOLA,PINX1,PTPRD,QDPR,RAB5A,RNF19A,SEMA5A,SERPINB8,SH2D4A,SOX11,SOX5,STIM2,SYT2,TAFA5,THRB,TMEM235,TSPAN15,WEE2-AS1,ZMIZ1,ZNF507,ZNF804A
1830	ADAM9,ADGRB3,AGA,AHR,BANK1,BRINP3,CAMTA1,CDH4,CDH9,CGNL1,CHRM3,CSMD1,CUX1,DSC3,ENOX1,EPHB2,FGFBP2,GALNT14,GIMAP4,GSK3B,IKBKE,KMT2E,LRRIQ3,MAP2K6,MARCHF10,MEX3B,MYLK,NALF1,NAV2,NELL1,NETO1,NR2F2,OR9K2,PID1,PPP2R1A,RGS13,RGS17,RGS5,ROPN1B,RUNX3,SAXO1,SLC2A14,SMARCA2,SSBP2,TENM4,TH,TMEM181,TRIL
1831	ALDH8A1,ANGPT2,ANKRD24,ARHGEF7,ARL14EPL,ATXN7L3B,BTG1,C14orf132,CCL15,CRIM1,CTSO,CXCL12,EPCAM-DT,EPHA5,FOXL1,GAREM1,GPR158,IL6R,KLF12,LARGE1,LINC02669,MAP1LC3B2,MIA2,MNDA,MRPL39,MTHFD2L,NAALADL2,OTOR,PANK2,PKIA,POP4,PRMT6,RBM23,REG3G,RGS7,SEMA4B,SNX25,SOX5,SPOCK3,SPRY2,STIM2,STMN4,TENM2,THBS1,TRPM6,TXNDC8,UCN3,XYLT1,ZFAND1
1832	ABLIM1,ADAMTS19,ADAR,ADGRD1,ANKRD10,ANKRD50,ARHGAP20,ATP12A,CNIH3,CNTN4,CSF3R,CXADR,DLGAP2,EGLN3,ENSG00000286022,FAM181B,FAM3B,FAM83B,HRH1,HS3ST4,IGFBP7,IRF2BPL,LBHD2,LINC02199,MARCKS,MSX1,NALCN,NCAM2,NIBAN1,NPAS3,NT5C3A,NTM,PACRG,PDIA6,PRR5L,RBMS3,RTN4RL1,SEMA4D,SGCG,SOX5,TBX20,TENM3,TFRC,TIAM2,TKTL2,TMEM128,TMEM207,UBE2V1,ZNF385D
1833	ACYP2,ADAMTS2,ANO5,ASB5,CACNA1H,CD70,CFAP54,CHN2,DOCK5,ENSG00000283128,ENSG00000287451,ERCC6L2,FGF12-AS1,FOXO6,GK5,GLRX3,GPLD1,IGFBP7,IPMK,IRX1,KCNA5,KCNQ1,LIMCH1,LINC02218,LY6D,MON1B,MSC,MUC16,NCOR2,NETO1,PAM,PLB1,ROBO2,RORB,RSU1,SCYGR5,SGCZ,SPOCK1,SPP2,SSPN,STIM2,SULF2,TLE4,TMEM255B,TMPRSS15,TRIO,TTC23,TTC6,VWC2
1834	ADGRL3,C10orf67-AS1,C15orf40,C6orf118,CDC42EP3,CDH7,CFAP57,CHRM3,CNTNAP2,CSMD1,ENSG00000283563,ENSG00000286129,ENSG00000289317,EPHA4,ETS1,FIRRM,GTF2H1,GYPC,IRX1,LHPP,LINC00588,LINC02981,LRRC4C,LRRC7,MEAK7,MYO3B,NID2,OPRM1,PACRG,PACRGL,PCLO,PCSK5,PDE4B,PDZD2,PRDM6,PSG7,PTPRD,PYROXD1,RASGRF1,RGS18,SNX13,SYK,TRIB2,TSC22D1,UNC5B,WDR88,ZNF107,ZNF728,ZNF818P
1835	ACCSL,ADAM32,ADAMTS5,AMY1C,ANKRD50,BCL11A,C4orf50,CADPS,CDH4,CFL2,COL25A1,COL6A3,DCP2,ENSG00000206356,ENSG00000249631,FGF1,FGF5,FGF9,GALNT18,GRIK1,HDAC4,IMPA2,KDM4B,KSR2,LRRIQ3,LSM3,MEGF6,NPBWR1,ODC1,PARP2,PDYN,RAB6C,RBPJ,SGCZ,SGPL1,SLC10A2,SLC35F1,SLC9A8,SLIT3,SPMIP4,SPRTN,STMN2,SUMF1,TBC1D1,THBS2,THRB,TM4SF18,XXYLT1,ZNF500
1836	AK8,C16orf95,C21orf91,CCDC88A,CCNB1IP1,CNTNAP2,COBL,CSMD1,CSMD3,DSC1,EEF1A1,ETS1,FERMT1,FHL2,FMO2,GALR1,GATA5,GLI2,GRIP1,GRM8,GUSBP5,HERC2,HMMR,HS3ST1,HSPB3,IKZF1,KIF26B,LHX1,LRRC3B,LUZP2,MYO9B,NCAM2,NEURL1B,NOM1,NPIPA8,NRXN3,NXPH1,PATJ,PNRC1,RERGL,ROBO1,RTL1,SOCS6,STIM2,TENM4,WWOX,ZWINT
1837	ACO1,ADAMTS16,ADCY8,ALCAM,ANGPT1,AOAH,ARMC1,ATP8A2,BRWD1,C4orf54,CCN3,CD86,CHST11,CLPTM1L,CRABP2,CYLC2,DMRTA1,DYNC2H1,FSTL5,GALR1,GLRX3,H3Y1,HABP4,KAZN,KLHL1,MECOM,NCAM2,NRIP1,NRXN3,NXPH1,PCDH15,PFN2,PRDM15,PTPRD,PXDN,RESF1,SALL1,SFMBT2,SMOC2,TACR3,TCL1B,TLE1,TLL1,TMEM132D,TNR,TOM1L1,TPK1,TSHR,UIMC1
1838	ACO1,AKAP1,AMY1C,ASCC1,ASTN2,AZIN1,BLID,BRD3,BRI3,C6orf118,CAPN13,CCER1,CDH4,CFAP184,CHRM2,CNPY1,CPEB4,CPNE4,CRYBB2,CSMD1,CTNNA3,CXCR2,DGLUCY,ENSG00000260223,ENSG00000285082,ETV1,FIBCD1,FRY,HCRTR2,HS3ST5,HTR1B,HTR2A,LINC02610,LUZP2,MC2R,MED13L,MRPL39,NKAIN2,PKN2,PLCB4,RASA1,RBBP6,SLC16A7,SORCS1,SPAG16,THSD4,TPRG1,TRAPPC12,UPK1B
1839	ADAMTS9,ADARB2,CCDC85A,CDC73,CDH4,CDH7,CNTN4,COL13A1,CPNE4,CRIPTO,CSMD3,CST3,CTSL,CXCL12,CYP4F12,DIRAS2,EIF3M,ELAC2,ENSG00000279278,ENTPD3-AS1,EYA3,FREM1,FSTL5,GRK7,HMGCL,HNRNPL,KLF10,LARGE1,LYZL1,MAP4K3-DT,MCPH1,MOK,PCLO,PDHA2,PECAM1,PITPNC1,PKD2,PLXDC2,POLR1F,SLC2A10,SYNJ2,THSD7B,TMTC1,TNS3,TOX,TRIB2,VPS13A-AS1,ZFP42
1840	ABCA1,ADAMTS14,ALK,ARL6IP6,ASIC5,BLOC1S4,C4BPA,CA10,CCDC179,CDH18,CUL2,DAOA,ENPEP,ENSG00000286070,FAM135B,FAM50B,HK1,HPX,IL1RL1,KRT3,LINC01058,LRRC4C,NFKB1,NR2F2-AS1,OSBPL1A,PABPC4L,PCDH18,PDCD1LG2,PLD5,PLXDC2,PNPLA3,PREX2,PRR23E,PTPRB,QKI,RASGRP1,RBFOX1,RFXAP,SAXO1,SFMBT2,SLC24A3,SLC35B3,SPTLC3,TENT4A,TMEM106B,WDR27,ZFAT,ZNF346,ZNF596
1841	ABCA12,ABCA13,ABR,ACVR2A,ADAM29,ALPK2,ARGLU1,BID,BRINP3,CBLB,CBLN2,CDH9,CSMD2,CYRIB,DNER,DSCAS,ELAVL2,FSHR,GALNTL6,HELB,HTR2A,HYCC1,KIF25,LUZP2,MCPH1,MIGA1,MYO10,NCAM2,NFIB,NOTCH3,NSMCE1,PLGRKT,PRAG1,SGCB,SLC6A15,SOCS5,STIM2,STX2,SV2B,SYDE2,TMPRSS15,TNFRSF11B,TPST2,UGT2B11,VWF,WNT5A,ZNF385D,ZNF804B,ZP4
1842	ACSL3,ADAMTS16,ADRA1B,BOC,CD83,CDH12,CELF4,CMIP,CTNNA2,DAPP1,DTD1,ETV3L,FRMD6,GPR158,HACE1,HNF4A,HNRNPH1,LARGE1,LDLRAD4,LILRB3,LINC03229,LRMDA,LSAMP,MBL2,ME3,MRPS22,MYC,NEDD9,NLRP3,NRG1,PDE1C,PPP2R2D,PRTFDC1,RASGRP1,RBFOX1,SAMD9L,SGCZ,SH3GL2,SHH,SLC4A2,SLC5A10,SOX5,STX11,TNC,TSPAN9,TYW1,VLDLR,XYLT1,ZNF69
1843	ABCC6,ADGRL3,AKR1E2,ANXA1,C6orf52,CD177,COMMD6,CRISPLD2,DAAM2,DHCR7,DOCK2,DSC3,DSCAML1,ENSG00000230325,ENSG00000251185,FAM246B,GRM7,IFNAR1,IGFBP7,LCP2,LINGO2,MYT1L,NCAM1,NETO1,NXPH1,ONECUT2,PAX1,PODXL,PROK2,PTPRU,RAB38,RMST,SGPP2,SIDT2,SLC47A1,SMOC2,SMURF1,SNTG1,SPG7,STK10,SUCNR1,TAFA5,TBL1XR1,TEAD1,TENM3,TSPAN11,VRK1,WASHC4,ZNF521
1844	ACCSL,ACTR3B,ADAMTS5,ADCY2,ANK3,BCHE,CSMD1,DDX60L,ENSG00000287117,ENSG00000288973,FAM120A,GIPC2,GPC5,HDAC4,HPAT5,IGFBP7,KCNMB2,KLF14,KLHL1,MEIS2,MTUS1,MTX2,NAA60,NACC2,NAV2,NAV3,NXNL2,OLFM3,PCK1,PDCD5,PLXDC2,PTPRD,PWRN4,ROBO1,RWDD4,SAYSD1,SEC23IP,SLC8A1,SLIT3,SUDS3,TCTN3,TEX101,TG,THOP1,TIAM2,UNC13C,UNC13D,ZNF470
1845	ALDH3B2,ANKRD18A,ARGLU1,BMAL1,BTG1,CACNA1A,CHL1,COL22A1,COL26A1,CPEB2,CSGALNACT1,EDN1,EFR3A,ENSG00000285566,FAM135B,FH,GDNF,GPR158,GRIA2,HACE1,IGFBP7,IZUMO3,LDB2,LINC-PINT,LRPAP1,MACROD2,MAFB,MAPT,MGAM2,OLIG3,OPRK1,PACRG,PCM1,PLEKHA7,PPP1R1A,PRKAG2,RFX3,SEPTIN9,SLC8A1,SMIM12,SNX29,SPOPL,SYT1,TEAD4,TIMM17A,TRMT9B,TUT7,WASHC2A
1846	ADGRD1,ARRDC4,BMPER,CCNT2-AS1,CCZ1B,CDS2,CHIA,CNTN5,CNTNAP4,CST2,CYP4F11,EDEM1,ENSG00000217702,ENSG00000257398,GAS6,ID2,IFI6,IRF8,KCNH5,KLHL29,LINC02145,LRFN5,LSM14A,MMP7,MUC20,NLRP5,NPSR1,NRXN1,OPRM1,PIK3C2G,RCSD1,RGMA,SLC22A2,SLC24A3,SUSD1,TARP,TBX19,TECRL,TEX48,TMEM158,TMX3,TNFAIP8,TRHDE,TRIM5,TRIM67,TXLNB,UNC5C,XYLT1,ZFPM2
1847	ACBD6,ADAMTS18,ALCAM,B3GLCT,BRINP1,C8orf34,CADM2,CHIC2,CLCN6,CLNK,CRLS1,CSMD1,CSMD3,CST3,DYRK4,ELMO1,EYS,FSTL5,GABRG3,GALNS,GALNTL6,GLP1R,IL17RC,KLF4,KRR1,MC3R,MGME1,MMP16,NFIA,NPHP4,NUDT4,NUDT7,OSTF1,PCDH7,PDZD2,PHACTR1,POM121L12,PROM1,PSMG1,RSPO4,SEC61G,SLC22A16,STX8,SYT5,TAS2R1,THSD4,TMC2,ZIC1
1848	ABCA1,ADAMTS18,ADAMTS5,ADARB2,ADGRF1,AKAIN1,AMY1C,ANO2,ARHGAP42,BNC2,BTG3,CCNG2,CES5A,CHL1,CSMD3,CXCL12,DUSP10,ENSG00000230746,ENSG00000261037,ETAA1,FABP6,FZD10,GABRG3,GJB6,GNPDA2,GPR156,GRID2,HSPB3,KCNA5,KIF26B,MED27,MIR646HG,MT2A,MYC,NPFFR2,OLFM3,POSTN,PRMT6,RBFOX1,SLC35A5,SLCO2A1,SNX16,TBX18,TENM3,TENM4,TLE3,TRIB2,ZFPM2,ZNF385D
1849	ABCB5,ABHD2,ADAMTSL1,ADCY2,AKAIN1,ALDH8A1,ARAP2,BCL2L11,C16orf95,CAV1,CHRM3,CMAS,CPEB4,CSMD1,DAOA,DGKB,DOK5,EPHA7,IMMP2L,LINC00997,LPP,LRFN2,MAP3K1,MLYCD,MRPL36,MYOF,NACA2,NDST3,OLFM4,OR10G7,OTOR,PABPC4L,PPP2R2A,RPTOR,SAMD9,SERP2,SERPINB8,SLC10A2,SLCO3A1,SPIC,SULT1B1,TENM3,TFCP2L1,TMCO5A,TPRA1,TSHZ2,XYLT1,ZNF670
1850	ACTB,AGAP1,ANKRD42-DT,ASB3,ATXN3,AUTS2,BCHE,BRINP3,CARTPT,CNTNAP2,COL19A1,CPNE4,CSMD1,DHX35,DMXL2,DPH5-DT,DPP6,ENSG00000206356,ENSG00000250791,FASTK,FSIP2,FSTL5,GNG7,GUCY1A2,HBG1,KCNA5,LRFN5,LYST,MCTP2,MTHFD1L,NFIL3,NOVA1,NR2F2,NRXN1,PID1,PLD5,PLOD2,PRL,PTPRD,RAP1GAP2,RBFOX1,RFX3-DT,SHFL,STX16,TOP3B,TRPS1,TTC7B,UGT2B28,WDR11
1851	ADGRB3,ADGRL4,APBA2,ARRB2,ATXN3,BOD1L1,C12orf56,CBLN2,COBL,COG6,CPPED1,CPSF2,CREB3L2,CYP39A1,DDX3ILA1,DIO3,DSEL,EDNRB,ENSG00000226409,ENSG00000289710,FGF9,GRHL1,GRIK1,HSD3B1,KIF6,MDGA1,MGAT5,NBEA,NR2F2,NRXN1,OXSM,PLPPR4,PRL,RAB28,RBFOX3,RBM17,RCAN1,RSF1,SFMBT2,SPTLC3,SYNPR,TACR3,TECR,TMEM168,TSHZ2,VSTM2A,ZNF326,ZNF615,ZSWIM4
1852	ACKR3,ALKAL2,AMPH,ANKRD10-IT1,AOAH,ARHGAP12,C6orf132,CCDC60,CDHR3,CELF2,CENPC,CRIM1,CSMD3,DGKB,GNG11,GRM7,IRF2,IZUMO3,LY86,MCF2L,MIR3667HG,MRPL39,MS4A15,MSX2,MYO16,NFE2L3,NRSN1,OMA1,OPCML,OTOL1,OTUD3,PGCKA1,PREX1,RELN,SGMS2,SLC16A7,SNX2,SOX5,SPTLC3,TBL1XR1,TEAD1,TENT4A,TLE4,TMEM114,TMEM132C,TNFRSF9,TNS3,TRAPPC12,UNC13C
1853	ACP3,AGA,ANKRD10,ARHGEF10L,BCL11A,CCDC112,CD83,CDH20,DCC,ECHDC3,ENSG00000285957,FAM181B,FANCF,FBXO33,FHIT,GATA3,GRIK2,HIKESHI,HMGB1,HS1BP3,HS6ST1,ITGA8,KCP,LINC00861,MAP10,MCHR1,MGAT5B,MVB12B,NAV3,NR2F2,OCM,OPCML,PCP4,PGCKA1,PLA2G4A,PRICKLE1,PRRT1B,SAXO1,SCRN3,SH3TC1,SLC2A3,SLC2A9,SOCS6,SORBS2,TECTB,TYRP1,WAC,ZFP42
1854	AIRIM,ASB3,BDNF,BEND4,BNIP2,BPHL,CAB39,CARHSP1,CDH8,CDYL,CECR2,CIMIP1,CNOT4,CNTN5,DHX35,EDIL3,ENSG00000289710,FAM81A,FAM98A,FGF19,FHIT,GRIP1,GTPBP8,IRX2,ISX,KLHL1,LPP,LRFN5,MRPL39,NAMPT,NECTIN3,NME9,NTMT1,PCDH15,PDHA2,PMEPA1,PRKD1,RAB28,SLC30A8,SLC5A7,SMAD3,SMPD4,TARP,TCF4,TRIML1,TRMT9B,TSNARE1,XYLT1,ZC3H7A
1855	ABI1,ADAMTS16,ATP10B,ATP6V0E2,BICC1,CCL2,CDCA7L,CDH18,CES1,CHN2,CRTC3,DEFB1,DISP1,DOK6,ENSG00000277763,EYS,GCH1,GLRX3,GMDS,GPAT3,HAO2,IDO1,IVNS1ABP,LEPR,LINC00861,LUZP2,MAP3K7,MPDZ,MTPN,NEUROD6,PCDH15,PLEKHG6,PTPRD,RASGRP1,RBFOX1,RETREG1,RIT2,SDK1,SORCS3,STIM2,SUMF1,TCERG1L,TENM3,TENM4,TNFRSF10A-AS1,TRPA1,TRPC6
1856	AGBL1,ALDH3A2,ANGPT1,APBB2,APP,BCL2L14,BRINP3,CBLN4,CCDC167,CD163L1,CDH12-AS5,CYSLTR2,DLC1,ENSG00000188897,ENSG00000260072,FHDC1,GLIS3,GPR12,GPR158,GRB10,HS3ST1,KL,LAX1,MAP1LC3B2,NUP35,NXPH1,OPRM1,PCDH17,PNMA8A,PXDN,RBMS3,RGS17,SERTAD2,SGPL1,SIVA1,SOX9,SPECC1,SSMEM1,STAP2,STK32A,TEX48,TLR6,TMPO,TPP2,TPSAB1,TSC22D2,TTC22,VAV2,VIRMA
1857	ACBD6,ADGRB3,ADGRF5,AKAIN1,B3GAT1,BTBD3,CACNA1A,CCDC3,CCZ1,CDH17,CDH8,CELF2,CTNNA2,EMID1,EYA1,FAM13C,FAT4,FGF14,FGFR1,GPC5,GRIN2A,GRM7,HS6ST1,KDR,KHDRBS3,KIRREL3,LINC02428,MLYCD,NADSYN1,NANOG,OTULINL,PITRM1,PLCB4,PLXNA2,PREX1,PRKG1,PTPRB,RAI14,SEPTIN9,SPEF2,SYT10,TAPT1,TMPRSS15,TSNARE1,UTRN,WWOX,ZNF600
1858	ANKRD53,BAIAP2L2,CD226,CDH10,CELF2,CHRM3,CHST11,CNTN6,CYRIA,DHRS7,EYS,FLG2,GGT5,HDAC4,HEPHL1,HNF4G,ID2,IGFBP7,KAT14,KCNN3,LINC02018,LPP,LSAMP,MC2R,MPDZ,MRPL39,MYC,NNMT,PCDH7,PDE1C,PINX1,PTCHD4,PVT1,RASGRF1,RBFOX1,RNF150,RPS6KA2,RRBP1,RUNX1,SLK,SPATA3,STAC,SUSD3,THSD7A,TRPC6,UNC5C,WDR64,WWOX
1859	ADGRL2,AFAP1,ALCAM,ARGLU1,ARHGEF26,ATP1A4,BCL11B,C3AR1,CA6,CADPS,CAP2,CCDC80,CD164,CD83,CEP57L1,COLGALT2,CRAT,CRIM1,CRYBG1,CSMD1,EIF3H,ENSG00000259363,EPHA4,EPHA5,FASTKD2,GALNT6,GALNTL6,GJB6,HAS2,IRX1,KCNE4,KLRC1,LINC02384,LINGO2,LRRTM4,MMP27,NRXN3,OR10G7,PTGER4,RBM47,SALL4,SLC2A13,SLCO1B1,SPRED1,STX16,SYT6,TTC13
1860	ADGRA3,ADGRB3,ADGRL4,ANKRD26,BMP7,CASS4,CDH6,CSMD1,CXADR,DOCK10,DTNBP1,EFNA5,ELOVL6,ENAH,ENSG00000228048,FAM78B,FOXG1,FRG2C,GPD1L,HMSD,HSD17B4,ILKAP,KLHL1,LINC02641,LRRC4B,MCPH1,NADSYN1,NEURL1B,NR5A2,OAS2,OPCML,OPRK1,OXSM,PCDH18,PCDH7,SCML4,SLC2A7,SLC35E2B,SLCO3A1,SMIM23,SORCS2,SOX11,ST8SIA4,TAC1,TENM2,TRPC6,TSHZ2,USP14,VSTM2B
1861	ASCL1,C1orf52,C7orf78,CCDC146,CCDC42,CDK5RAP2,CDYL2,CIMIP1,COL4A2,COL6A3,CPT1A,CSMD1,CSMD2,DLG2,FAM98A,FAT1,FOXB1,FOXQ1,FOXRED2,GADD45G,GAS1,HACE1,KCNJ6,KREMEN1,LRP1B,LRRC4C,LUZP2,METTL22,MMP26,MPPED2,OPRM1,PCDH7,PGLYRP4,PIK3C3,PLSCR5,PRR20A,PTPRT,RBFOX1,RBM47,ROBO1,RSRP1,SLC4A4,SMPD4,SORCS1,SPDYE21,SYNDIG1,TBL1XR1,TERF2IP,TXLNB
1862	ADGRL2,BRD3,CA10,CCL22,CD37,CHSY3,CPNE4,CSF1,CSNK1G2,CTSC,CYRIA,DHX37,ENSG00000272839,ENSG00000283563,EPHA7,FHIT,FSTL5,GATA3,GSG1L,HS3ST1,HS3ST3A1,IFTAP,IGFBP7,LINC02021,LINC02208,LMCD1,LRRC4C,MTHFD1L,MYH11,OXA1L,PAM,PDGFD,PFKFB3,PGR,PKHD1,SAMD5,SERPINB8,SH3BP4,SNX16,ST6GAL2,SYN3,THSD4,TMEM132B,TNFRSF8,TOX2,TOX3,UBL3,WDR35,ZNF626
1863	ADARB2,ADCYAP1R1,AGA,AIFM2,ASB3,CACNA1C,CAMK2D,CAPZB,CBLN2,CDH7,CNTNAP5,COL5A1,COPS8,DHX37,DMRTA1,ENSG00000258803,ERBB4,FAM181B,FOXN2,HDGFL1,IL1RAP,IZUMO3,KCTD16,KMO,LONRF1,MICAL3,MTHFS,NOL4,PCDH18,PCNX2,PDZD2,PMP22,PPARGC1A,SALL1,SEMA6D,SGCZ,SMOC1,SOCS6,SPATA18,STON2,TAFA5,TMTC1,TNRC18,TUSC3,UCN3,VGLL3,WDFY4,ZNF254
1864	ADGRL3,AGR3,ARL6IP6,CARD11,CCSER1,COL4A2,CSMD1,CTAGE1,DMRT2,DPF3,DSC3,ENSG00000255621,ENSG00000260412,ENSG00000284686,ENSG00000287097,FLRT2,FMN1,FXYD4,G3BP2,GFI1B,GRXCR1,KCNQ5,MAF,MAML2,MCPH1,MEIS3P2,NKAIN2,PALD1,PARAIL,PCDH15,PCDH7,PPP1R14C,PSAT1,RPL15,RYBP,SARAF,SDK1,SGCG,SORCS2,SP140,SPOCK1,TLR5,TMEM260,TNFRSF19,TRPS1,TTLL2,TTLL7,ZFAT,ZNF385D
1865	ADAMTS16,AEBP2,ALDH3A2,ANKRD36,ANKRD46,ANTXRL,ATP10B,BCR,BTBD3,CACNB2,CADPS,CDH12,CDH18,CLEC3A,DAOA,DNAI2,ENSG00000276418,ENSG00000289710,EPHA4,GGTLC1,GMPR,GNAL,GRK3,LINGO2,MPPE1,MYT1L,MYZAP,PAPPA,PARP11,PIGC,PINX1,RBFOX1,RGS7,ROBO2,RPL38,SERPINB8,SMIM38,SOX17,SYCN,SYNDIG1,TDRD15,TMEM217,TRHDE,TRPM3,UGT8,ZNF385D,ZNF521,ZNF777
1866	ADAM32,APOLTP,APTX,ATP10B,BTBD3,CCDC102B,CLSTN2,CMIP,CSMD3,ENSG00000289546,ERICH1,FLVCR1,FSTL5,GABRG2,GPC5,GPR149,GRIK3,IFT122,IRF2BP2,JAK1,JAKMIP3,KCNT2,KHDRBS3,MAB21L3,MCPH1,METTL4,MMP17,NDST4,NSMCE4A,NXPH1,PACS1,PDZRN3,PLB1,PRKG1,PRKN,PXDN,SHH,SLC27A6,SOCS6,SOX1,SPRY2,TLL1,TMC5,TMEM132C,UCHL5,UTP23,VEGFC,XXYLT1,ZNF350
1867	ANO3,C1orf174,CDH8,CSMD3,DGKI,EAF1-AS1,EFNA5,EOMES,FH,GOLIM4,GRAMD2B,GRIN3B,H3Y1,HACE1,KAZN,LINC01515,LINC02055,LY9,MARCKS,MGST3,MYC,NDUFV2-AS1,NTM,ODF1,OPRM1,OR52K2,PARVA,PCDH15,PPFIA1,PRR5,PTPRU,RAB3IL1,RALGAPA2,RASGEF1B,RBPJ,RXRA,SAMD3,SDK1,SH3BP4,SORCS3,SPOCK1,TBC1D16,TUBA3C,TUBGCP3,TXNRD1,UBE2D3,UBE2E3,VLDLR-AS1,YEATS2
1868	ACOT11,C1QTNF3-AMACR,CDX2,ENPEP,ENSG00000287703,ENSG00000288959,EVA1C,EYS,FAM107A,FGGY,FRMD4A,GALNT14,GLIS3,GOLIM4,IMPG1,ITGA9,JCAD,LRP1B,LRRTM4,MTUS2,NOPCHAP1,NOVA1,NUP88,OTOS,PARP4,PDZRN3,POT1,PSMD1,PTPRC,RAB12,RETN,RGS2,RIPOR2,RUNX1T1,S1PR3,SEC61G,SEMA3C,SEMA6A,SLAMF8,SLC6A3,SMOX,TBX5,TCTN2,TECRL,TUBGCP3,TUSC3,USP22,ZFAT
1869	ADH4,ARRDC4,C14orf180,C1orf174,CACNA1A,CACNA1C,CCDC179,CDK20,CDKN2B,CNTN5,DAOA,DEFA5,ENDOD1,ENSG00000285751,FGF14,FOCAD,FOXG1,GALNT17,GRM7,HACE1,INSYN2B,ITM2B,KCNK18,LRRK1,LRRTM4,LYZL1,MIA2,MLLT3,NFIB,PCDH15,PDZD2,PIK3C3,PMP22,QDPR,RDH14,RORA,SDHAF4,SLIT1,SOX9,ST6GAL2,STIM1,SUMF1,TEX29,THOC3,TPM4,TTC39B,UIMC1,WRAP73,ZNF398
1870	ACP3,C1orf141,CCNI,CD38,CNOT4,CNTNAP5,COX16,CSGALNACT1,CTNNA2,CYP2B6,DMAC1,DOCK9,DPYSL2,EDARADD,FMN1,GMCL1,GRIP1,HDAC4,HTT,ISG20,KHDRBS3,KIF26B,LINGO2,MACROD2,MAP1B,MIR646HG,MYO16,NBAS,NEFM,ORMDL1,PARP4,PCDH7,PDE5A,POTEC,PSMA6,PWRN1,RGS17,SCARB1,SLC24A4,SMAD2,SOX1,SUMF1,TAFA1,TEKT5,THSD7B,TSN,ZFHX3,ZNF737
1871	AKR1C3,C1QTNF7,CBFA2T3,CCDC190,CHIA,CNTN3,COL11A1,CRBN,CSMD1,CST7,CTSO,DAOA,DIP2B,ENSG00000273259,ENSG00000283128,ENSG00000286070,FGFR2,GPA33,GSE1,IDH2,INTS4,IPMK,ITK,KCNJ12,KLHL29,KLRC1,L1TD1,LAPTM5,LY75,MBP,MYOM2,NABP1,NRXN1,OPRK1,OSTF1,PACSIN2,PARM1,PARP2,RAB28,SIX2,SLC16A6,SLC4A3,ST8SIA1,TBL1XR1,TMEM174,TSHZ2,VRK1,ZNF354A,ZNF438
1872	AMY1C,ANKRD36,APTR,ARGLU1,ARHGAP31,B4GALT7,BRINP3,CACNA1D,CALCB,CDH12,CEMIP2,CRBN,CRYL1,CSMD1,CYB5A,CYRIB,DDX60L,DEPDC1,DYNLRB2,EEF1E1,ETV4,FGF12,IFNAR1,KCNS3,KIRREL3,LARGE1,LHFPL6,LPAR1,LPP,MRPL39,MTUS1,MYRIP,NABP1,NAPG,NAV3,NHLRC1,PCDH15,PLCXD2,PRNP,RCL1,RNPEP,RP1,RPP40,SPHKAP,STXBP5-AS1,TBC1D22A,TTC7A,WDR64,ZNF804B
1873	ADA2,ADGRL3,AGAP1,ANAPC13,C1QTNF7-AS1,CCNF,CITED4,COL8A1,DPP6,EGFR,ENSG00000228719,ENSG00000249609,FOXG1,GLRB,GREB1,HAND1,HAPLN1,HTR1B,IRF2BPL,IRX1,KCTD10,KDM1B,KIF6,LINC02028,LINC02855,LRRC27,LUZP2,MCUR1,MREG,MTOR,MTUS2,MYOF,NCALD,NHEG1,OLFM4,PLXDC2,PTPRT,RP1,RSL24D1,RSPO4,SDK1,SFRP4,SYT1,TAFA5,TENT4A,TMTC1,TRIB2,TRIQK
1874	ADAMTS5,ADH4,ATP6V0C,BCO2,C4orf33,COL11A1,COLGALT2,CSMD1,CUEDC1,DIPK2A,EGLN3,ENSG00000286760,ENSG00000289345,FAM43A,FBXO36,FRMD1,GALR1,GSDMC,HDAC7,HS3ST3B1,IL6,IRAK1BP1,ISX,ITM2B,KCNK1,KDM4C,LGR6,LINC02018,LINC02296,LMBRD1,LZTR1,MALRD1,MANBA,MAP3K7,MFSD6,NTRK2,PABPC3,PARP11,PCDH7,PLXNA2,PYROXD1,SBF1,SOX11,SULF2,TMC5,TMEM117,USP25,ZNF783
1875	ACO1,ANK3,ARL8B,ARRDC4,B3GAT1,BCL11B,CARTPT,CD200R1L,CDH9,CDK20,CNTN5,CTBP2,CYLC2,EIF4G2,FAM153CP,FAM98A,FGF12,FOXI2,FYB1,GABRG3,GALNT2,GPR45,GUCY1A1,H3Y1,IMMP2L,IRX1,KCNIP4,LPA,OCM,PLA2G4A,PLCE1,PTPRD,RAPGEF2,RHOU,RPS6KA2,SGO1,SLC16A10,SLC28A3,ST6GAL2,TBX18,THRB,TP73,TUSC1,WFS1,WRN,WT1,ZNF469
1876	AGA,ATP10A,BANF2,CACHD1,CBLN2,CD109,CFAP161,CNDP2,EFNA5,ENSG00000272265,FCAR,FGF12,FLRT2,GJA1,GNG4,GRIK2,HELLS,INPP5D,JAZF1,KIF2B,KLF5,KTN1,LAP3,LCLAT1,LINC00571,LINC02021,LUZP2,MATN1,MROH9,NCAM2,NFKB1-AS1,NPAS3,NRXN3,OAT,PCDH10,PCDH15,RAB12,RBM20,RPL38,RTN4RL1,SLC14A1,SLC19A3,SLC6A19,SMAD5,SMIM42,STX11,TMEM250,U2SURP,VNN2
1877	ADCY2,ATP13A5,CDH13,CDH9,CEP128,CGNL1,CNTN5,COBL,CPQ,CXADR,DIPK2A,EVC,FAM174B,GOLGA8N,HRH1,IDO2,KDM4C,KIDINS220,KLHL29,KNG1,LURAP1L,MCTP2,NCAM2,NDUFAF4,OLIG3,OR3A3,OTX2,PDZD2,PIGB,PRKCQ,PRTFDC1,RAB3D,RBFOX1,RNF150,SEPTIN7,SMC2,SPIN1,STOX2,TAF4,TBC1D32,TLN2,TMEM163,TMEM178B,TMEM41B,TOM1L1,TPTEP2-CSNK1E,TRAF3,WDR90
1878	ADAM19,AGBL1,ANKRD55,BECN2,C4orf33,CCL20,CD82,CELF4,CFAP418,CHRM3-AS2,CLDN16,CLDN24,CNTN5,COX10,CSMD1,DKK2,EDEM1,EDIL3,EIF3D,ENOSF1,ENSG00000251412,GRIN3A,GRXCR1,HDAC4,HLF,JRKL,KIAA1671,LINC01606,LMNA,LMO7,MANEA,MBNL1,PABPC3,PCDH10,RAB38,RGS17,SAMD4A,SERPINA4,SI,SNTG2,SS18,ST8SIA3,TLL1,TMEM178B,TMX4,TRPA1,TWIST2
1879	ADGRL3,ADRA1B,AKR1B10,ALOX15,ANK1,ARL1,ASAP1,ATPSCKMT,BRD7,BRINP3,CALB1,CELA3A,CHCHD3,CYP27C1,DGKB,DOCK5,DPP10,ENSG00000233735,ENSG00000251488,ENSG00000274993,FAM98A,HAS2,LHFPL6,LINC01411,LRRC72,LRRK2,LUZP2,MCPH1,MKLN1,MT1F,NFKB1,PAEP,PARP10,PHF21B,PROM1,RASA3,RIPPLY3,RMI2,SALL3,SGCZ,SLC24A3,SLC35B3,SNTG1,TLE1,TNFSF13B,TRIO,ZFHX3
1880	BANK1,CASC15,CDH18,CDH9,CLVS1,CNTNAP2,CSMD1,CYRIA,DHX15,DOCK5,DRD1,EIF3M,ERCC6L2-AS1,ETS1,FOXC1,GATD3,GPCPD1,GRHL2,GRIA1,HDAC9,HOXC13,HS3ST4,HSP90B1,LGALSL,MEAK7,MFAP2,MME,MZT2A,NAALADL2,NXPH1,PCDH15,PCDH7,PRKG2,PTPN7,RHOU,RP1,RPL10L,RPTOR,SERPINB5,SH3BP4,SMAD6,SSTR4,THADA,TMEM132D,TTC39B,VGLL4,WWOX
1881	ADAMTS18,AGA,ATP6V1E1,C2CD2L,CACNA1A,CCDC54,CCDC9,CD1D,CHRM3,CNTNAP2,DDX24,ENSG00000265728,ENSG00000286076,FAM181A,FRMD3,GADL1,GDPD1,GFI1B,LCLAT1,LINGO2,MACROD2,MAP3K21,MKLN1,NCAM2,NXPH2,PDE6A,PHACTR3,PIK3C3,PLOD2,PSMG1,SIRPG,SLC66A3,SLITRK6,SNX29,SRRM4,STIM2,SULT2A1,TMCC3,TMPRSS13,TNP1,TREML1,TUSC3,TYRP1,URB2,WDR1,ZFR,ZNF100,ZNF556,ZNF706
1882	ADGRL2,AGAP1,AMN1,ARRDC3,BRAT1,CACNA1A,CCL4L2,CDH23,CDH7,CDH9,DCHS2,DNAI4,DOK6,DPYD,FAT4,FER,GADD45G,GPC5,GRIN3A,INTS10,IRS2,ITSN1,KCNA5,KCNK9,LRP2,MAP3K5,MGAT4C,MTX3,MYO16-AS1,NPAP1,OR52M1,PCNX2,PCSK2,PDGFD,PEX26,PIEZO2,PKD1L2,PPARGC1A,PRR16,SCUBE2,SMIM20,SPRY2,SYK,TADA2A,TAFA5,TM2D1,TSPAN17,UQCRFS1,WSCD1
1883	ACAN,ADRA1B,ADTRP,ALK,ANKRD33B,AP1M1,ARHGAP32,ARHGAP42,BCAT1,BNIP2,BOD1L1,C4orf33,CAMTA1,CATSPERB,CDH4,CLIP4,COX10-DT,CST4,CYFIP2,EEA1,ENSG00000265043,ENSG00000288895,FANK1,GC,GLRX3,GPAM,INPP5D,KLF12,LECT2,LRIG1,MAP3K20,MLEC,MME,PARP4,PLXNA1,POU5F1B,PROK2,PSG4,RND3,RNF144A,SCUBE1,SEC61G,SGMS1,SPIN1,TBC1D32,THSD7B,TOX,ZFYVE28,ZNF469
1884	ACKR3,ACO1,ACTR10,AKR1E2,AMY1C,ANKH,ANO5,BRD1,CCDC33,CITED4,CNTN5,CRISPLD2,CSMD1,CYRIA,DEFA5,DOCK10,EFR3A,EGFLAM,EIF3H,ENSG00000286751,FAR1,FARS2,FLRT2,IFNAR2,KCNIP4,KDM4C,KLHL1,KLHL6,LY86,NR5A2,OSTF1,PARD3,PARD6G-AS1,PCDH15,PCDH7,PDE5A,PRICKLE2,QTRT1,SEPTIN9,SLC44A1,SLITRK6,SNX13,TBC1D1,TECRL,TENM2,TMX1,UBL3,ZBTB16
1885	AGAP1,ALDH1L1,C1QTNF7,C8orf34,CA5A,CAPRIN2,CBLN4,CCZ1B,CHODL,CORIN,COX20,DGKB,DKK2,DUSP4,ENSG00000273167,FGF9,FOXF1,GALNT2,GYS2,HACE1,HDAC9,HS3ST3A1,IQCA1,KCNK9,KIT,KLF6,LSM6,MARCO,MBIP,MYOCD,NEURL1B,NOAZFP,NPAP1,PCDH15,PLCL1,PRDM16,PTPRR,REST,SERPINB10,SLITRK6,STX8,TMCO4,TMTC2,TRABD2B,TYRP1,USP53,VRK3,ZNF577,ZNF737
1886	AADAT,ADAM7,ADAMTS9,AKAIN1,ARL4C,B3GNT2,CA10,CAMK1G,CDH7,CDKAL1,CFHR3,CNTN4,COL5A3,DPPA2,EBAG9,ENPP1,FDCSP,GPATCH11,KAZN,KCNK18,KMO,KPLCE,LINC00927,LINC02064,LINC02397,MAN2A1,MSX2,MTX1,MYT1L,NELFCD,NSG2,PLA2G4A,PMP22,PSMC1,RASGRP3,RXFP1,SAMD12,SORCS1,STIM2,TAS2R16,TENM2,TENM4,TEX36,TM4SF1,TMEM98,TRAM1L1,YPEL5,ZNF331,ZWINT
1887	ADAMTS16,ADARB2,ANKRD50,ANKRD7,AOAH,ARHGEF7,ATP1B1,BLOC1S5,BTBD3,C11orf87,CNTNAP5,COBL,COMMD10,CPAP,CUBN,EPHA6,FAM181B,GFRA2,GGTLC2,IFTAP,LINC02055,LINC02414,LURAP1L,MON1B,NAV3,NDFIP1,NOMO2,NUDT4,OR13A1,PCDH18,PCDH7,PI15,PLGRKT,PPP2R2D,PRKCA,REG3G,RP1,SCYGR3,SDC1,STARD13,SULF2,TECRL,TENM3,TTC28-AS1,TTC29,TUSC3,VRK1,VSTM2A,ZWINT
1888	AGA,AKAP8L,AKR1B1,ARL4A,C1QTNF7,C1orf174,CCSER1,CDH13,CGNL1,CRADD,DCDC2C,DPP6,ENSG00000281613,ENSG00000288038,GLRX3,GPC6,ITGB2,KCND2,KLHL1,LDHA,LSAMP,METAP2,MGME1,MRPL52,MTRES1,MYO18B,NAALADL2,PCAT1,PCDH18,PCDH20,PITRM1,PLEKHB2,POM121L12,POMZP3,PROC,PTH2R,RASEF,SDC4,SEMA3E,SH2D4A,SLAMF7,SMIM21,TBATA,TMEFF2,TNS3,TRDMT1,UCMA,WARS2,ZNF697
1889	ACTR5,ADRA2C,AQP4,ATP2B2,BARX2,C1D,CAPN11,CAV2,CCNB1IP1,CDK14,CENPQ,CNTNAP4,CTNND2,CYB5A,DACT2,ENSG00000253894,ENSG00000287996,ESRRG,FOXB1,HCRTR2,KCNE4,KCNIP4,KIF16B,MAML2,MICALL2,MKLN1,MMP20,MS4A13,MTHFD1L,PIP5K1C,PLXDC2,PRIMA1,PTPRN2,SDK1,SLC38A11,SLC39A8,SMARCA2,SMYD3,SNX20,SOHLH1,TLL1,TMEM163,TPK1,TRIDDENT,TRIM45,TTLL1,WWC1
1890	ACTL8,ADGRB3,ASAH2,CBLB,CBLN2,CNTN5,CTNNA2,CYRIA,DGKI,DKK2,DNER,DYNLT1,ENSG00000260337,ENSG00000287306,EYA2,FAM50B,FOXP1,GTF3C4,HAO1,LCLAT1,LMF1,LRATD2,LUZP2,MAGI2,MED9,MICAL2,MSANTD5,NALCN,NELL1,NLRC5,NPSR1,NTN1,PCDH20,PIK3CD,PKHD1,PRKCQ,RADIL,RGMA,RPL21,S100A12,SAMD12,SLC22A23,SOX9,SPTLC3,TENM3,TFB1M,TPM1,TSN,ZPLD1
1891	ADGRL2,ADRA1B,ANGPT1,ANKRD36B,BMP2,BRAF,CDH5,COPS8-DT,DGKB,DLGAP2,DUSP10,EGLN3,ENSG00000233974,EPHA7,ERG,GATA3,HSD17B14,IRGC,JAZF1,KHDRBS3,KLF4,LRP1B,MAN2A1,MAP2K6,MSR1,MYO1F,NADSYN1,NSA2,NUB1,NUP88,OR1B1,PLOD2,PSCA,RORA,S100Z,SIX2,SUGCT,SV2B,TBL1XR1,TMEM132C,TMEM178B,TMPRSS15,TPK1,TRHDE,TRIB1,TSPAN5,TTC7A
1892	ADCY8,AGBL1,ARL4C,ATXN1,BMP7,CAMSAP2,CD33,CDYL,CSRNP3,CTNND2,DAOA,DOCK8,EEF1E1,EEF2KMT,ENSG00000288902,EYS,FAM90A26,FTMT,GPR149,GPR26,IMMP2L,KLHL1,LHFPL2,LINC00592,LZTS1,MFF,NAMPT,NECTIN1,NOX3,PAMR1,PDE4B,PDE5A,PIWIL4,PLA2G5,PPP2R2D,PTPRQ,RBM20,RIPPLY3,RP1,SLC41A3,SLC6A5,TAGLN3,TERB2,TIGAR,TMEM167A,UBQLN1,UCK2,VAPA,ZNF385D
1893	ADAM17,ADAMTS5,ADCY8,ALG10,ATP2C2,BASP1,CDH7,CDH9,CDK18,CLNK,COMMD6,CTNNA3,DIPK2A,ENSG00000206356,ETAA1,FAM20A,HS6ST1,IL26,IRX4,KCNS3,LHX5,LPP,LRATD1,MAD2L1,MED27,MICAL2,OGFRL1,PCDH7,PCDH9,PGBD5,PINX1,PRMT6,PTPRC,PTPRD,PTPRS,RAB31,RASA2,SLC1A3,SLC22A9,SLC8A1,SLITRK6,SORBS2,SORCS1,STAM,SYN3,TAFA5,URB2,ZNF415,ZP4
1894	ABCC4,ACO1,ADAMTS17,ADTRP,AFF4,ANKRD10,ARG1,ATP2B4,ATP5F1A,BORCS5,CA10,CDK11B,CHST9,COMMD9,DIRAS2,DKK3,ELMO1,ETS1,FHOD3,FTO,GALR1,GFRA2,GOLM1,GRM5,HPS1,HS6ST1,KAZN,KCNK2,LGMN,LINC02422,MAP2K4,MCPH1,MYC,MYO7A,NCAM2,NEFM,NRXN3,PAXIP1-AS2,PDE3A,PJA2,PRMT6,PROKR2,PTPN20,PTPRN2,SALL3,SASH1,SLC30A7,SLC39A12,TMEM167A
1895	AKAP6,ANKRD50,ARHGEF28,ARMC9,CBLN2,CCDC3,CCSER1,CEP63,CHRM3,CLDN8,CNTN5,CPNE4,CSMD3,DAB1,DAB2IP,DLEU7,DOK5,ENSG00000271553,FGF9,GABRG3,GBE1,GRM7,HAPSTR1,KLRC1,MTHFD1L,MTUS1-DT,MUC16,NPSR1,NTN4,NYAP2,PAX7,PRDM9,PTPN21,RFC5,RGMA,SGCG,SGCZ,SLC16A1,SLC1A1,SLC5A4-AS1,SNCA,SUSD1,THRB,TRIQK,UGT3A1,UQCRFS1,WWOX,ZHX2,ZNF133
1896	ABCC4,ACSL3,ACTR2,BCAS1,CACNA2D3,CACNG7,CARD10,CBR1,CCNG2,CDH2,CENPC,CTNNA2,DCN,DDX24,DLEU7,EXT1,FGFR2,GCNT2,HS3ST2,IL1R2,KCNT2,LMTK2,LRRC4C,MAF1,METTL24,MIAT,NAALADL2,NCAM2,NOP56,PAX7,PELI2,PLXDC2,PSTPIP2,RNF182,RWDD4,SHCBP1L,SLC1A6,SULF2,TAFA5,TEX26,THBS2,TIMD4,TLK1,TOMM7,TOPBP1,TRIB2,TRIM68,WDR11
1897	ADCY9,ADGRB3,APCDD1,APOBEC3B,ARHGAP42,ASB18,BASP1,CCDC91,CCR4,CDH13,CENPE,CST9L,DLGAP1,ENSG00000223999,EPHB1,FAM78B,FAT3,FZD10,GALNT17,GFRA2,GOLIM4,GRIN2A,IFTAP,IGFBP3,IRX2,KCNE4,KCNN2,LGR5,LRP1B,MIR99AHG,MTHFD1L,MYO7A,NCAM1,NECTIN3,OSTF1,PLEKHB2,PRPS1L1,PSG7,PTPRN2,RYR2,SLC9A9,SNX9,TAFA1,TMPRSS15,TRHR,TSNARE1,ZC3H12C,ZNF516,ZNF804A
1898	AGBL1,ALK,ANKRD13C-DT,ANO2,C4orf33,CARD11,CCND1,CDH9,COG6,CPNE4,CTTNBP2NL,DLG5,EFR3A,ENSG00000237320,ENSG00000283563,FCRLA,FLT3,GRIA1,GSDMC,LRP1B,LRRC4C,MACROD2,MANBA,MFSD12,NREP,NRXN1,PCDH15,PCDH18,PRKAG2,RALYL,RBFOX1,RGS6,RNF215,RUNX3,SDK1,SEMA3A,SGCZ,SIGLEC7,SLC10A2,SMIM31,SNRPN,SOX11,STMN2,SWT1,TERF2IP,TOP3B,TSPAN9,WAC,ZNF608
1899	ADAMTSL1,ALCAM,ANKRD22,ARNT2-DT,CHST2,CYP24A1,DLGAP1,DYRK2,ENSG00000233967,ENSG00000264924,ENSG00000286886,ENSG00000287922,EPIC1,FABP7,FAM184A,FAM98A,FGF18,GRAMD2B,GRAMD4,HS6ST1,IGFBP7,IPO5,LRRC3B,MAB21L3,MRAS,MTUS2,NBPF3,NEDD9,NFE2L3,OPRM1,OSR1,PCDH7,PRL,PSD3,PYGL,SEC14L5,SERPINE1,SEZ6L,SFMBT2,SLITRK5,SORCS2,TACC2,TECRL,TERB2,TMEM132D,VWA5A,ZNF407-AS1,ZNF740
1900	ACOXL,ALX1,BBS10,BMP2,CCSER1,CTSC,CYP4F12,DAAM1,DDX18,DSCAM,ENSG00000275613,ENSG00000286452,ETV6,GABRG2,GCNT2,GP6-AS1,HK2,HNRNPU,IFTAP,IL17RA,LPP,MDFIC2,NCAM1,NDUFA10,OR8B12,PALM2AKAP2,PCDH18,PHLPP1,PMAIP1,POT1,PRMT6,PROK2,PTPRD,ROBO2,SLC14A2,SLC35B3,SPSB1,ST6GALNAC5,TBC1D4,TBL1XR1,TMEFF2,TMEM114,TMEM132C,TMEM132D,TMPRSS15,VWC2,XCL2,XKR4,ZNF346
1901	ADAMTS3,BCL11B,BICRA,BMAL1,CCDC179,CCER1,CDH13,CH25H,EIF1B,ENSG00000273325,ENSG00000289392,EYA1,FOXD2,FRMD4A,GRM7,GSX1,HEG1,HJURP,HSD17B4,KCNQ1,KIAA1549,KIF13A,KIRREL3,LDLRAD3,LILRA2,LINC02786,LMO4,MAF,MALT1,NPAP1,NSUN2,PBX1,PLXDC2,PRKCA,PSAT1,PTPRE,PTPRT,SCG2,SEC14L1,SH3GL2,SHISA7,SLC4A7,SMR3B,TARBP1,TGFBR2,TMEM132C,TTLL7,ZNF484,ZNF695
1902	AXIN1,C9orf72,C9orf85,CDC5L,DDX60L,DPP10,DPYD,ECRG4,EFCAB6,EFEMP1,ENSG00000197991,ENSG00000285082,ENSG00000289074,FGF18,FLYWCH1,FTO,GALNT15,GALNT17,GRIK2,HS6ST1,JRKL,KCNJ16,KCNT2,KRTAP5-6,LRATD1,LRP1B,MAP3K4,METTL15,MTPN,NELL1,NRG1,OPCML,OTOP1,PHC3,PLPP7,PLXDC2,PRKN,QSOX2,RBFOX1,RBM28,SLC25A13,SLC35B3,SMIM7,SORCS2,SUMF1,TMEM176A,TMPRSS15,UGT2B15,ZMIZ1-AS1
1903	AHR,ANKRD30B,APOC2,BRINP3,CCDC102B,CCND3,COQ7,ENSG00000288520,GALNT2,GAS1,GDF3,GEMIN6,GLI3,GLIS3,GMNC,GPR158,GPR6,GRIN2A,KCTD15,KLF10,LARGE1,LRIG3,MAML3,MATN2,MCPH1,MYO19,NCAM2,PAK5,PCDH10,PCDH7,PDZRN3,PHLDB2,PLCB1,POGLUT1,PPA2,PRKG1,PSD3,SALL3,SCML4,SLC14A2,SLC1A6,SUCLG1,TAS2R1,TBC1D32,THBS2,UNC5C,WSCD2,ZFP42,ZNF516
1904	ABCA1,AP1M1,APOC2,ATXN3,CAMSAP2,CASZ1,CDH10,CNTN6,COL15A1,DCHS2,DOK5,ENSG00000272293,ENSG00000272411,EPHA5,ESRP1,EYS,GALNTL6,GAREM1,GC,GRIP1,HNRNPA3,ICE1,IZUMO3,KLHL1,KLHL38,LAX1,LRRC74B,MAP1B,MBL2,MCOLN2,MRGPRE,NCAM2,NPTN,NXPH1,OR13C5,PREP-AS1,RASGEF1B,RASSF9,SIM1,SLC24A3,SNHG18,STMN2,TAFA5,TBX3,THSD7B,TNFRSF21,TRIP11
1905	ADRA1D,AGR3,ANTXRL,ARHGEF26,ATP10A,CDH10,CEP120,DNER,ENSG00000287694,EXOC1L,FAM13A,FHIT,FSTL5,FTMT,GTPBP10,HECA,HMBS,INMT-MINDY4,KDM4C,KLHL1,KSR2,LEPROT,LRFN2,NHSL1,NPSR1,OLFM3,OR52I2,PAWR,PCK1,PCLO,PER3,PRR16,PTPRD,PTPRU,SEMA6D,SLC7A5,SNX29,SORCS1,SP110,ST6GALNAC3,SULF2,TAFA5,TMPRSS15,TSPAN9,TYRP1,UGT2B11,WDR72,ZBTB7C,ZNF728
1906	ABHD5,ADAMTS5,ADAMTSL1,ADCY1,ANK1,ARHGAP42,ARHGEF26,B4GALT4,BAMBI,C10orf143,CDH12,CEACAM5,CELF2,CLN8-AS1,CLVS1,CNTN4,CNTN5,COL12A1,CPED1,CPNE4,CXADR,DIPK1C,DNAH9,DSC3,FAH,FYN,KCNIP1,KCNIP4,KRT76,LINGO2,LIPC,LRATD1,MKI67,MYH10,NFASC,PPFIA2,PRKCQ,RASD2,RBFOX1,SLC10A2,TAMM41,TGFBR2,TLE3,TMEM131L,TMEM229B,TRMT11,TTC8
1907	AKR1B1,CDH13,CDH17,CHID1,CHIT1,CNTNAP5-DT,EML1,ENSG00000285566,FAM174B,FOXF1,GARIN1A,GC,GPRIN3,GRASLND,IGFBP7,IRX5,KBTBD11-OT1,KIT,LINC00706,LINC01705,LURAP1L,MAGI1,MARCHF1,MRPL36,MSX2,MTNAP1,NEDD9,NFX1,NPLOC4,NWD1,OPCML,PCDH17,PER3,PFKFB3,PLCG2,PPM1H,PPP1R3B,RB1CC1,RBFOX1,SEMA4D,SGCZ,SLITRK1,SQOR,STPG2,SV2C,TECRL,TENM3,TRAPPC9
1908	ADGRF1,ADGRF4,AGBL1,AHNAK,AMPD3,ANKRD36B,APP,ATP10A,C6orf141,CALN1,CCDC146,CD164,CDC73,CFH,DAB2IP,DLC1,DUSP6,EMP3,EPSTI1,EXOC2,GRIN3A,HEATR4,HS3ST3B1,HSBP1,HSF2,LCE1B,LRIG2,MCPH1,MED13L,OXNAD1,PBLD,PCGF5,PLA2G4A,PRKG1,PRR16,RAB28,RSL24D1,RXRA,SLFN12,ST6GALNAC3,STPG1,TLN2,TMPRSS15,TMTC1,TRA2B,TUNAR,UBE2F,ZNF525,ZNF883
1909	ADGRB3,ADGRV1,AKNAD1,ATRNL1,BARHL2,BOD1L1,BTBD3,C16orf82,C1orf94,CAMKMT,CHST11,CNTN6,CREBRF,CRIM1,CYB5R3,DAOA,DAPK1,DIPK2A,DNAH11,DPYSL2,EPHB2,FAM135B,FAM98A,FARS2,GATA6,H6PD,IGSF10,LRRTM4,LY6H,MBL2,NALF1,NBEA,OSBPL10,PCDH7,PCDH9,PELI2,PRDM9,RAB5A,RBPJ,RYBP,SEMA3E,SEMA4B,SGK1,TBC1D22A,TMEFF2,VEGFC,VSTM5,WDR59
1910	ADCY2,BAMBI,BATF3,BHLHE40,C16orf82,CCDC112,CCDC178,CDH18,CLEC3A,CNTNAP2,CSMD1,CTBP2,CWC15,DPP10,DTHD1,EDEM1,ENSG00000248927,EPHA5,FAM131C,FGGY,FTMT,GALNTL6,GPR158,HS6ST1,JCAD,KAZN,KRT3,LINC00539,LINC00667,LRP2,MYCN,PLEKHA7,PRKN,RBM26,RERG,SEMA5A,SGCG,SIPA1L2,SLC26A8,SOCS6,TAFA2,TBC1D32,TMEM135,UBE2QL1,UPB1,ZNF354A
1911	ABTB3,ADARB2,ADGRB3,ANKRD18A,APBB2,BHLHE40,BRINP3,CBFA2T3,CDH8,CFAP144P1,CLSTN2,CNOT7,CPPED1,DIPK2A,DIRAS2,ENSG00000215156,EPHX2,ERBB4,F3,GNAO1,GRK6,KRTAP5-5,LMX1A,LMX1B,LZIC,MN1,MPHOSPH6,MTMR2,MTUS2,OR8A1,PCDH17,PDIA6,PJA2,PLCG2,RPS23,RPS6,SLITRK2,SMIM36,SPATA16,SPOCK3,STK32C,STXBP6,TBC1D22A,THSD7A,TRHDE,TYRP1,WIPF3,WNK2,ZNF385D
1912	ADORA2A,AGAP1,AGK,AKAIN1,ANKRD55,ATP5F1C,AVPR1A,BBS9,CDH9,CFAP43,CLMN,CRIM1,CTTNBP2NL,CXADR,DAOA,ENSG00000239920,ENSG00000285820,FCRL5,FMN2,FUT9,FZD8,GBE1,HAS2,HBG2,KCNJ15,L3MBTL4,LMO7,LUZP2,MAML3,MCPH1,MROH9,MSR1,MYO7A,OSTF1,PABPC4L,PCDH18,PCDH7,PGCKA1,PODXL,PTGER4,RAPGEF2,SEC22A,SEL1L,SGCG,SLC28A3,SLCO4C1,SLITRK2,SPRY2,ZFYVE28
1913	ADAMTSL3,ADGRB3,AKR1C1,APCS,ARL4A,ATP10A,BMP2,C2orf72,CNTN5,CTNND2,CYLC2,DLC1,DNM1,EGFR,ENSG00000284686,FAM161B,FRMD6,GRAMD4,GRM7,HAPLN1,HPCAL1,ITGA4,KCNAB1,LINC02018,LPP,LRATD2,LRFN5,MC4R,MCFD2,MCPH1,NFKB1,NPY2R,PCLO,PDGFC,PDZRN3,PROKR2,PTK2,RP1L1,SETBP1,SMIM31,SNX16,SORCS1,SPRING1,TBX18,TEK,TENM4,TICAM1,TREML1,VSTM2A
1914	ACSL3,ADAMTS12,ADGRL3,ALDH8A1,AMY1C,ANTXR2,APP,ARGLU1,ATP2B2,BIK,CCDC179,CDH12,COBL,DEFB130A,DYNC2H1,ELMOD2,ELOVL6,EMX2,ENPP1,ENSG00000253619,FGF12,GRM7,HELT,ID2,KCNA5,LDHA,LINC03072,LPL,LRRIQ3,LY86,MEGF11,MYOM1,NAV3,NEIL3,PCSK6,PELATON,PPFIBP2,RELN,RFX3,SLC22A3,SMIM8,SPCS3,SPON1,SVIL,TENM2,TFAP2A,TMPRSS11F,ZFHX3
1915	AGA,AGBL1,APBB1IP,AQP1,ARID1B,ATXN7L3B,C10orf90,CACNB2,CACNG2,CBLN2,CLVS1,CNTNAP2,DBH,ENSG00000286957,EPHB6,FAM3C,FHIT,FTMT,G3BP1,GPAT3,IGFBP7,IRX5,KDM4C,KIT,LTK,MAB21L3,MANEA,NFIA,NT5E,NTRK3,NXPH1,PCM1,PDE5A,PFKP,PKP1,PRR16,PSAT1,SGK1,SMAD3,SNX9,ST6GAL2,STT3B,TMEFF2,TMEM132B,TNFRSF11A,TTC29,ZNF480,ZNF670
1916	ABCA13,ANKRD26,ANO5,ANTXR1,ATP8A1,C6,C7orf78,CCDC3,CDK18,CFAP69,CPXM2,CSMD3,CTSO,DLC1,DMAC1,EGFLAM,ENSG00000265643,ETAA1,EVA1A,GALNTL6,KLHL1,LINGO2,LMBR1,LSP1,MCPH1,MSC,NPVF,OLFM4,OSTM1,PCDH15,PCDH7,PCDH9,PHLDA1,PLA2G4A,RGMB,RGS17,RPS6KA2,SEMA5A,SIGLEC12,SIK1,SLC45A1,TDRD3,TET2,TMEM114,TMPO,TUSC1,ZNF670-ZNF695,ZNF804A
1917	ADGRF5,ARL4A,ASTN1,BLK,BRINP3,C4orf33,CASC2,CDH19,CDX2,CNTNAP2,CRYM,DOCK5,DPP6,EIF3M,ENSG00000273167,FAM171A1,FERMT1,FEZ2,FUT8,IMPG1,LARGE1,LRIT3,MAF,MAT2B,MIR646HG,MPDZ,MYC,MYCN,NPFFR2,PAK5,PAX3,PDK4-AS1,PDZRN3,PGBD5,PLCB4,PLPP4,PREX2,PRKN,PTPRT,RASGEF1B,RBM26,RNF144A,SCYGR10,SH3RF3,SRGAP3,ST3GAL1,SUCLA2,WWOX
1918	ADAMTS17,AGR3,ALCAM,API5,ARHGEF28,ATP5PF,BCL11B,CD226,CDH13,CRYBG1,CTIF,CYP4F12,DHCR7,DTNBP1,ENSG00000263684,FAT1,GABRG2,GALNT17,GALR1,GUCY1A2,HS3ST3B1,IL1RAP,IRX2,LINC02064,LINGO2,LRRN2,MAP1B,MCPH1,MEF2C,MIS18BP1,NDFIP2,NPTX1,PRKCH,PTPRD,RPS6KA2,SGCZ,SLITRK5,SPTLC3,SRGAP3,TLL1,TNIK,TOX2,TRHDE,TRPA1,TUSC1,VOPP1,ZNF326,ZNF558
1919	ABCA4,AGBL1,AJAP1,ARL4A,BASP1,C11orf21,C4orf33,CERS4,CHORDC1,CLDN1,DAB1,DIPK2A,DROSHA,EDEM1,EYS,FAM43B,FBXO33,FLYWCH2,GATA3,HES1,HS3ST2,ICE1,IQSEC1,KDR,KLRG2,LINC01324,MCTP1,MRPL39,NCOA3,NETO1,NPAS3,NRXN1,NUDT12,OSTF1,PIK3C3,PROKR2,PRORP,PRR18,PTPRT,PWRN1,RAPGEF2,RBFOX1,RPUSD4,SORCS1,SUGP2,TELO2,THRB,TMX3,ZFPM1
1920	ACTR3-AS1,ADAMTS9,ADCY10,AGTR1,ARL4C,ASB3,CAMK4,CDH22,CDYL,CHL1,COL22A1,CRIM1,DACH1,DDX11,DSC3,DUSP4,EIPR1,ERCC4,FBXO25,GLI4,GLT1D1,GRIN2A,GRIN3A,IFT52,JCAD,KCNA4,LCMT1,LINGO2,LRFN5,LSG1,LYPLAL1,MAGI2,MCTP2,MGAM,MIR99AHG,MROH5,NANOS1,NEFM,NOVA1,NUDT12,PALMD,PAX7,PMP22,PRKN,PROX1,PTGER4,SGCG,TBX18,YTHDF2
1921	AGMO,API5,BCL11B,BPI,CBX7,CCDC91,CDH2,CEP192,CHL1,CIBAR2,CLIC4,CRB1,CSMD1,DGKB,EVC2,FAT1,GADL1,GPC6,IGSF21,JUN-DT,KCNQ5,KCNT2,KLF12,MACROD2,MAGI1,MAGI2,MIR3976HG,OGFOD1,PDGFB,PITX1-AS1,POMT2,POT1,PRL,RIOK3,RYBP,SGCD,SLC4A4,SORCS2,SPATA17,SPRY2,ST8SIA6-AS1,TENM3,THSD7B,TIMD4,TRAM1L1,TSN,TTLL11,UBC,VSTM2B
1922	ANO5,APTX,ARAP2,ARL15,ATP6V1H,BEND7,CBLN2,CCDC179,CNPY1,CNTNAP5,COX10-DT,CPNE4,CSMD1,CYP2U1-AS1,DTWD2,DYNLT1,DYRK2,EGFLAM,EYA1,FAM181B,FBXO25,FSTL5,GALNT1,GATA4,GRIP1,HDHD2,IFI27L1,ITGA6,KRT3,LINC02718,LPP,MKI67,NELL1,OR2B11,OXNAD1,PRSS55,PSCA,PTPRD,RNASET2,RXFP2,SCARA5,SNX16,SPRY4,TMEM38B,TMPRSS15,TRPC4,UROS,ZNF385D
1923	ACOT11,AGBL1,ANKRD7,ARNT2,ATXN1,BMP2,C4orf54,CDH6,CDH8,CDYL,CIB4,CSMD1,CSMD3,DDX60L,DSCAML1,ENSG00000288520,FAM120B,FSTL5,GOLGA8A,GTF2IRD1,IRF8,KIRREL3-AS4,MAP1B,MDGA1,MIR3667HG,MSX2,NCAM1,PLPP4,PMP22,POLI,PRKCQ,RAB18,RPL15,SCIN,SERPINB8,SINHCAF,SLC24A2,SLC35B3,SLITRK6,THSD4,TNFRSF11B,TNFSF13B,TTC7A,VEGFC,WDR11,WFS1,ZFAT,ZNF500
1924	ABI1,ATCAY,C8orf34,CADM2,CCDC179,CD1D,CSMD2,DPP6,EEF1A1,EFNB2,ENSG00000286546,FABP5,FGF9,GRAMD2B,ITGA8,KCNQ3,LTBP1,MARCHF11,MBP,NDUFAF6,NLGN1,NLRP1,NXPH1,OVOL2,PANK4,PLPPR5,PLXNA1,PRDM16,PRMT6,PTGER4,PTPRN2,RAB6C,RFX6,RGS18,SGCZ,SH3YL1,SLC10A2,SMAD6,SMARCA2,SOBP,SPAG17,SSBP2,SYT16,TFF1,TMEM45B,VGLL4,WWTR1,ZDHHC21,ZNF722
1925	ACVR2A,ADAM12,ADIPOR2,APOBEC3G,ARHGEF28,BORCS5,C1orf94,CDH18,CHST15,CLSTN2,DUSP4,DYNLRB2,ENSG00000239920,ENSG00000253288,FHIT,GSC,HJURP,IRGC,ITGA6,ITGB6,KCNS3,LINC01559,LMTK2,LUZP2,LZTS1,MKI67,MRPL15,MYLK,NTM,POFUT3,POLN,RAB28,RAP1B,RSKR,SALL3,SDR16C5,SEL1L,SGCZ,SLC24A3,SPRY2,SUCLA2,SVIL,TBX3,TMEM45B,TPD52L1,TSNARE1,TSPAN8,ZP4
1926	ADGRL3,ANKRD55,ANO2,ARAP2,ASPH,ATP5MC3,ATP6V1G1,BFSP1,C8orf90,CAMK2A,CAPZA3,CDK6,CERS4,CNTN4,CTNND2,DACH1,FCRL4,FGD5-AS1,FLT3,HS3ST2,IPMK,IQGAP2,KCTD16,LINC02145,LINC02772,LMO1,MAP1B,NECTIN3,NELL1,NKAIN2,OLFM1,PCSK2,PDCD5,PDE1A,PRDM16,PRRX2,PTPN3,RTN4,SLC16A6,SPADH,ST6GAL1,STAMBPL1,TENM3,TMEM14A,TNFSF13B,TRARG1,ZHX2,ZMAT4
1927	ABCA10,ADGRB3,AJAP1,ARHGAP29,CDH18,CNOT4,DUSP22,EFCAB2,EFHD1,ENSG00000239920,ERICH1,ETV6,FAM110C,FUT2,GABRB3,HSPH1,KHDRBS3,KLRC1,LINC00944,LINC02018,LINC03124,MMP26,MSR1,MYC,MYCN,NAP1L1,NBEA,NR2F2,NRSN1,PGLYRP3,PHYHD1,PINX1,PLXNA2,PRKN,QKI,RASGRP1,RBFOX1,RHD,SEPTIN9,SLFN5,SLITRK6,SOX9,TEK,THRB,TPRG1,TRERF1,TTLL3,UNC80,VRK1
1928	ABI1,ADAM12,ADCYAP1,ALDH3B2,ANKRD18A,DHCR7,DNAH9,DPYSL2,DPYSL3,EFR3A,EIF2A,ENSG00000267568,EYS,FAM89A,FLVCR1,FOXF1,GRM7,IFNE,ISM1,LINC00385,MALT1,MGLL,MKI67,MYLK,NCAM2,NEURL1B,NRCAM,PFKP,PKNOX2,PODXL,PRDM16,RASAL1,RGS9,RNF17,SAMD9,SCD5,SGCZ,SGO1,SLC9A2,SLITRK1,SOX9,SPOCK3,THUMPD2,TMED3,TMEM132C,TRIM13,UNC13C,UST,ZHX2
1929	ABCA10,ARHGAP24,ATP11A,C8orf34,CCL24,CDH23,CLEC1A,COL4A2,CPE,CSMD1,CST1,CTH,DAOA,ENSG00000184441,ENSG00000256654,FAM135B,GUSBP5,HSPA12A,LRRC4C,LURAP1L,MCPH1,ME1,MIR3667HG,MPDZ,NAALADL2,NAV1,ODAD2,PCDH20,PDZD2,PDZRN3,PLXNC1,PMM2,PODXL,PPFIA2,RGS18,RHOF,RNF144B,SCD5,SIPA1L3,SLC24A3,SLC6A6,SLCO3A1,SMYD4,SNRPB2,SNX16,SPOCK3,STIM2,STK3,TMEM45B
1930	ACTN1,ADAM22,ADAMTS15,ARRDC4,ATP10A,BMP2,BUD13,CASP4,CCDC178,CCDC179,CDH4,CFAP144,CLU,CNTN5,COL22A1,COPG2,CREB5,CSMD2,CUX1,ENSG00000264693,FOXI1,FOXL1,FRY,FZD8,GABBR2,GADL1,GOLIM4,HELB,HK1,HTR7,IFI16,IFNGR1,KLF4,LINC00382,LINC02377,LRFN2,LRP1B,PDE1C,PPFIBP2,PTPRK,RNASE4,SERPINB8,SGCD,SLC31A2,SLC4A7,SNW1,SOX11,UNC13A,UST
1931	ABCB11,ACOX3,ALG14,ARHGEF26,ASB3,BNC2,CCDC74A,CD109,CDYL2,CLDN8,CRYAA,CTNNA3,DNAH17,ENSG00000286621,EPAS1,ERVK13-1,FLRT2,GAS6,GATA3,GLRX3,IL17RC,KCNQ3,KRABD3,MCUR1,MDGA2,MTPN,MYOM2,NLRP5,PCDH7,PCSK2,PKD1,POU5F1B,PRDM11,PRICKLE1,PTPRC,PTPRD,RBFOX1,RCBTB1,RGMA,SGCG,SLCO4A1,TBX15,TMPRSS15,TRAV19,TTC7B,YWHAQ,ZFYVE28,ZNF14
1932	ABCC4,ABHD17C,ADAMTS2,ADARB2,ANKH,CARD9,CCSER1,CD82,CDH12,CNTN5,CNTN6,CYYR1,DCAF13,DCDC2C,DPP6,ENSG00000278192,ETV1,FSCB,GCK,HLA-DQA2,HMHB1,JRKL,KCNT2,LINC02506,LY86-AS1,NAV2,NCAM2,NMNAT3,OSBPL10,PHACTR4,PI4K2B,PPIG,PPM1H,PRDM5,PTPRC,PTPRD,RGS17,RMDN2,SLC39A11,SLC4A3,SLCO3A1,SP100,TBX20,TENT4A,TMEM106B,TMX3,TNS3,TRH,ZBTB40
1933	ACACB,ACER3,AMOTL2,ANO3,ANTXR2,BLK,CCR1,CDC7,CDH13,CNTN4,CNTNAP5,CSMD1,CYP26B1,ELN,ENSG00000260362,ENSG00000288951,ETV3,FHOD3,FUT8,GALNTL5,GRIN3A,HPCAL1,HRH1,HSD17B4,ICE1,IFTAP,KRT7,LINC02708,LINC02822,LRFN5,LRRC4C,MEGF6,NEBL,PDGFC,PIP4K2A,PJA2,PTN,RAB28,RBM46,RFX3-DT,RGS6,RYR2,SGCG,SLC2A1,STIM2,SUPV3L1,TESMIN,TYRP1,WDR41
1934	ADAM12,ADAMTS9,ADAMTSL5,ALG10,ANKRD30BL,ANKUB1,ANO3,ARSB,AZI2,C4orf33,CDH9,CLVS2,CNTN5,DCDC2C,DCTN6,DIRAS2,DNAI7,EFR3A,ENPP6,FICD,FOXI2,GABRG3,GMNC,HTR4,ID4,IMPA2,KCNMB2,LCP2,LHFPL6,LINC02431,LINC02506,MAN2B2,MDGA2,MPRIP,NEK6,NR3C2,RBFOX1,SAAL1,SCARA5,STON1-GTF2A1L,SUGCT,TAL2,TBL1XR1,TBX20,TMPRSS15,UBA6,UBE2E2
1935	ALG1L2,APCDD1L,BASP1,BCL11B,C4orf33,CCL1,CEP57L1,CNTN5,COL6A3,CTIF,DLG2,DMAC1,DSEL,EFNA5,EGLN3,EIF3E,ENSG00000271743,ENSG00000286908,EYS,FFAR4,FLI1,FREM1,GABBR2,GPC6,IRAG2,ISX,KCNAB2,KLHL29,LY75,MREG,NAALADL2,NARS1,NRG1,P3H2,PCSK7,PRMT6,PTPRD,RBM19,RFWD3,RNF125,SDHAF3,SGCZ,SLC9A9,SOCS2,TCERG1L,TENM3,TPM1,TRIM24,TUSC1
1936	ADGRD1,AGBL1,ARPP21,BCHE,CCDC60,CDH2,CDH26,CH25H,CHORDC1,COBL,COLEC11,DHRS3,DLGAP2,EGFLAM,ELFN2,ENSG00000261783,ENSG00000283321,FAM98A,FOXO1,GPLD1,HS6ST3,HTR1B,KBTBD7,KLF3-AS1,MALRD1,MAPRE1,MDGA2,MEAK7,MIR1-1HG,NRN1,OPTN,PALMD,PGLYRP4,PI15,PICALM,PMEPA1,PPFIBP1,PRLR,RFPL4AL1,RPL18A,SAA2,SEC23A,SEPTIN9,SLC41A3,SMARCE1,SS18,STX11,UNC13C,ZNF532
1937	ACTA1,AGTPBP1,ARAP2,BBS12,BCKDHB,CCDC102B,CDH1,CETP,CNTN6,COL11A1,CRIM1,DGKB,DNAH5,F13A1,FBXO28,FGF6,FHIT,FLI1,FMN2,FOSL2,FOXK1,FOXQ1,GRK4,IMPG1,ITIH5,KCNK17,KCNMB2,LINGO2,LRRC3B,MDGA1,MYOM2,PCDH18,PRICKLE2,PTPN18,RAB6C,RGS18,RNF32,SCNN1B,SERPINA4,SH3RF2,SLC28A1,SPNS3,TAFA5,TMEM114,TRAPPC8,TRDN,VGLL3,WNT11,XYLT1
1938	ADAM19,ADARB2,ADCY8,ALCAM,BRINP3,C16orf95,CBR3,CD69,CNTN5,CREB5,CSMD1,CTNNA2,CXADR,CYRIB,DAB1,DCPS,FER,GALR1,GLRX3,GRM7,HAO1,HS3ST4,IRX4,LRCH1,LYRM4,MAD1L1,MINPP1,MYO16,NCOA1,NREP,NRSN1,PCSK2,PIGN,POU4F1,PRICKLE2,PRMT6,RBFOX1,SLITRK5,SPOCK1,TMC5,TMEM238L,TNFAIP2,TRAF1,UBC,VEGFC,VSTM5,VTA1,ZNF124
1939	C1QB,CAP2,CBLN4,CD53,CDH11,CDH7,CDYL2,CLHC1,ENC1,ENSG00000249111,ENSG00000257027,ENSG00000283674,ENSG00000284686,EOMES,FCRL5,FOXK1,FREM1,GAP43,GRM8,GUSBP11,KCTD16,LRFN5,MCC,MMAB,MN1,MPPE1,MYOM2,NCAM2,NOVA1,PCDH7,POM121L12,PRDM10,PTPRR,PXDC1,RAB38,RBFOX3,RPS6KA2,SERP2,SLC30A7,SLC39A8,SLCO3A1,SLITRK6,SNX29,SOX1,SPATA17,STK32B,SUN1,TAFA5,TLE1
1940	ADAM12,ADAMTSL1,ARGLU1,ARHGEF26,ATXN7L1,BECN2,BOD1L1,CDH12,CDH9,CEACAM7,CPEB2,CSMD1,DNAH8,DRD2,ENSG00000286221,FCRL4,FGGY,FLCN,FNDC1,FOXB1,GABRG2,GALNTL6,GOLIM4,GRM7,ING3,KANK3,KCNQ5,LINC00299,MAN1A1,MARCHF1,MCF2L,MCPH1,MINAR1,MYCN,NAALADL2,NSG2,NUP35,NXPH1,PXDC1,RBFOX1,RNF144B,SLC39A11,SLC44A1,SLCO4A1,SPTLC3,UBE2E3,UBL3
1941	ADIPOQ,AGAP1,ANTXR1,ATP10A,BTBD16,BUD13,CCDC174,CFAP418,CIMIP1,CNTN6,CRACD,CRMP1,DIAPH3,DIRAS2,DOCK1,DUSP10,ENSG00000197585,ENSG00000254396,FRMD4A,GPR88,GRPEL1,ITPR1,KCNAB1,KRTAP21-2,LENG8,LINC02268,LRRC4C,MACROD2,MCPH1,MSI2,NAXE,PLCL1,PLPP3,PLPPR2,PROM1,PSTPIP2,RAB12,RALYL,RASEF,RRM1,SAMD5,SLITRK5,SMLR1,TMEM135,TMEM98,TOMM20,USP24,VRK3,VWC2
1942	ABCA13,ABHD2,ALCAM,ANKRD30A,BMP2,CD164,CDH4,CGNL1,CREB3L2,CSMD1,DAP,DPP10,ENOX1,ENSG00000255021,ENSG00000284837,ENSG00000287550,FAM90A26,GALC,GALNT13,GOLIM4,GPAT3,GPC5,GPLD1,GPR39,GRM8,GTF2E2,HLA-DRB5,IGSF21,KCNMB4,KLF6,LINC01899,LRRTM4,NFIA,NHSL1-AS1,NPFFR1,NRXN1,PCDH15,PLCB1,PRDM9,QKI,SGCG,SLC30A8,SNTG1,STAT4,TTC7B,UBASH3B,UQCRFS1,YWHAQ,ZBED3-AS1
1943	AGA,AGAP1,APBA1,CACNG3,CCDC85C,CDH10,CELF2,CKAP4,CNTN5,COX4I1,CYLC2,DLEU7,DSC1,EPB41L3,ERBB4,FBN3,FHIT,GRIK4,HMGA2,JUN,KLF10,LGALS9,LMX1A,MEI4,MOGS,MPP7,MTRR,NR3C2,OTULIN,PRDM1,PRKG1,PRR16,PTPRD,PYDC2-AS1,QKI,RIN2,SALL3,SALL4,SGO2,SULF1,TBCA,TCERG1L,TMEM120A,TRAM1L1,TRMT9B,TRPM6,TTLL11
1944	ACKR1,ACTR3B,AGPAT3,AMY1C,ANKRD50,ANO5,APOL2,ASRGL1,AUTS2,BOD1L1,C10orf143,C11orf65,CCDC171,CLDN1,CTNNA3,CUL2,ENSG00000255477,ENSG00000257275,ENSG00000261537,ENSG00000279668,ENSG00000289710,FLNB,GRID2,HS3ST1,HSD17B3,ID2,ING2,INPP5D,KIRREL3,LZTS1,MARCKS,MFGE8,NAV3,NSUN2,PRKD1,RGMA,SELENOT,SERPINE2,SLC27A6,SLITRK5,STX8,SVIL,TENT5A,TPK1,TSHZ1,TUSC1,UNC13C,WDR88,XRCC2
1945	ADAM22,ADARB2,ADCY7,ANO5,ARHGAP28,ASB3,CCDC59,CNPY1,COP1,CTNNA3,DIPK2A,DRAM1,ENSG00000285553,FAM114A1,FAM241B,FMO3,GABRG1,HMGCLL1,HSF2BP,KIAA1549,LINC00939,LINC02680,MAP3K7,MAPT,MASP1,MPDZ,MTHFD1L,MYO16,MYZAP,NAF1,NXNL2,PYGL,RAMP1,RBFOX1,RORA,RPL39L,SDK1,SIRAL2,SLC1A6,SMC2,SMPDL3A,STX2,TCF21,TENT4B,TIMM13,TMEM255B,TMPO,VDAC3,XRCC2
1946	AGMAT,ALDH3B2,ASB3,BANK1,BMP5,BTBD3,C8B,CDH19,COL4A1,ENSG00000237529,ENSG00000289477,EPCIP,EPSTI1,FAM174B,FBN3,FHOD3,GABRB3,GCNT1,GRIN2B,IZUMO3,KIRREL3,LOXHD1,LPIN1,LY86,MPP7,MYO1E,MYOCD,NUDT12,OAT,OPA1-AS1,OPCML,POPDC2,PRKG1,SNX5,SNX9,SPTLC3,SSU72L5,SSUH2,STARD13,TBC1D16,THSD7B,TMEM158,TNRC6C,TPK1,TTK,TULP3,WDR17,XRRA1,ZFHX3
1947	ADRA2C,ALPL,ANKH,CDH18,CDH26,CLDN23,DHX35,DSC3,DSCAM,DZANK1,EDEM1,ENSG00000287775,FIRRM,FSTL5,GALNTL6,GPR158,GPR39,HMX1,IFTAP,JUN,KCNN2,KLK11,LARGE1,LINC00511,MIMS2,MRGPRX2,MTX3,NCOA3,NDUFA10,NDUFA4,OPRM1,OSTF1,PAK6,PAPSS1,POGK,PPL,PTPRT,REEP1,ROBO1,SLC26A5,SLC35F4,STEAP1B,TMEM132C,UBC,UFM1,VRK2,WDR1,ZEB2
1948	AAK1,ADGRG1,ARFGAP3,ATPSCKMT,AUTS2,CA8,CACNA2D1,CARS1,CELF4,CETP,CSMD1,CTNNA2,DNM3,DSC3,ENDOG,ENSG00000237378,ENSG00000285566,FGF12,FTMT,GLRX3,HNRNPU,IFNA1,JAKMIP2,KAT14,KCNIP1,KRT10-AS1,LIG4,MATN1,MC4R,METTL4,MPP7,MTHFD1L,OSBPL10,PDE5A,PIH1D1,PLEKHG1,RBM46,SAMD12,SERINC5,SGCG,SLC28A3,SORCS1,STAM2,TAFA1,TBX3,TEX101,TPMT,TRAT1,VRK1
1949	AADAT,ADAMTS9,AKAIN1,ALOX12,ANO4,BCL11B,BICC1,BMPER,CCDC85A,CEP170,CITED2,DPF3,DYM,EPB41L4B,FAM107B,FAM3B,FHIT,GFRA1,GLRX3,GPC6,KCNIP4,KCNN2,LINC03040,MAML3,NLGN1,NT5C1A,NUP35,OCM2,PABPC1,PLEKHG7,RARB,RASA1,RDH13,SETBP1,SGIP1,SLIT2,SORCS1,SP140L,SPRY2,SYT10,TDRD15,TENM2,TGM6,TMEM132B,TMEM132C,TNFRSF19,WDR11,ZNF608
1950	ABR,ADAMTS5,AEBP2,BCL2L11,BET1,CACTIN,CD1C,CDH12,CDH13,CMC1,CNTN4,COBL,COL1A2,CRPPA,DDIAS,ECT2L,EIPR1,ENPEP,ENSG00000206356,EYS,FLRT2,FOXN3,FSTL5,GATA3,HELZ,ITGB2,LINC02532,LRP2BP,LRRC30,MCPH1,NWD2,PCP4,PIK3C3,PLA2G6,PMEPA1,PTPRD,RAP2A,RIOK2,SCN9A,SLC10A2,SLC1A4,SNTG1,SORCS1,SPACA1,TAFA5,TLR1,TRAPPC10,TSKU,TSN
1951	AKR1C4,ALPK2,C14orf180,CARD11,CCNYL1,CCSER1,CDH4,CHODL,CLDN23,CSMD1,DCBLD2,DOCK4,DPP6,DTWD1,EDNRB,EHD3,FTMT,GASK1B,GLB1,JUN,KDM4B,LARS2,LINC00550,LRP8,MAP3K20,NXPH2,PATJ,PCDH15,PDE8A,PERP,PHACTR1,PLSCR5,POLR1F,POM121L12,PTH2R,RAD9A,SLC22A16,SLITRK5,SPHKAP,TACC1,TBX3,TGFBR2,TPCN2,WWOX,YTHDC2,ZNG1A
1952	AGA,AQP4,ASAP1,ATG10,BHLHE22,BIN2,BLACAT1,CARMAL,CCDC179,CDC14C,CDH13,CELA3A,COX7C,DGCR2,DNER,DOP1B,ENSG00000225209,ENSG00000272275,ENSG00000273167,FAM246B,FRMD4B,FRY,GABRB3,GPC1,H3-7,KLF12,LINC02055,LRRC4C,MCEE,MSR1,NARS1,NECTIN3,NREP,PMM2,PNLIPRP3,PTPRR,RGS7,SALL3,SEC23B,SKOR2,SLC35F4,SOX11,SPATA31D4,ST3GAL1,SV2C,TFAP2B,TMEM232,ZFP1
1953	ACAP2,ATG7,BMPER,BTBD3,CDH12,CNTN6,COL6A6,COX18,CSMD1,DAPK1,DGLUCY,DSEL,DZIP3,ELOVL4,ENSG00000261770,EYA2,FECH,FLT3,GNG2,HS3ST4,HTR5A,IGFN1,JAKMIP3,KLHL2,LAMA1,LINC02347,LUZP2,MAP4K3,MFGE8,MSRA,MTCL1,NCAM2,NDUFA4,NPTX1,NUAK1,PCNX2,PCSK9,PDE4B,PFKFB3,PLCB4,PLXNA2,RYR3,SEPHS1,SP140L,TMTC4,TRAM1L1,TRIML1,XPNPEP1,ZNF519
1954	ADAMTS8,ALCAM,CCDC82,CDH8,CLEC10A,CNPY1,CNTN5,CNTNAP2,COL25A1,CRK,CTXND1,CYLC2,DIRAS2,DNAH5,DOCK9,DPYSL2,DRD1,DSCAM,ELFN2,ENSG00000258620,FAM98A,FPGT,FRMD3,FSTL5,GOLGA8A,GRXCR1,HEMK2,HMCN2,HS3ST2,LINC02826,MALRD1,METTL4,MUC13,NBN,PCDH18,PXDN,RASGRF2,RGMA,SEMA4D,SLC39A10,SLCO1B3,SLCO4A1,SUCLG1,TFAP2A,THSD7B,TMBIM4,TOX2,TTLL2,TUSC3
1955	ANO3,CEP43,CERS3,CFAP418,CRTC3,CRYGA,DEFA6,EMP1,ENSG00000197991,ENSG00000286286,EPHA5,EXT1,F2RL2,FLRT2,GALNTL6,HACE1,HAS2,HS3ST1,IL1RAP,IL6ST,INPP5D,KCNMB2,KDELR2,KIF2B,KIT,KRT10,LINC01361,LINC03067,MPDZ,MTCL1,MXI1,MYOM1,NRXN3,NUDT7,PCDH7,PIEZO2,PLPP4,POGLUT1,PRICKLE2,SAMD3,SEL1L,SEMA5A,SLC4A3,TAS2R1,TENM2,TRMT9B,TUT7,UGT2B15,ZNF331
1956	ABHD12B,ACO1,ADGRL4,ARRDC4,C6orf118,CDH7,CDON,CSMD1,CYTOR,DDI1,DEFA5,DSEL,ENSG00000235743,ENSG00000265356,ENSG00000266928,ENSG00000272211,EPIC1,FAM181B,FBXL17,FIGN,FLRT2,GALR1,ITPR1,KIAA1217,LINC00700,LINC00958,LINC03040,LRATD2,NETO1,NRP1,POLR2M,PRR20A,PTPRD,RAPGEF2,RDX,RPH3A,SLC7A10,SLITRK6,SMAD6,TBL1XR1,TBX19,TFEC,TMEM68,TRABD2A,TRAM1L1,TRIM42,ZMIZ1,ZP4
1957	ANO6,ASAH1,ATP10A,ATXN3,AUTS2,CHST3,CLSTN2,DNAH5,DYSF,ENPP6,FAM135A,GOPC,GPHB5,GSE1,HOXB7,KCNB2,LINC02018,LINC02126,LRP1B,LYZL1,MALRD1,MTPN,MYC,NADSYN1,NBPF3,NRSN1,OSGIN1,PDE2A,PPA1,RELN,ROBO1,SEMA3E,SGK2,SIPA1L2,SLC24A3,SLC2A9,SLC6A6,SMOC2,STIM2,SV2B,TBC1D22A,TMEM232,TNRC18,TOP1,TRPA1,TSPAN9,TUT7,URB2,UTRN
1958	ADCK1,ANXA13,ANXA6,AUTS2,CAMK1D,CNTN5,CORO2A,CRP,DAOA,DDIT4L,DLGAP1,DPYD,EML1,EYA2,GABRG3,GATA3,GLT1D1,GMPS,GOLGA8G,GPC5,HS3ST3B1,KDM4C,LINC01710,LRTM1,MAN2A1,MC4R,MRPS10,MYOM2,N4BP2L2,NEK7,NOVA1,NRN1,PDE10A,PIRAT1,POC5,PTPRD,RAPGEF1,RHOU,SLITRK5,SSTR5,TBL1XR1,TEX9,TLE1,TMTC1,TPD52L1,UFL1,ZFAT,ZP4
1959	ACTR8,ADCY1,B3GAT1,BCL2A1,BMP5,C1GALT1,CABP1,CAPN10,CDH12,CRYAA,DAOA,DAPK1,DOP1B,ENSG00000272297,FOXN3,FRY,GFRAL,GLCE,GPM6A,HAO1,ITPR1,KDM4C,KHDC1-AS1,LINC01909,LINC03072,LPIN1,MEOX2,NCAM2,NHSL1-AS1,NPFFR2,PDILT,PFDN4,PLA2G4A,PLCB1,PTPDC1,PYDC2,RARRES2,RNF32,RXFP2,SCAMP1,SCG3,SNTN,SORCS1,SOX11,SRGAP1,SRRM4,TPK1,UBE2E2,WNT5B
1960	ABCC6,ACADM,ADCY1,ALDH1L1,ALG10,ATP10A,ATP6V0D2,BASP1-AS1,BMP2,C12orf75,CACNG2,CCSER1,CD300E,COL27A1,CSMD3,CXCL1,DNER,EFNA5,ENSG00000265069,EPHX2,FHIT,GREB1,GRIK2,IFTAP,IGFBPL1,IRX1,LDB2,MICAL3,NEDD1,OR10G2,PCDH15,POLI,PRR16,PTH2R,PTPRU,RCHY1,RIMS1,SASH1,SGCD,SSUH2,SVIL,TARBP1,TMEM132C,TMPRSS15,TRIM68,TSHZ2,VPS8,WWOX
1961	ACOT11,BOD1L1,C8orf34,CA6,CAMTA1,CDH8,CREB1,CSMD1,DCT,DGKB,DOCK1,DZIP1,EGFLAM,ENSG00000288075,ERCC6L2-AS1,FAM53B,GLIS3,GRK5,HAO1,HUNK,IGFBP7,INPP4B,IRX1,KIF6,KLF2,MAP10,MIR646HG,MYO1C,NAALADL2,NCR1,NEPRO,OPRM1,PCTP,PDE1C,PLCB1,PLXNA2,PTK2,RDH13,SAMD4A,SATB1,SIAH2,SS18,STK32C,TMEM131L,TNS1,TRHDE,VEZT,ZNF470
1962	ANKH,ATP10B,ATXN3,AUTS2,C5orf15,CACNA2D3,CCL7,CMKLR2,CMTM8,COL18A1,CPXM2,CSRP2,DNAJB6,DYNLRB2,ENSG00000247011,FABP12,FAM43A,FHIT,FRAS1,FRMD3,GOLGA8B,GPR149,IGSF21,IL18R1,INTS10,IRX6,KCNH5,LINC00661,LINC02045,LSAMP,MUC2,MYT1L,NBEA,NRXN1,ODAPH,PKD1L1,PPP3CA,PRKG1,RFC1,RNF32,RPS14,SDK1,SLCO3A1,SMARCA2,TMEM64,WDR41,ZIM2,ZNF599,ZNF783
1963	AMY1C,ANXA5,ARK2C,BET1,BLK,BRINP3,CADPS2,CDH9,CIZ1,CNTNAP2,CNTNAP5,CSMD1,DKK1,DNAJB6,EGFLAM,ENOX1,ENSG00000285566,ENSG00000286344,GPC6,IDO2,KATNAL1,KIZ,KSR2,LUZP2,MYC,NDUFAF8,NELL1,OCSTAMP,OR5AU1,OTUD7A,PAPSS2,PDE5A,PPP1R14C,PRELID2,PRKG1,PTPRU,RERG,RXRA,SETD4,SLC44A1,SNTG1,TMEM132D,TMEM181,TMPRSS15,TRPS1,TSNARE1,ZFAT,ZMAT4,ZNF281
1964	ADAMTS17,ADGRB3,ADGRL3,ADRA1A,ARGLU1,ATP13A4,C8A,CCDC169,CDH8,CDH9,CPNE4,CTH,CXADR,CYP4F12,DSEL,DUSP10,EEPD1,EFNB2,EPHA7,FGD2,FKBP1C,FLI1,GBE1,LINC-PINT,LINC03205,LINGO2,MARCHF1,MED10,MIR3147HG,MTR,MUC20,NDN,NSMAF,NXPE2,PCDH15,PCDH18,PLD5,PTPRM,RORA,RPS6KA2,SHANK1,SLC10A2,SULF2,SUMF1,TACR1,TMEM167A,USE1,WLS,ZNF281
1965	ALDH1L2,ANKRD36C,ARSB,ATP1B1,ATXN3,C9orf152,CDH7,CFC1B,CRELD1,CRYBB2,CXADR,DMRTA1,DSCAML1,EFHC1,ELAC2,ENSG00000228592,ENSG00000230333,FGF12,FHIT,FOXN2,FYN,GOT2,KCNK5,MALT1,MORF4L1,MRPS35,NAALADL2,NALF1,NAP1L4,NEFM,OGFOD1,OSGIN1,OTOL1,PCDH15,PDP1,PLPPR5,PNMA8B,PTPN5,RAB27A,RASSF10,RASSF9,SLC39A11,SVOP,TNS1,TRDN,TTLL11,VRK1,VSTM2B-DT
1966	ACTB,ADRA2C,AGA,ATIC,ATPSCKMT,BCAS2,BRINP2,CHTOP,COBL,CPAMD8,CST3,DCT,DUSP10,EIF3B,ENO4,FBLN1,FREM2,FSTL5,GABRG1,GALNTL6,GATA6,GPC5,GYPA,INTS12,IRX5,ITPR1,LRFN2,MRGPRE,NAALADL2,NECTIN3,NELL1,NXPH2,PBX1,PCDH20,PCDH7,PMF1,PRELID2,PRKN,RSL24D1,SBK3,SEZ6L,SMOC2,SUMF1,SYNE3,TENM3,UFD1,VAV2,VWC2,ZNF827
1967	ADA2,ANAPC4,CC2D2A,CD1D,CHORDC1,CHRDL2,COL13A1,DPP10,DUSP1,ECT2,ENSG00000250791,ENSG00000266928,ERBB4,ESRRB,FOXP1,GRIN2A,L3MBTL4,LINC02145,LINC02207,LINGO2,LINS1,LRATD2,ME3,MME,MRPL39,MT1HL1,NCAM2,NEUROD4,NOX3,OPRM1,PLIN5,POP4,PPP2R2C,RBFOX1,RFLNA,SCIN,SH3BP4,SH3PXD2B,SLITRK1,SUCLA2,TAMM41,TCIM,TESC,TMEM132C,ZC3HAV1L,ZDHHC19,ZNF438,ZNF675,ZNF697
1968	AACS,ADGRD1,ADH4,AGTR1,CMPK2,CNTN6,CRIM1,CXCL1,DLGAP1,DYNLRB2,FGF14-AS2,FSTL4,GASK1B,GGTLC2,GTPBP10,ID2,IRF2BP2,KBTBD11,KDM4C,KLHL1,LINC00578,LRATD1,LRRTM4,LUZP2,MGAT5,MTHFD2,NDUFAF6,NWD2,OLFM3,OSBPL2,PKD1L1,PLPPR4,PLPPR5,POU3F3,PRSS51,RBMS3,SCD5,SEL1L,SEPTIN11,SPRY2,SPTLC3,ST8SIA1,TFCP2L1,TMCC3,TNFRSF1A,TRAPPC9,VAPB
1969	AJAP1,ANKRD30B,ANKRD55,ARHGAP44,ASB5,ATP6V0E2,BCAS1,C3orf70,COX18,DAB1,ENSG00000286982,EPAS1,FAM131C,FAM135B,FAT3,FGF6,IGFBP7,IPO5,IRX4,KHDRBS3,LRATD2,MAP2K4,NCAM2,NETO1,NFYC,NPS,NR5A2,PCDH7,PLSCR4,PNPLA3,PPDPFL,PRKG1,PTMA,PXDNL,RAB6C,RAP1GAP2,RARB,SEC24B-AS1,SEL1L,SI,SLC25A37,SOX11,SPMIP3,SYT6,THSD7B,UBE3A,ZNF804A
1970	ADAMTS17,ADAMTSL1,ALOX12,ANO2,ASIC2,B3GNT3,CASQ2,CDH11,CEP128,CES1,CHORDC1,CLIC5,CTNNBL1,DNAH5,DSC3,DSEL,EGFLAM,ENSG00000255410,ENSG00000288659,ERO1A,FAM107B,HS3ST3B1,IFNG,IGF1,JDP2,KSR2,L3MBTL4,LINC00433,MAGI1,MYOM2,OTOP1,PCDH18,PDE5A,PDHA2,PDXK,POT1,PRMT6,PTPRZ1,PWRN2,SDK1,SLC25A37,SMARCA2,TBX1,TCP11L2,TEN1-CDK3,TMEM130,TNS1,TTC3,VCPKMT
1971	ACAA2,ACOX2,AHI1,ARMC9,ATP10B,CACNG7,CALN1,CDH13,CDH8,CSMD1,CTSO,DDX11,ENSG00000256566,ENSG00000272632,ENSG00000289503,FAM110B,HACE1,HK3,INPP4B,ISG20,KCNT2,LGSN,MAF,MYO10,NAV2,NOVA1,OPCML,OR7D4,PCDH15,PENK-AS1,PNPLA3,PRAME,RHOBTB1,RIT2,RUNX1,SBSPON,SIAH2,SLC6A6,SLC8A1,SOX11,ST8SIA2,SUCLG2,SYK,TECTB,TENM3,TGFBR2,THBS1,TNFSF10,ZNF429
1972	ACTR3B,ADH1C,ANO1,APOBEC4,ARHGAP42,ATP6V1C1,CABLES1,CAP1,CAPN10,CCDC6,CCND2,DGAT2,DMBT1,ENSG00000269935,ETS1,GPC5,GPR137B,GRIN2A,HMGN3,ICE1,ING2,INSIG1,KCNJ18,KIF16B,LIMD1,LINC00578,LPP,MARCHF1,MED13L,MICAL3,MPDZ,NR3C1,NRG1,NRXN1,PDE3A,PDIA5,PMM2,PPP1R3B,RESF1,RRM2,SH3BP4,SLC6A11,SOX5,SPOCK3,TFPI2,TNFRSF8,TRPS1,TSNARE1
1973	ACOXL,ADGRL2,AKAIN1,ALG8,C1D,CACNG6,CSGALNACT1,CXCL12,CYP4F11,CYSLTR2,DLGAP1,DUSP4,ENSG00000281883,ENSG00000284882,FBLN2,FBXW7,FSTL5,GNAS,GPR85,GRIK2,GUCY1A2,HAO1,HMX1,IQSEC1,KDM4B,KHDRBS3,LINC02889,MBL2,MED13L,MRPS27,MYL12A,NACC2,PAK1,PIEZO2,PRL,PRRC2C,PSG7,RABL2A,RAP1GAP2,RAPGEF2,RAPGEF5,RBFOX3,SERPINB8,SOBP,TMEM178B,TTK,VAV3,WLS
1974	ACTMAP,BEND4,C8orf90,CACUL1,CDH7,CDH9,CDK17,CMAS,CNTNAP5,CORIN,EEF1E1,ERGIC1,FAM98A,GABRG3,GNG7,GOLIM4,GPRIN3,HLA-DQA2,HNRNPH1,HS3ST1,HS6ST1,JAK1,KCNB2,LINC00674,LINC00964,MDN1,MED13L,MRPL39,MTHFD1L,MX1,NALCN,NBEA,PARD3,PNPLA3,PRDM16,PSTPIP2,RALYL,RIMS3,RXRG,SETX,SGPP1,TAF1C,TUT7,UGT2A2,UNC13C,UQCRFS1,UXS1,WARS2,ZNF213-AS1
1975	ADAMTS16,ADGRL2,ADRB2,AGBL1,AKNA,APC2,ATXN7L1,CBLN4,CCDC71L,CDH13,CEP170,CERS4,CLUL1,CNTLN,CRYBB1,CST3,DCBLD2,ENSG00000272161,ENSG00000287488,FAT2,FOXF1,FOXL1,GNAI1,GPLD1,GRID2,HBA1,IGFBP7,IRX1,KCTD8,LDHC,MAP3K5,MRPL19,NTF3,PACRG-AS3,PHF21B,PHYHIP,PXDN,RDH13,SEL1L,SNRPN,TATDN1,TBC1D31,TENM3,TG,TRIM5,VDR,VPREB1,ZFPM1,ZNF236
1976	ADRA1B,ARL6IP6,ATL3,BRINP3,CARHSP1,CNTNAP2,COG6,CRY1,CRYBA4,CRYBB1,CRYL1,DCLRE1A,EIPR1,ELP1,ENSG00000274718,FLRT2,GABBR2,GATA3,GGTLC1,GNGT1,ICA1,LINC01257,LY86,NCF2,NDUFAF4,NME2,NTSR1,OR6N1,PAX5,POLE4,PRLR,PTPRR,PXDNL,RASGRP3,RBFOX1,SH3TC2,SLC12A2,SORL1,ST3GAL6,STK32A,TAF2,THSD4,TMPO,TRIM5,TRIML1,TTC4,WLS,ZMAT4,ZNF217
1977	ACO1,ADARB2,BCHE,BLID,BMPR1B,CCDC110,CDH18,CXCR4,DNAH11,ENSG00000259164,ENSG00000259280,FSTL4,GTF2I,HACE1,HDAC4,HMHB1,HSD17B4,INSC,KIT,KRT72,LINC02050,LY86,LZTS1,MARK1,MRPL3,MYO10,MYOM1,NPY2R,NRIP1,PALM2AKAP2,PHACTR3,POM121L12,PRDM9,PRKG1,PTPRT,RHOB,SEC23IP,SLC12A7,SLC8A1,SMYD2,STOX2,TECRL,TNFSF13B,TNIK,WNT3A,ZBED5,ZDHHC11,ZNF83
1978	ADRB2,ANO3,ARHGAP45,CAMTA1,CCDC62,CCNY,CDC14C,CDH22,CDH8,CEACAM7,COP1,CYB5D1,DLK1,EML1,ENSG00000203335,FLRT2,GALNT17,GRIK1,HERC2,HGF,HMGN1,INSC,KCNH5,KCNJ12,KCNT2,LINS1,MB,MGAT4C,MN1,MYH10,NCAM2,NDFIP1,NPIPA8,NSMCE1,NUF2,PPM1F,PRAG1,PTPRM,RGS6,RMI2,SEMA6D,SGCZ,SNX9,ST8SIA1,TIFAB,TRAM1L1,VGLL4,VPREB1,ZNF415
1979	ABRACL,AGBL1,AMY1C,ARHGEF26,ARL15,ASAP3,ATP11A,BEND4,BUD13,CATSPERB,CEP192,CNTNAP5,CTBP2,DDAH1,DIAPH3,DPF3,DPP6,DZANK1,EIF4E1B,ENSG00000284686,ERG,FABP12,FAM241B,FAM86B2,FN1,GCFC2,GPR12,GPR158,HS3ST1,IRX1,KLHDC4,MED13L,MMD,PCDH7,PDZD2,PRAME-AS,PTPRB,SDK1,SERPINB8,SLC7A10,SMYD3,SOX11,SPOCK3,TNFRSF19,TOX,TPP2,TUSC1,ZFYVE21,ZNF536
1980	ACSL3,AGA,ALG10B,ARAP2,C9orf72,CA10,CCDC82,CDHR3,CECR2,CENPP,CFAP410,CNTN5,CPE,DIO3,DSC3,ENSG00000250658,EPHB1,EVC2,GADL1,GRM7,HECW1,HIF3A,HSF2,KDM8,LARGE1,LINC00658,MRPL39,MYCN,NAV3,NCAM2,NEIL2,NELL1,PAX7,PINX1,PPARA,PROK2,PSMB9,PTPRK,SCUBE2,SDCCAG8,SEMA3D,SGCD,STK32B,TBC1D2,TES,THSD7B,TNP1,UBE2QL1,WDR17
1981	ADGRL3,CA6,CARS2,CBLN4,CCBE1,CCDC59,CHRM3-AS2,CNBD1,COL13A1,COL8A1,DNAH9,DPPA4,ENSG00000237320,ENSG00000288895,FARP1,FMN2,GPR26,GRIK2,HS3ST3A1,LINC-PINT,LINC00525,LINC02109,LRRTM4,MAD2L1,MC3R,MCPH1,MED13L,MGMT,MROH7,MYOZ2,NCAM2,NT5C1B,OSR1,PCSK2,PDGFD,PHTF2,PLA2G4A,POM121,PSMG2,QKI,RIMBP2,SEPTIN9,SLC39A8,SLC6A5,TBX18,TOP1MT,ZPLD1
1982	ACOT8,ANO5,APOL6,CACNG3,CAPN13,CCL2,CDH9,CELF2,CHN2,CWC22,DAAM1,DHRS7C,ENSG00000287871,EPHA6,FFAR2,FGF12,FRY,GATA3,GPR39,HEMK2,HTR2A,IPO8,KLHL5,LRRC20,MPPED2,MRPL18,MYRIP,PDSS1,PLD5,POM121L12,PPP1R14C,PTER,RIMS1,RWDD3,SGCZ,SLC6A5,SMARCA2,SPP2,ST8SIA6,TAFA5,TBC1D22A,TLL2,TLN2,TMEM163,TMEM273,TSPAN32,TUSC1,ZNF804A,ZNRF4
1983	AFG2A,ANK3,ARAP2,ATP13A3,C10orf90,CDH18,CLCA4-AS1,COBL,COX7C,CYLC2,CYRIA,DTWD2,ENSG00000258760,ERG,FCN2,FHIT,HKDC1,HMX3,HTR2A,ITPA,KIF14,LINC00290,LUZP2,MAPK10,MINPP1,MRPS22,PALMD,PCDH10,PKNOX1,PRR5L,RABGGTA,RAI14,RASSF2,RBFOX1,RNASE3,RPAP3,RPL31,SBK1,SGCD,SLC22A2,SNX29,SOX11,TBX3,TCP11L1,THY1,TNRC6C,WIPF3,XKR4,ZNF317
1984	ALX4,ARHGEF18,ATP10B,B4GALT5,CACNB2,CCDC82,CDH9,CRIP3,CTNNA2,CYTH1,DTWD2,ENSG00000253286,FAM181B,FBXL7,GMNC,GPC1,GPRIN3,HPS1,HS3ST5,HSP90B1,HSPA12A,ITGAE,KLK5,LINC02883,LRRC25,MMP16,MYC,NDE1,OR1N2,PCDH10-DT,RAB31,RFX3,SLC44A1,SLC8A1,SORCS2,SPAG6,SPDYE21,SPG7,SULF2,TAFA5,TENM4,TMTC1,TRPC6,VRK1,WDR72,ZC2HC1A,ZDHHC14,ZHX2,ZNF37A
1985	ACO1,ADGRD1,AHR,AMY1C,ARRDC4,ASIC2,BRINP3,C1QTNF7-AS1,CAMK4,CANT1,CCK,CLSTN2,CNTN5,CSMD1,DENND5B-AS1,DSP,ENSG00000233290,EPB41L4A,FLVCR1-DT,FOXQ1,FRMD4A,GATA3,GATA6,GPR45,GRM8,GTPBP10,HTR4,LRRC4C,LURAP1L,MAML3,MEX3C,MYO10,NPHP4,NRIP1,POP4,PPP1R3A,PTPRG,RAB17,RNASET2,SGCZ,SLC6A5,STIM2,TANC1,TENM3,TGFBR2,TMEM132D,TMPRSS15,XPO4,ZNF532
1986	ADGRB1,ASCL2,C1orf174,CALM3,CDH12,CLCN7,CNTN5,CNTNAP2,CSMD1,CTNNB1,ENSG00000259543,EPN3,FAM90A26,FHIT,GLRA1,GOLM1,HHIPL1,IL6,IMMP2L,ING3,KDM5B,LRFN5,LRRC4C,LRRN2,MACC1,MECOM,MTIF3,NOMO3,NPVF,PDE3A,PFKP,SMIM30,SNTB1,SNTG1,SOX4,SPAG7,STK39,SV2B,TAFA2,TBC1D7,THAP7-AS1,TMEM232,TMPRSS15,TNFRSF19,TRIML1,UFM1,URB1,UST
1987	ACTMAP,ADAMTS18,BEND7,BOD1L1,BPNT2,CD200,CHRNA3,CLPTM1L,CNTNAP5,COL22A1,DLC1,DOCK7,ENSG00000289564,EPHA6,FOXL1,GABRA6,GRM1,HAPSTR1,HEMK2,HS3ST3B1,IGFBP7,IGLV3-25,IRX2,KLHL1,LAMA1,MACROD2,MS4A6A,NALCN,NOVA1,NUF2,OLIG3,RAB6B,RGMA,RHOH,SGPL1,SPATA17,SUCLG2,SVIL,TEAD4,TENM3,TMEM132D,TMTC4,TPP2,TTC7A,USP24,ZFPM2,ZMYND8,ZNF627
1988	AGA,ALDH7A1,ASIC2,CCDC69,CCSER1,CD5L,CEP104,CHCHD3,CRIM1,DLGAP2,ENSG00000250842,ENSG00000258773,EPHA4,EPHX1,FAM13A,FGGY,FRMD4A,GPC5,IQGAP2,IRF8,KCNJ16,KCTD1,ME3,MX1,MYRIP,NAALADL2,NOD1,NPHP4,NR2F2,OLFM3,OR56A3,PDIA5,PGCKA1,POM121L12,REEP1,REG3G,RIOK2,RWDD2B,SH2B3,SIGLEC12,SLC35D3,SLC66A3,SMC2,SYNE1,TFAP2A,TLL1,TRIB1,USP25
1989	ACKR3,ACTRT2,AGA,AKAIN1,ALKAL2,ANO1,C7orf78,CCDC91,CCT3,CDH26,CHST11,CNOT1,CNTN5,COG5,CRIM1,CTDNEP1,DLC1,ENSG00000286221,FAT4,FBXL17,GADL1,GATA4,GKN2,IRX6,LINC00408,LRATD2,MDGA2,OSR1,P2RY1,PAPPA,PCDH10,PLXND1,POM121L12,PRKAG2,PRR16,RPP38,SFMBT2,SLC13A4,SMOC2,TCIM,TECRL,TENM4,TLL1,TMEM119,TMEM128,TMEM51,YPEL2,ZNF516,ZP4
1990	ADAM29,ADCY2,AMOTL1,ASB18,C1GALT1,CADM2,CDYL,CNTNAP5,COLEC11,DAAM1,DAB1,DMRTA1,DSCAM,EHD3,ENSG00000276997,ENSG00000286975,ENSG00000287694,FARP1,FBXO44,GRAMD1B,GRM7,INTU,KCNMB2,KCNS3,KIF16B,KLHL1,LINC02391,LRGUK,LRP1B,LRRFIP1,MAEA,MKLN1,NT5C1A,NUP35,NYAP2,PLAUR,PTN,RAB5A,RHOU,RIPK4,SGCG,SGIP1,SH2D4A,SLC13A3,SLC2A1,ST6GAL2,TTC7B,TXN2,ZNF385B
1991	AADAT,AKAP11,BNC2,CARD10,CDH2,CEBPA,CLDN16,CSMD1,DICER1,DTHD1,ELF1,GDF6,GREB1,KLHL5,LDB2,METAP2,MREG,MRPL39,MYEOV,MYO15B,NAPSA,NAXD,NCAM2,NDST3,NR2F2,OR6J1,PEX5L,PID1,PLCB1,PRICKLE1,PTPRD,PTPRO,RYR3,SALL3,SDC3,SFRP2,SLC23A2,SOX11,SPATA19,SPOCK3,STARD4,TAFA5,TIMM13,TMEM132B,UBE2G1,WDR27,ZFPM2,ZNF467,ZNF572
1992	AADAT,ACTR3B,ADH1B,ALPK2,ARL4A,BAG3,CD2,CENPC,CNTNAP2,CPNE4,CREB5,CRYBG1,DDX11,DGKI,ENGASE,ENSG00000253177,FRMD4A,GALNT17,GLI2,GRIN2A,HGS,IGF1R,IRX1,JUN,KIF16B,KIF21B,KLHL25,LPIN2,NEK10,OPRM1,OPTN,PCDH15,PKD1L1,PLPPR1,PRDM2,PROM1,RALYL,RASGEF1B,SEL1L,SLC24A4,SLC27A1,TBC1D2,TENM4,TLE3,TLK1,TSNARE1,TYRP1,VRK1,YEATS2
1993	ADA2,ADAMTS18,ARHGAP45,ARL4A,ARRB1,AXIN2,BAIAP2,CDH13,CELF2,CXCL12,ENSG00000239920,FAM76B,FLRT2,GRIN2A,GRM7,IRX2,KCNA5,KCNK9,LIMCH1,LINGO2,LOXL2,MAGI1,MSX2,MYO1C,MYOZ2,NCAM2,NKAIN2,NR5A2,NRTN,PCDH7,PCDH9,PKIB,PRKCQ,PSAT1,RBCK1,RGL4,ROR2,SI,STK32B,STOX2,SUCLG1,SULT1A1,TLL1,TSKU,TTLL7,VLDLR,WNT16,ZHX2
1994	ARHGAP20,ARHGAP44,ASTN2,C5orf46,CDH19,CDH6,CNTN4,COX11,CSMD1,DDO,DGKB,DOK5,ENSG00000286221,ENSG00000287072,EXOC2,FAM181B,GFRA2,HGF,HLA-DRB5,IFTAP,IRX1,KCNB2,KCNS3,KIRREL3,MEIS1,MRPL39,NALCN,PCDH7,PENK,PPAT,RNASEH2B,SCNN1B,SLC12A8,SLC35F1,SORCS1,SUCLA2,TACC2,TBC1D22A,TLE3,TLE4,TRIM29,TSPAN33,VIT,XRCC2,ZNF195,ZNF484,ZNF737,ZP4
1995	AGA,AHR,AIMP1,BRINP2,CDH13,CNTNAP4,COBL,COL5A1,COPS8,DET1,DGKG,DIRAS2,DRC8,EAPP,ENSG00000253206,ENSG00000285082,ENSG00000289540,FOXK1,GOLM1,ICA1,JAG1,LIG1,LINGO2,MMP8,NUCB1,OR4E1,PDGFC,PEX2,POU3F3,PRICKLE2,PRND,RIMBP2,RIOK2,RPLP0,SAMD12,SCYGR1,SHISA6,SLC12A8,SPRY2,TBX20,TECRL,TNFRSF9,TSPAN11,VEGFC,WWOX,ZPLD1
1996	ADARB2,ARHGAP12,CDH6,CLDND1,CYB5R1,DLG2,DSC2,DTD1,EEF1E1,ENC1,ERI1,EVA1A,FECH,FGFR2,FMN2,FSCB,GSDMD,IL1RN,IRX1,KIF26B,LCT,LRATD1,LRRC4C,MC5R,MSR1,MTSS1,NBAS,NELL1,NOVA1,PDE10A,RHOU,ROBO2,RORA,SALL4,SEMA3C,SI,SMPD4,SOCS6,STEAP4,SYT17,TAMM41,TENM3,THSD7B,TMEM132B,TP73,TTC14,USP8
1997	ADCY8,AGBL1,ALOX5AP,ARHGEF10L,BHLHE40,C2CD4B,CABP1,CDH6,COG2,CST6,CTNND2,DGKB,DLG2,DNAH11,EOGT,FGGY,GASK1B,GDF7,GDNF-AS1,GNG7,GSTA1,HMGCS2,HPF1P1,IGLL5,KLRK1-AS1,LINC01233,MAF,MRPL36,MYT1L,NEDD4L,PCDH15,PDCD6P1,POLR1F,RASSF9,RBFOX1,RBM25,SCUBE1,SEL1L3,SH2D3A,STIM2,STMN2,SVOPL,TECRL,TFEC,TPD52,TRPM8,VAPB,ZFYVE27
1998	ACO1,ADGRE3,APP,ARHGEF4,BCL2L13,CARD8,CCL24,CD207,CDC5L,CDK14,CREB5,CST7,CXXC4,DDX60L,DTWD2,EIF2A,ENSG00000267199,ENSG00000285715,GCNT2,GRIK2,HGF,IL2RB,ITGA6,KCNK1,KCNT2,LCORL,LRRTM4,MCPH1,METTL4,MOBP,NXPH1,PAK1,PCDH18,PCED1B,PDE5A,PLOD1,PLPPR4,POM121L12,PPM1N,PRR20A,RASEF,RNF6,SLC38A1,STK24,TLL1,TMEM132B,TOX2,TRAF1,TSPAN8
1999	ACO1,ADCYAP1,AGBL1,ARAP2,BNIP5,CAPN14,CASP3,CCSER1,CDH4,CFHR3,CNTNAP5,COA6-AS1,COPRS,CSMD2,CSTB,DGKG,DLGAP1,DROSHA,DTHD1,ENSG00000269043,GSDMC,HPS5,KCNA4,LILRA2,LUZP2,MAP2K4,MCF2L2,MGAM,MRFAP1L2,NR3C2,OSTF1,OTUD1,PARD3B,PMEPA1,PPP1R21,PTPRD,RBFOX1,SH3TC1,SLC22A23,SLC2A7,SNAI1,ST3GAL1,TFAP2C,TIMM22,TLE4,UTRN,VNN2,ZFAT,ZNF462
